ISO-10303-21;
HEADER;
FILE_DESCRIPTION (( 'STEP AP203' ),
    '1' );
FILE_NAME ('Cycloidal_pin.STEP',
    '2025-05-17T15:36:11',
    ( '' ),
    ( '' ),
    'SwSTEP 2.0',
    'SolidWorks 2023',
    '' );
FILE_SCHEMA (( 'CONFIG_CONTROL_DESIGN' ));
ENDSEC;

DATA;
#1 = EDGE_LOOP ( 'NONE', ( #463, #79 ) ) ;
#2 = PERSON_AND_ORGANIZATION_ROLE ( 'creator' ) ;
#3 = CARTESIAN_POINT ( 'NONE',  ( -0.009170354184193773434, -0.003424191486463095974, 0.001500000000000000031 ) ) ;
#4 = APPLICATION_CONTEXT ( 'configuration controlled 3d designs of mechanical parts and assemblies' ) ;
#5 = CARTESIAN_POINT ( 'NONE',  ( -0.02407865450329701659, 0.008758945615855235484, 0.01200000000000000198 ) ) ;
#6 = LOCAL_TIME ( 17, 36, 11.00000000000000000, #65 ) ;
#7 = CARTESIAN_POINT ( 'NONE',  ( -0.02106924402489153414, -0.01058544570780713297, 0.005499999999999998813 ) ) ;
#8 = VERTEX_POINT ( 'NONE', #281 ) ;
#9 = CARTESIAN_POINT ( 'NONE',  ( -0.008476828730785776131, -0.004378747381920437658, 0.002000000000000000042 ) ) ;
#10 = CARTESIAN_POINT ( 'NONE',  ( -0.009708895118153556755, 0.009991012003223019577, 0.007000000000000000146 ) ) ;
#11 = CARTESIAN_POINT ( 'NONE',  ( 0.01930511973269867856, -0.009213694292192865093, 0.01549999999999999989 ) ) ;
#12 = VERTEX_POINT ( 'NONE', #560 ) ;
#13 = CARTESIAN_POINT ( 'NONE',  ( -0.009170354184193773434, 0.003424191486463100311, 0.01849999999999999908 ) ) ;
#14 = CARTESIAN_POINT ( 'NONE',  ( -0.002449999999999999487, 0.01234957000000000069, 0.005000000000000000104 ) ) ;
#15 = CARTESIAN_POINT ( 'NONE',  ( 0.01734913999999999207, -0.01234957000000000416, 0.01499999999999999944 ) ) ;
#16 = CARTESIAN_POINT ( 'NONE',  ( -0.009899569999999999897, 1.212347671343516232E-18, 0.000000000000000000 ) ) ;
#17 = CARTESIAN_POINT ( 'NONE',  ( -0.01303544570780714069, -0.01861924402489152988, 0.01949999999999999997 ) ) ;
#18 = CARTESIAN_POINT ( 'NONE',  ( -0.01419513902194314246, -0.003816227003223017934, 0.01099999999999999936 ) ) ;
#19 = CARTESIAN_POINT ( 'NONE',  ( 0.0009741914864630993060, 0.006720354184193771778, 0.01349999999999999985 ) ) ;
#20 = CARTESIAN_POINT ( 'NONE',  ( -0.002449999999999999487, 0.01234957000000000069, 0.005000000000000000104 ) ) ;
#21 = CARTESIAN_POINT ( 'NONE',  ( 0.006308945615855237297, 0.02162865450329701233, 0.007000000000000000146 ) ) ;
#22 = CARTESIAN_POINT ( 'NONE',  ( 0.003226474273747355088, 0.01114070804388627919, 0.003499999999999999205 ) ) ;
#23 = CARTESIAN_POINT ( 'NONE',  ( 0.001928747381920440122, 0.006026828730785774475, 0.01300000000000000114 ) ) ;
#24 = CARTESIAN_POINT ( 'NONE',  ( -0.006266227003223019155, 0.01174513902194314167, 0.006000000000000000125 ) ) ;
#25 = CIRCLE ( 'NONE', #482, 0.009899569999999999897 ) ;
#26 = CARTESIAN_POINT ( 'NONE',  ( -0.02011447123085977756, -0.01163909335208835119, 0.01799999999999999864 ) ) ;
#27 = CARTESIAN_POINT ( 'NONE',  ( 0.009899569999999999897, 0.000000000000000000, 0.02000000000000000042 ) ) ;
#28 = CARTESIAN_POINT ( 'NONE',  ( -0.009170354184193773434, -0.003424191486463095974, 0.001500000000000000031 ) ) ;
#29 =( BOUNDED_SURFACE ( )  B_SPLINE_SURFACE ( 3, 2, ( 
 ( #262, #380, #658, #249, #526, #461, #311, #599, #590, #868, #864, #604, #244, #521, #536, #797, #180, #52, #184, #810, #253, #456, #452, #726, #114, #734, #662, #47, #316, #595, #730, #118, #123, #394, #57, #695, #421, #891, #887, #266, #270 ),
 ( #64, #348, #204, #213, #417, #626, #78, #549, #620, #612, #82, #217, #629, #559, #545, #554, #754, #485, #837, #820, #201, #760, #744, #828, #479, #475, #130, #209, #353, #68, #15, #11, #136, #685, #823, #404, #145, #141, #413, #343, #677 ),
 ( #691, #334, #834, #563, #280, #489, #73, #765, #149, #284, #749, #7, #275, #408, #680, #339, #616, #300, #289, #296, #502, #229, #585, #633, #841, #506, #859, #576, #225, #357, #770, #850, #170, #704, #442, #712, #775, #434, #638, #153, #783 ),
 ( #95, #493, #99, #28, #221, #426, #438, #165, #700, #716, #779, #104, #374, #652, #497, #157, #581, #708, #370, #647, #855, #33, #566, #305, #91, #86, #23, #19, #235, #510, #366, #787, #643, #430, #38, #161, #360, #293, #572, #846, #60 ),
 ( #239, #733, #125, #324, #535, #877, #383, #661, #51, #672, #729, #175, #113, #398, #122, #191, #465, #392, #809, #328, #800, #46, #669, #524, #314, #459, #607, #603, #183, #378, #739, #514, #791, #446, #257, #657, #455, #42, #721, #108, #594 ),
 ( #867, #309, #248, #589, #117, #665, #319, #56, #530, #863, #243, #725, #519, #387, #796, #598, #804, #872, #179, #252, #450, #188, #548, #347, #5, #269, #81, #694, #352, #265, #881, #484, #764, #77, #279, #625, #135, #407, #684, #420, #478 ),
 ( #148, #759, #832, #212, #144, #558, #261, #822, #679, #416, #203, #67, #208, #539, #10, #753, #129, #488, #814, #196, #470, #743, #403, #140, #676, #63, #332, #338, #611, #886, #615, #544, #890, #819, #690, #412, #200, #553, #474, #748, #72 ) ),
 .UNSPECIFIED., .T., .F., .F. ) 
 B_SPLINE_SURFACE_WITH_KNOTS ( ( 4, 3, 4 ),
 ( 3, 2, 2, 2, 2, 2, 2, 2, 2, 2, 2, 2, 2, 2, 2, 2, 2, 2, 2, 2, 3 ),
 ( 0.000000000000000000, 0.5000000000000000000, 1.000000000000000000 ),
 ( 0.000000000000000000, 0.05000000000000000278, 0.1000000000000000056, 0.1499999999999999944, 0.2000000000000000111, 0.2500000000000000000, 0.2999999999999999889, 0.3499999999999999778, 0.4000000000000000222, 0.4500000000000000111, 0.5000000000000000000, 0.5500000000000000444, 0.5999999999999999778, 0.6500000000000000222, 0.6999999999999999556, 0.7500000000000000000, 0.8000000000000000444, 0.8499999999999999778, 0.9000000000000000222, 0.9499999999999999556, 1.000000000000000000 ),
 .UNSPECIFIED. ) 
 GEOMETRIC_REPRESENTATION_ITEM ( )  RATIONAL_B_SPLINE_SURFACE ( (
 ( 1.000000000000000000, 0.9876883405951377704, 1.000000000000000000, 0.9876883405951377704, 1.000000000000000000, 0.9876883405951377704, 1.000000000000000000, 0.9876883405951377704, 1.000000000000000000, 0.9876883405951377704, 1.000000000000000000, 0.9876883405951377704, 1.000000000000000000, 0.9876883405951377704, 1.000000000000000000, 0.9876883405951377704, 1.000000000000000000, 0.9876883405951377704, 1.000000000000000000, 0.9876883405951377704, 1.000000000000000000, 0.9876883405951377704, 1.000000000000000000, 0.9876883405951377704, 1.000000000000000000, 0.9876883405951377704, 1.000000000000000000, 0.9876883405951377704, 1.000000000000000000, 0.9876883405951377704, 1.000000000000000000, 0.9876883405951377704, 1.000000000000000000, 0.9876883405951377704, 1.000000000000000000, 0.9876883405951377704, 1.000000000000000000, 0.9876883405951377704, 1.000000000000000000, 0.9876883405951377704, 1.000000000000000000),
 ( 0.3333333333333333703, 0.3292294468650459605, 0.3333333333333333703, 0.3292294468650459605, 0.3333333333333333703, 0.3292294468650459605, 0.3333333333333333703, 0.3292294468650459605, 0.3333333333333333703, 0.3292294468650459605, 0.3333333333333333703, 0.3292294468650459605, 0.3333333333333333703, 0.3292294468650459605, 0.3333333333333333703, 0.3292294468650459605, 0.3333333333333333703, 0.3292294468650459605, 0.3333333333333333703, 0.3292294468650459605, 0.3333333333333333703, 0.3292294468650459605, 0.3333333333333333703, 0.3292294468650459605, 0.3333333333333333703, 0.3292294468650459605, 0.3333333333333333703, 0.3292294468650459605, 0.3333333333333333703, 0.3292294468650459605, 0.3333333333333333703, 0.3292294468650459605, 0.3333333333333333703, 0.3292294468650459605, 0.3333333333333333703, 0.3292294468650459605, 0.3333333333333333703, 0.3292294468650459605, 0.3333333333333333703, 0.3292294468650459605, 0.3333333333333333703),
 ( 0.3333333333333333703, 0.3292294468650459605, 0.3333333333333333703, 0.3292294468650459605, 0.3333333333333333703, 0.3292294468650459605, 0.3333333333333333703, 0.3292294468650459605, 0.3333333333333333703, 0.3292294468650459605, 0.3333333333333333703, 0.3292294468650459605, 0.3333333333333333703, 0.3292294468650459605, 0.3333333333333333703, 0.3292294468650459605, 0.3333333333333333703, 0.3292294468650459605, 0.3333333333333333703, 0.3292294468650459605, 0.3333333333333333703, 0.3292294468650459605, 0.3333333333333333703, 0.3292294468650459605, 0.3333333333333333703, 0.3292294468650459605, 0.3333333333333333703, 0.3292294468650459605, 0.3333333333333333703, 0.3292294468650459605, 0.3333333333333333703, 0.3292294468650459605, 0.3333333333333333703, 0.3292294468650459605, 0.3333333333333333703, 0.3292294468650459605, 0.3333333333333333703, 0.3292294468650459605, 0.3333333333333333703, 0.3292294468650459605, 0.3333333333333333703),
 ( 1.000000000000000000, 0.9876883405951377704, 1.000000000000000000, 0.9876883405951377704, 1.000000000000000000, 0.9876883405951377704, 1.000000000000000000, 0.9876883405951377704, 1.000000000000000000, 0.9876883405951377704, 1.000000000000000000, 0.9876883405951377704, 1.000000000000000000, 0.9876883405951377704, 1.000000000000000000, 0.9876883405951377704, 1.000000000000000000, 0.9876883405951377704, 1.000000000000000000, 0.9876883405951377704, 1.000000000000000000, 0.9876883405951377704, 1.000000000000000000, 0.9876883405951377704, 1.000000000000000000, 0.9876883405951377704, 1.000000000000000000, 0.9876883405951377704, 1.000000000000000000, 0.9876883405951377704, 1.000000000000000000, 0.9876883405951377704, 1.000000000000000000, 0.9876883405951377704, 1.000000000000000000, 0.9876883405951377704, 1.000000000000000000, 0.9876883405951377704, 1.000000000000000000, 0.9876883405951377704, 1.000000000000000000),
 ( 0.3333333333333333703, 0.3292294468650459605, 0.3333333333333333703, 0.3292294468650459605, 0.3333333333333333703, 0.3292294468650459605, 0.3333333333333333703, 0.3292294468650459605, 0.3333333333333333703, 0.3292294468650459605, 0.3333333333333333703, 0.3292294468650459605, 0.3333333333333333703, 0.3292294468650459605, 0.3333333333333333703, 0.3292294468650459605, 0.3333333333333333703, 0.3292294468650459605, 0.3333333333333333703, 0.3292294468650459605, 0.3333333333333333703, 0.3292294468650459605, 0.3333333333333333703, 0.3292294468650459605, 0.3333333333333333703, 0.3292294468650459605, 0.3333333333333333703, 0.3292294468650459605, 0.3333333333333333703, 0.3292294468650459605, 0.3333333333333333703, 0.3292294468650459605, 0.3333333333333333703, 0.3292294468650459605, 0.3333333333333333703, 0.3292294468650459605, 0.3333333333333333703, 0.3292294468650459605, 0.3333333333333333703, 0.3292294468650459605, 0.3333333333333333703),
 ( 0.3333333333333333703, 0.3292294468650459605, 0.3333333333333333703, 0.3292294468650459605, 0.3333333333333333703, 0.3292294468650459605, 0.3333333333333333703, 0.3292294468650459605, 0.3333333333333333703, 0.3292294468650459605, 0.3333333333333333703, 0.3292294468650459605, 0.3333333333333333703, 0.3292294468650459605, 0.3333333333333333703, 0.3292294468650459605, 0.3333333333333333703, 0.3292294468650459605, 0.3333333333333333703, 0.3292294468650459605, 0.3333333333333333703, 0.3292294468650459605, 0.3333333333333333703, 0.3292294468650459605, 0.3333333333333333703, 0.3292294468650459605, 0.3333333333333333703, 0.3292294468650459605, 0.3333333333333333703, 0.3292294468650459605, 0.3333333333333333703, 0.3292294468650459605, 0.3333333333333333703, 0.3292294468650459605, 0.3333333333333333703, 0.3292294468650459605, 0.3333333333333333703, 0.3292294468650459605, 0.3333333333333333703, 0.3292294468650459605, 0.3333333333333333703),
 ( 1.000000000000000000, 0.9876883405951377704, 1.000000000000000000, 0.9876883405951377704, 1.000000000000000000, 0.9876883405951377704, 1.000000000000000000, 0.9876883405951377704, 1.000000000000000000, 0.9876883405951377704, 1.000000000000000000, 0.9876883405951377704, 1.000000000000000000, 0.9876883405951377704, 1.000000000000000000, 0.9876883405951377704, 1.000000000000000000, 0.9876883405951377704, 1.000000000000000000, 0.9876883405951377704, 1.000000000000000000, 0.9876883405951377704, 1.000000000000000000, 0.9876883405951377704, 1.000000000000000000, 0.9876883405951377704, 1.000000000000000000, 0.9876883405951377704, 1.000000000000000000, 0.9876883405951377704, 1.000000000000000000, 0.9876883405951377704, 1.000000000000000000, 0.9876883405951377704, 1.000000000000000000, 0.9876883405951377704, 1.000000000000000000, 0.9876883405951377704, 1.000000000000000000, 0.9876883405951377704, 1.000000000000000000) ) ) 
 REPRESENTATION_ITEM ( '' )  SURFACE ( )  );
#30 = CARTESIAN_POINT ( 'NONE',  ( 0.003576828730785774121, -0.004378747381920440260, 0.008000000000000000167 ) ) ;
#31 = CARTESIAN_POINT ( 'NONE',  ( -6.968842398332418531E-05, -0.02128525371454315085, 0.001500000000000000248 ) ) ;
#32 = CARTESIAN_POINT ( 'NONE',  ( -0.0004940202673013190625, -0.01234957000000000069, 0.01549999999999999989 ) ) ;
#33 = CARTESIAN_POINT ( 'NONE',  ( 0.004999569999999998321, 0.001179895975108453217, 0.01050000000000000065 ) ) ;
#34 = CARTESIAN_POINT ( 'NONE',  ( -0.002450000000000002523, -0.01234957000000000069, 0.01499999999999999944 ) ) ;
#35 = CARTESIAN_POINT ( 'NONE',  ( 0.009899569999999996428, 0.001955979732698683460, 0.0005000000000000000104 ) ) ;
#36 = CARTESIAN_POINT ( 'NONE',  ( 0.003176868287934344129, 0.02264632811726303985, 0.001000000000000000021 ) ) ;
#37 = EDGE_CURVE ( 'NONE', #409, #12, #396, .T. ) ;
#38 = CARTESIAN_POINT ( 'NONE',  ( -0.006828747381920436711, 0.006026828730785777945, 0.01700000000000000122 ) ) ;
#39 = CARTESIAN_POINT ( 'NONE',  ( 0.001928747381920436219, -0.006026828730785777077, 0.007000000000000000146 ) ) ;
#40 = CARTESIAN_POINT ( 'NONE',  ( 0.004808895118153555179, -0.009991012003223021312, 0.01700000000000000122 ) ) ;
#41 = CARTESIAN_POINT ( 'NONE',  ( 0.01779137380409672592, 0.01218458795433269119, 0.01849999999999999561 ) ) ;
#42 = CARTESIAN_POINT ( 'NONE',  ( -0.01827101994440422442, -0.01443687074161694589, 0.01849999999999999561 ) ) ;
#43 = FACE_OUTER_BOUND ( 'NONE', #692, .T. ) ;
#44 = CARTESIAN_POINT ( 'NONE',  ( -0.01166369429219285721, 0.02175511973269867935, 0.009499999999999998029 ) ) ;
#45 = CARTESIAN_POINT ( 'NONE',  ( 0.01539316026730130384, -0.01548544570780714148, 0.01449999999999999900 ) ) ;
#46 = CARTESIAN_POINT ( 'NONE',  ( 0.001863694292192864463, 0.02097903597510845236, 0.01049999999999999718 ) ) ;
#47 = CARTESIAN_POINT ( 'NONE',  ( -0.008126474273747357965, -0.01114070804388627919, 0.01349999999999999985 ) ) ;
#48 = EDGE_CURVE ( 'NONE', #142, #154, #362, .T. ) ;
#49 = CARTESIAN_POINT ( 'NONE',  ( 0.008690708043886280140, 0.005676474273747354575, 0.001500000000000000031 ) ) ;
#50 = CARTESIAN_POINT ( 'NONE',  ( 0.004808895118153555179, -0.009991012003223021312, 0.01700000000000000122 ) ) ;
#51 = CARTESIAN_POINT ( 'NONE',  ( 0.01407805738325424404, -0.01320323282610568437, 0.004000000000000000083 ) ) ;
#52 = CARTESIAN_POINT ( 'NONE',  ( -0.01359070804388627651, 0.005676474273747356310, 0.008500000000000000611 ) ) ;
#53 = CARTESIAN_POINT ( 'NONE',  ( -0.01479956999999999800, -0.001955979732698681726, 0.01050000000000000065 ) ) ;
#54 = CARTESIAN_POINT ( 'NONE',  ( -0.02011447123085977062, 0.01163909335208835466, 0.002000000000000000042 ) ) ;
#55 = CIRCLE ( 'NONE', #167, 0.002549999999999999750 ) ;
#56 = CARTESIAN_POINT ( 'NONE',  ( 0.02108753650182739955, 0.002040042283675828211, 0.003500000000000000073 ) ) ;
#57 = CARTESIAN_POINT ( 'NONE',  ( 0.004808895118153555179, -0.009991012003223021312, 0.01700000000000000122 ) ) ;
#58 = DESIGN_CONTEXT ( 'detailed design', #4, 'design' ) ;
#59 = CARTESIAN_POINT ( 'NONE',  ( 0.0009741914864630958366, -0.006720354184193774380, 0.006500000000000000569 ) ) ;
#60 = CARTESIAN_POINT ( 'NONE',  ( -0.009899569999999999897, 1.212347671343516232E-18, 0.02000000000000000042 ) ) ;
#61 = CARTESIAN_POINT ( 'NONE',  ( 0.009899569999999996428, -0.001955979732698686496, 0.01949999999999999997 ) ) ;
#62 = CARTESIAN_POINT ( 'NONE',  ( -0.005874191486463093727, 0.006720354184193775247, 0.01650000000000000078 ) ) ;
#63 = CARTESIAN_POINT ( 'NONE',  ( -0.01129131596255976248, -0.008841315962559758226, 0.01250000000000000069 ) ) ;
#64 = CARTESIAN_POINT ( 'NONE',  ( 0.009899569999999999897, 0.01979913999999999633, 0.000000000000000000 ) ) ;
#65 = COORDINATED_UNIVERSAL_TIME_OFFSET ( 1, 0, .AHEAD. ) ;
#66 = CARTESIAN_POINT ( 'NONE',  ( 0.01868214484482579735, 0.0009666913580880856505, 0.01400000000000000029 ) ) ;
#67 = CARTESIAN_POINT ( 'NONE',  ( -0.004405979732698683815, 0.01234957000000000069, 0.005499999999999999681 ) ) ;
#68 = CARTESIAN_POINT ( 'NONE',  ( 0.01539316026730130384, -0.01548544570780714148, 0.01449999999999999900 ) ) ;
#69 = ORIENTED_EDGE ( 'NONE', *, *, #494, .F. ) ;
#70 = CARTESIAN_POINT ( 'NONE',  ( 0.000000000000000000, 0.000000000000000000, 0.000000000000000000 ) ) ;
#71 = CARTESIAN_POINT ( 'NONE',  ( 0.01883525371454314659, -0.002380311576016682674, 0.01349999999999999985 ) ) ;
#72 = CARTESIAN_POINT ( 'NONE',  ( 0.009899569999999999897, 0.000000000000000000, 0.02000000000000000042 ) ) ;
#73 = CARTESIAN_POINT ( 'NONE',  ( -0.02284658811592923250, 0.005610813769288219149, 0.003000000000000000496 ) ) ;
#74 = ORIENTED_EDGE ( 'NONE', *, *, #719, .T. ) ;
#75 = PERSON_AND_ORGANIZATION ( #301, #520 ) ;
#76 = CARTESIAN_POINT ( 'NONE',  ( 0.004270354184193770990, -0.003424191486463099444, 0.008500000000000000611 ) ) ;
#77 = CARTESIAN_POINT ( 'NONE',  ( -0.01463458795433269892, -0.02024137380409672671, 0.01650000000000000078 ) ) ;
#78 = CARTESIAN_POINT ( 'NONE',  ( -0.01120894561585523627, 0.02162865450329701233, 0.003000000000000000496 ) ) ;
#79 = ORIENTED_EDGE ( 'NONE', *, *, #395, .F. ) ;
#80 = CARTESIAN_POINT ( 'NONE',  ( 0.006391315962559756571, -0.01950792251731531951, 0.002500000000000000052 ) ) ;
#81 = CARTESIAN_POINT ( 'NONE',  ( -0.02572673585216235514, 0.001646630496850976866, 0.01300000000000000114 ) ) ;
#82 = CARTESIAN_POINT ( 'NONE',  ( -0.02224913999999999711, 0.01234957000000000242, 0.005000000000000000104 ) ) ;
#83 = CARTESIAN_POINT ( 'NONE',  ( -0.006828747381920440181, -0.006026828730785775343, 0.003000000000000000062 ) ) ;
#84 = CARTESIAN_POINT ( 'NONE',  ( -0.02284658811592923250, -0.005610813769288210476, 0.01700000000000000122 ) ) ;
#85 = LINE ( 'NONE', #94, #321 ) ;
#86 = CARTESIAN_POINT ( 'NONE',  ( 0.002883303277377780287, 0.005333303277377778040, 0.01250000000000000069 ) ) ;
#87 = ORIENTED_EDGE ( 'NONE', *, *, #686, .F. ) ;
#88 = CARTESIAN_POINT ( 'NONE',  ( 0.01539316026730130904, 0.01548544570780713628, 0.005499999999999998813 ) ) ;
#89 = CARTESIAN_POINT ( 'NONE',  ( 0.006391315962559757438, 0.008841315962559759961, 0.002500000000000000052 ) ) ;
#90 = LOCAL_TIME ( 17, 36, 11.00000000000000000, #741 ) ;
#91 = CARTESIAN_POINT ( 'NONE',  ( 0.003576828730785776723, 0.004378747381920436790, 0.01200000000000000025 ) ) ;
#92 = CARTESIAN_POINT ( 'NONE',  ( -0.01129131596255976248, -0.008841315962559758226, 0.01250000000000000069 ) ) ;
#93 = CARTESIAN_POINT ( 'NONE',  ( 0.01852903597510845157, -0.004313694292192863516, 0.005499999999999998813 ) ) ;
#94 = CARTESIAN_POINT ( 'NONE',  ( 9.999999999999939493E-05, 3.122849337825750312E-19, 0.02700000000000000316 ) ) ;
#95 = CARTESIAN_POINT ( 'NONE',  ( -0.009899569999999999897, 1.212347671343516232E-18, 0.000000000000000000 ) ) ;
#96 = CARTESIAN_POINT ( 'NONE',  ( -0.01479957000000000147, 1.512386137134617989E-18, 0.01000000000000000021 ) ) ;
#97 = CARTESIAN_POINT ( 'NONE',  ( 0.01705792251731531872, 0.008841315962559753022, 0.007499999999999999722 ) ) ;
#98 = CARTESIAN_POINT ( 'NONE',  ( -0.01419513902194314073, 0.003816227003223020536, 0.009000000000000001055 ) ) ;
#99 = CARTESIAN_POINT ( 'NONE',  ( -0.009534962092096886666, -0.002302043730785775354, 0.001000000000000000021 ) ) ;
#100 = CARTESIAN_POINT ( 'NONE',  ( -0.004405979732698686417, -0.01234956999999999895, 0.01450000000000000074 ) ) ;
#101 = CC_DESIGN_PERSON_AND_ORGANIZATION_ASSIGNMENT ( #682, #272, ( #518 ) ) ;
#102 = CARTESIAN_POINT ( 'NONE',  ( -0.009708895118153556755, 0.009991012003223019577, 0.007000000000000000146 ) ) ;
#103 = CARTESIAN_POINT ( 'NONE',  ( -0.005000000000000000104, 0.000000000000000000, 0.02000000000000000042 ) ) ;
#104 = CARTESIAN_POINT ( 'NONE',  ( -0.001270104024891546488, -0.007449569999999999109, 0.005499999999999999681 ) ) ;
#105 = CARTESIAN_POINT ( 'NONE',  ( 0.004999569999999998321, 0.001179895975108453217, 0.01050000000000000065 ) ) ;
#106 = CARTESIAN_POINT ( 'NONE',  ( -0.02546593520249729528, 0.005333303277377781509, 0.01250000000000000069 ) ) ;
#107 = CARTESIAN_POINT ( 'NONE',  ( -0.02509632811726304757, 0.005626868287934347519, 0.006000000000000000992 ) ) ;
#108 = CARTESIAN_POINT ( 'NONE',  ( -0.01303544570780714069, -0.01861924402489152988, 0.01949999999999999997 ) ) ;
#109 = DIRECTION ( 'NONE',  ( 1.000000000000000000, -6.123233995736766036E-17, 0.000000000000000000 ) ) ;
#110 = CARTESIAN_POINT ( 'NONE',  ( -0.01244101200322302037, -0.007258895118153556834, 0.01200000000000000025 ) ) ;
#111 = CARTESIAN_POINT ( 'NONE',  ( -0.01463458795433269372, 0.02024137380409672671, 0.003500000000000000073 ) ) ;
#112 = EDGE_CURVE ( 'NONE', #8, #701, #186, .T. ) ;
#113 = CARTESIAN_POINT ( 'NONE',  ( 0.01868214484482579735, -0.0009666913580880944325, 0.006000000000000000992 ) ) ;
#114 = CARTESIAN_POINT ( 'NONE',  ( -0.01244101200322302037, -0.007258895118153556834, 0.01200000000000000025 ) ) ;
#115 = CARTESIAN_POINT ( 'NONE',  ( -0.004405979732698683815, 0.01234957000000000069, 0.005499999999999999681 ) ) ;
#116 = CARTESIAN_POINT ( 'NONE',  ( 0.01734913999999999207, -0.01234957000000000416, 0.01499999999999999944 ) ) ;
#117 = CARTESIAN_POINT ( 'NONE',  ( 0.01917865450329701155, -0.008758945615855235484, 0.002000000000000000042 ) ) ;
#118 = CARTESIAN_POINT ( 'NONE',  ( -0.0004940202673013190625, -0.01234957000000000069, 0.01549999999999999989 ) ) ;
#119 = CARTESIAN_POINT ( 'NONE',  ( 0.003226474273747353353, -0.01114070804388628093, 0.01650000000000000078 ) ) ;
#120 = PRODUCT_DEFINITION_FORMATION_WITH_SPECIFIED_SOURCE ( 'ANY', '', #738, .NOT_KNOWN. ) ;
#121 = CARTESIAN_POINT ( 'NONE',  ( -0.01793544570780714054, -0.01784316026730130289, 0.009499999999999998029 ) ) ;
#122 = CARTESIAN_POINT ( 'NONE',  ( 0.01794658811592923092, 0.005610813769288214813, 0.007000000000000000146 ) ) ;
#123 = CARTESIAN_POINT ( 'NONE',  ( 0.001366227003223016712, -0.01174513902194314167, 0.01600000000000000033 ) ) ;
#124 = CARTESIAN_POINT ( 'NONE',  ( -0.009534962092096886666, -0.002302043730785775354, 0.001000000000000000021 ) ) ;
#125 = CARTESIAN_POINT ( 'NONE',  ( -0.003416691358088093378, -0.02113214484482579814, 0.001000000000000000021 ) ) ;
#126 = FACE_OUTER_BOUND ( 'NONE', #1, .T. ) ;
#127 = COORDINATED_UNIVERSAL_TIME_OFFSET ( 1, 0, .AHEAD. ) ;
#128 = CARTESIAN_POINT ( 'NONE',  ( 0.006391315962559761775, 0.01950792251731531257, 0.01750000000000000167 ) ) ;
#129 = CARTESIAN_POINT ( 'NONE',  ( -0.01244101200322302037, 0.007258895118153559436, 0.008000000000000000167 ) ) ;
#130 = CARTESIAN_POINT ( 'NONE',  ( 0.006308945615855232961, -0.02162865450329701580, 0.01300000000000000114 ) ) ;
#131 = PERSON_AND_ORGANIZATION ( #301, #520 ) ;
#132 = LOCAL_TIME ( 17, 36, 11.00000000000000000, #551 ) ;
#133 = CARTESIAN_POINT ( 'NONE',  ( -0.008476828730785776131, 0.004378747381920441127, 0.01800000000000000211 ) ) ;
#134 = CC_DESIGN_APPROVAL ( #245, ( #650 ) ) ;
#135 = CARTESIAN_POINT ( 'NONE',  ( -0.004096630496850979172, -0.02327673585216235436, 0.01799999999999999864 ) ) ;
#136 = CARTESIAN_POINT ( 'NONE',  ( 0.02019632811726304253, -0.005626868287934350121, 0.01600000000000000033 ) ) ;
#137 = ORIENTED_EDGE ( 'NONE', *, *, #310, .T. ) ;
#138 = PERSON_AND_ORGANIZATION ( #301, #520 ) ;
#139 = CARTESIAN_POINT ( 'NONE',  ( -0.004830311576016680861, -0.02128525371454314044, 0.008500000000000000611 ) ) ;
#140 = CARTESIAN_POINT ( 'NONE',  ( -0.01359070804388627825, -0.005676474273747353708, 0.01149999999999999634 ) ) ;
#141 = CARTESIAN_POINT ( 'NONE',  ( 0.01779137380409672592, 0.01218458795433269119, 0.01849999999999999561 ) ) ;
#142 = VERTEX_POINT ( 'NONE', #192 ) ;
#143 = CARTESIAN_POINT ( 'NONE',  ( -0.005874191486463097196, -0.006720354184193771778, 0.003499999999999999205 ) ) ;
#144 = CARTESIAN_POINT ( 'NONE',  ( 0.007541012003223018789, 0.007258895118153557702, 0.002000000000000000042 ) ) ;
#145 = CARTESIAN_POINT ( 'NONE',  ( 0.01917865450329701502, 0.008758945615855232014, 0.01799999999999999864 ) ) ;
#146 = ORIENTED_EDGE ( 'NONE', *, *, #37, .F. ) ;
#147 = CARTESIAN_POINT ( 'NONE',  ( -0.02342903597510844621, 0.004313694292192866118, 0.01549999999999999989 ) ) ;
#148 = CARTESIAN_POINT ( 'NONE',  ( 0.009899569999999999897, 0.000000000000000000, 0.000000000000000000 ) ) ;
#149 = CARTESIAN_POINT ( 'NONE',  ( -0.02358214484482579892, -0.0009666913580880882526, 0.004000000000000000083 ) ) ;
#150 = DIRECTION ( 'NONE',  ( 1.000000000000000000, 0.000000000000000000, 0.000000000000000000 ) ) ;
#151 = CARTESIAN_POINT ( 'NONE',  ( -0.02224913999999999364, 0.007449570000000005181, 0.01499999999999999944 ) ) ;
#152 = CARTESIAN_POINT ( 'NONE',  ( -0.008126474273747354496, 0.01114070804388628093, 0.006500000000000000569 ) ) ;
#153 = CARTESIAN_POINT ( 'NONE',  ( -0.006763694292192853029, 0.02097903597510844889, 0.01949999999999999997 ) ) ;
#154 = VERTEX_POINT ( 'NONE', #384 ) ;
#155 = CARTESIAN_POINT ( 'NONE',  ( -0.009534962092096886666, 0.002302043730785780125, 0.01899999999999999953 ) ) ;
#156 = CARTESIAN_POINT ( 'NONE',  ( 0.000000000000000000, 6.061738356717581160E-19, 0.02000000000000000042 ) ) ;
#157 = CARTESIAN_POINT ( 'NONE',  ( 0.002883303277377776818, -0.005333303277377779775, 0.007499999999999999722 ) ) ;
#158 = CARTESIAN_POINT ( 'NONE',  ( -0.01479956999999999974, -0.001955979732698681726, 0.01050000000000000065 ) ) ;
#159 = CARTESIAN_POINT ( 'NONE',  ( 0.02019632811726304253, 0.005626868287934344050, 0.004000000000000000083 ) ) ;
#160 = CYLINDRICAL_SURFACE ( 'NONE', #350, 0.002549999999999999750 ) ;
#161 = CARTESIAN_POINT ( 'NONE',  ( -0.007783303277377776226, 0.005333303277377780642, 0.01750000000000000167 ) ) ;
#162 = CARTESIAN_POINT ( 'NONE',  ( 0.004270354184193770990, -0.003424191486463099444, 0.008500000000000000611 ) ) ;
#163 = CARTESIAN_POINT ( 'NONE',  ( -0.008076868287934343971, 0.02264632811726304332, 0.008999999999999999320 ) ) ;
#164 = CARTESIAN_POINT ( 'NONE',  ( 0.004808895118153556913, 0.009991012003223019577, 0.003000000000000000062 ) ) ;
#165 = CARTESIAN_POINT ( 'NONE',  ( -0.005874191486463097196, -0.006720354184193771778, 0.003499999999999999205 ) ) ;
#166 = CARTESIAN_POINT ( 'NONE',  ( -0.01359070804388627998, -0.005676474273747353708, 0.01149999999999999807 ) ) ;
#167 = AXIS2_PLACEMENT_3D ( 'NONE', #579, #233, #509 ) ;
#168 = CARTESIAN_POINT ( 'NONE',  ( 0.003226474273747355088, 0.01114070804388627919, 0.003499999999999999205 ) ) ;
#169 = DIRECTION ( 'NONE',  ( 0.000000000000000000, 0.000000000000000000, -1.000000000000000000 ) ) ;
#170 = CARTESIAN_POINT ( 'NONE',  ( 0.01407805738325425271, 0.01320323282610567570, 0.01600000000000000033 ) ) ;
#171 = CARTESIAN_POINT ( 'NONE',  ( 0.002883303277377780287, 0.005333303277377778040, 0.01250000000000000069 ) ) ;
#172 = CC_DESIGN_PERSON_AND_ORGANIZATION_ASSIGNMENT ( #254, #410, ( #120 ) ) ;
#173 = CARTESIAN_POINT ( 'NONE',  ( -0.006266227003223021758, -0.01174513902194313994, 0.01400000000000000029 ) ) ;
#174 = CARTESIAN_POINT ( 'NONE',  ( -0.02546593520249729528, -0.005333303277377773703, 0.007499999999999999722 ) ) ;
#175 = CARTESIAN_POINT ( 'NONE',  ( 0.01852903597510845157, -0.004313694292192863516, 0.005499999999999998813 ) ) ;
#176 = CARTESIAN_POINT ( 'NONE',  ( -0.006828747381920436711, 0.006026828730785777945, 0.01700000000000000122 ) ) ;
#177 = APPROVAL_PERSON_ORGANIZATION ( #888, #245, #879 ) ;
#178 = CARTESIAN_POINT ( 'NONE',  ( 0.008690708043886278406, -0.005676474273747357177, 0.01849999999999999908 ) ) ;
#179 = CARTESIAN_POINT ( 'NONE',  ( -0.008076868287934343971, 0.02264632811726304332, 0.008999999999999999320 ) ) ;
#180 = CARTESIAN_POINT ( 'NONE',  ( -0.01244101200322302037, 0.007258895118153559436, 0.008000000000000000167 ) ) ;
#181 = CARTESIAN_POINT ( 'NONE',  ( -0.02224914000000000058, -0.01234956999999999722, 0.01499999999999999944 ) ) ;
#182 = CARTESIAN_POINT ( 'NONE',  ( -0.02284658811592923250, 0.005610813769288219149, 0.003000000000000000496 ) ) ;
#183 = CARTESIAN_POINT ( 'NONE',  ( -0.01897805738325424041, 0.01320323282610568610, 0.01400000000000000029 ) ) ;
#184 = CARTESIAN_POINT ( 'NONE',  ( -0.01419513902194314073, 0.003816227003223020536, 0.009000000000000001055 ) ) ;
#185 = CARTESIAN_POINT ( 'NONE',  ( -0.002450000000000002523, -0.01234957000000000069, 0.01499999999999999944 ) ) ;
#186 =( BOUNDED_CURVE ( )  B_SPLINE_CURVE ( 2, ( #231, #856, #507, #361, #297, #577, #717, #648, #784, #634, #20, #567, #24, #498, #236, #776, #443, #653, #375, #503, #96, #158, #705, #166, #439, #92, #294, #713, #367, #100, #34, #573, #302, #847, #226, #467, #673, #608, #740, #61, #883 ),
 .UNSPECIFIED., .F., .T. ) 
 B_SPLINE_CURVE_WITH_KNOTS ( ( 3, 2, 2, 2, 2, 2, 2, 2, 2, 2, 2, 2, 2, 2, 2, 2, 2, 2, 2, 2, 3 ),
 ( 0.000000000000000000, 0.05000000000000000278, 0.1000000000000000056, 0.1499999999999999944, 0.2000000000000000111, 0.2500000000000000000, 0.2999999999999999889, 0.3499999999999999778, 0.4000000000000000222, 0.4500000000000000111, 0.5000000000000000000, 0.5500000000000000444, 0.5999999999999999778, 0.6500000000000000222, 0.6999999999999999556, 0.7500000000000000000, 0.8000000000000000444, 0.8499999999999999778, 0.9000000000000000222, 0.9499999999999999556, 1.000000000000000000 ),
 .UNSPECIFIED. ) 
 CURVE ( )  GEOMETRIC_REPRESENTATION_ITEM ( )  RATIONAL_B_SPLINE_CURVE ( ( 1.000000000000000000, 0.9876883405951377704, 1.000000000000000000, 0.9876883405951377704, 1.000000000000000000, 0.9876883405951377704, 1.000000000000000000, 0.9876883405951377704, 1.000000000000000000, 0.9876883405951377704, 1.000000000000000000, 0.9876883405951377704, 1.000000000000000000, 0.9876883405951377704, 1.000000000000000000, 0.9876883405951377704, 1.000000000000000000, 0.9876883405951377704, 1.000000000000000000, 0.9876883405951377704, 1.000000000000000000, 0.9876883405951377704, 1.000000000000000000, 0.9876883405951377704, 1.000000000000000000, 0.9876883405951377704, 1.000000000000000000, 0.9876883405951377704, 1.000000000000000000, 0.9876883405951377704, 1.000000000000000000, 0.9876883405951377704, 1.000000000000000000, 0.9876883405951377704, 1.000000000000000000, 0.9876883405951377704, 1.000000000000000000, 0.9876883405951377704, 1.000000000000000000, 0.9876883405951377704, 1.000000000000000000 ) ) 
 REPRESENTATION_ITEM ( '' )  );
#187 = CARTESIAN_POINT ( 'NONE',  ( -0.02269137380409673097, -0.01218458795433269119, 0.008500000000000000611 ) ) ;
#188 = CARTESIAN_POINT ( 'NONE',  ( -0.01793544570780713707, 0.01784316026730130983, 0.01049999999999999718 ) ) ;
#189 = EDGE_LOOP ( 'NONE', ( #838, #750, #210, #766 ) ) ;
#190 = CARTESIAN_POINT ( 'NONE',  ( -0.01120894561585523627, 0.02162865450329701233, 0.003000000000000000496 ) ) ;
#191 = CARTESIAN_POINT ( 'NONE',  ( 0.01705792251731531872, 0.008841315962559753022, 0.007499999999999999722 ) ) ;
#192 = CARTESIAN_POINT ( 'NONE',  ( -0.009899569999999999897, 1.212347671343516232E-18, 0.000000000000000000 ) ) ;
#193 = EDGE_CURVE ( 'NONE', #701, #154, #829, .T. ) ;
#194 = APPROVAL_ROLE ( '' ) ;
#195 = CARTESIAN_POINT ( 'NONE',  ( -0.003629895975108452921, 0.007449569999999999109, 0.01549999999999999989 ) ) ;
#196 = CARTESIAN_POINT ( 'NONE',  ( -0.01479956999999999627, 0.001955979732698685195, 0.009499999999999999764 ) ) ;
#197 = DIRECTION ( 'NONE',  ( -0.000000000000000000, 0.000000000000000000, -1.000000000000000000 ) ) ;
#198 = PERSON_AND_ORGANIZATION_ROLE ( 'creator' ) ;
#199 = CARTESIAN_POINT ( 'NONE',  ( 0.004270354184193774459, 0.003424191486463095107, 0.01149999999999999634 ) ) ;
#200 = CARTESIAN_POINT ( 'NONE',  ( 0.007541012003223018789, -0.007258895118153560304, 0.01800000000000000211 ) ) ;
#201 = CARTESIAN_POINT ( 'NONE',  ( -0.01479957000000000321, -0.01979913999999999633, 0.01000000000000000021 ) ) ;
#202 = CARTESIAN_POINT ( 'NONE',  ( 0.01521447123085976905, -0.01163909335208835640, 0.01200000000000000198 ) ) ;
#203 = CARTESIAN_POINT ( 'NONE',  ( -0.002449999999999999487, 0.01234957000000000069, 0.005000000000000000104 ) ) ;
#204 = CARTESIAN_POINT ( 'NONE',  ( 0.003176868287934344129, 0.02264632811726303985, 0.001000000000000000021 ) ) ;
#205 = CARTESIAN_POINT ( 'NONE',  ( -0.003629895975108457691, -0.007449569999999999109, 0.004499999999999999660 ) ) ;
#206 = CARTESIAN_POINT ( 'NONE',  ( 0.008135445707807130444, -0.01861924402489154029, 0.01049999999999999718 ) ) ;
#207 = CC_DESIGN_PERSON_AND_ORGANIZATION_ASSIGNMENT ( #75, #806, ( #738 ) ) ;
#208 = CARTESIAN_POINT ( 'NONE',  ( -0.006266227003223019155, 0.01174513902194314167, 0.006000000000000000125 ) ) ;
#209 = CARTESIAN_POINT ( 'NONE',  ( 0.009734587954332690404, -0.02024137380409673018, 0.01349999999999999985 ) ) ;
#210 = ORIENTED_EDGE ( 'NONE', *, *, #112, .T. ) ;
#211 = CARTESIAN_POINT ( 'NONE',  ( 0.004999569999999998321, 0.001179895975108453217, 0.01050000000000000065 ) ) ;
#212 = CARTESIAN_POINT ( 'NONE',  ( 0.008690708043886280140, 0.005676474273747354575, 0.001500000000000000031 ) ) ;
#213 = CARTESIAN_POINT ( 'NONE',  ( -0.0004099577163241708969, 0.02353753650182740034, 0.001500000000000000248 ) ) ;
#214 = ORIENTED_EDGE ( 'NONE', *, *, #37, .T. ) ;
#215 = CARTESIAN_POINT ( 'NONE',  ( 0.008135445707807140853, 0.01861924402489153682, 0.009499999999999998029 ) ) ;
#216 = CARTESIAN_POINT ( 'NONE',  ( -0.009708895118153556755, 0.009991012003223019577, 0.007000000000000000146 ) ) ;
#217 = CARTESIAN_POINT ( 'NONE',  ( -0.02420511973269868014, 0.009213694292192859889, 0.005499999999999998813 ) ) ;
#218 = VERTEX_POINT ( 'NONE', #801 ) ;
#219 = CARTESIAN_POINT ( 'NONE',  ( 0.01198687074161694857, -0.01582101994440422363, 0.003500000000000000073 ) ) ;
#220 = CARTESIAN_POINT ( 'NONE',  ( -0.006266227003223021758, -0.01174513902194313994, 0.01400000000000000029 ) ) ;
#221 = CARTESIAN_POINT ( 'NONE',  ( -0.008476828730785776131, -0.004378747381920437658, 0.002000000000000000042 ) ) ;
#222 = CARTESIAN_POINT ( 'NONE',  ( -0.009899569999999999897, 1.212347671343516232E-18, 0.02000000000000000042 ) ) ;
#223 = CARTESIAN_POINT ( 'NONE',  ( -0.02358214484482580239, 0.0009666913580880970346, 0.01600000000000000033 ) ) ;
#224 = DIRECTION ( 'NONE',  ( -1.000000000000000000, 0.000000000000000000, -0.000000000000000000 ) ) ;
#225 = CARTESIAN_POINT ( 'NONE',  ( 0.01868214484482579735, 0.0009666913580880856505, 0.01400000000000000029 ) ) ;
#226 = CARTESIAN_POINT ( 'NONE',  ( 0.004808895118153555179, -0.009991012003223021312, 0.01700000000000000122 ) ) ;
#227 = CARTESIAN_POINT ( 'NONE',  ( 0.01407805738325424404, -0.01320323282610568437, 0.004000000000000000083 ) ) ;
#228 = CARTESIAN_POINT ( 'NONE',  ( -0.0004940202673013160267, 0.01234957000000000069, 0.004499999999999998793 ) ) ;
#229 = CARTESIAN_POINT ( 'NONE',  ( 0.008135445707807130444, -0.01861924402489154029, 0.01049999999999999718 ) ) ;
#230 = CC_DESIGN_APPROVAL ( #529, ( #120 ) ) ;
#231 = CARTESIAN_POINT ( 'NONE',  ( 0.009899569999999999897, 0.000000000000000000, 0.000000000000000000 ) ) ;
#232 = CARTESIAN_POINT ( 'NONE',  ( 0.01521447123085977425, 0.01163909335208835293, 0.008000000000000000167 ) ) ;
#233 = DIRECTION ( 'NONE',  ( -0.000000000000000000, -0.000000000000000000, 1.000000000000000000 ) ) ;
#234 = ADVANCED_FACE ( 'NONE', ( #258, #126 ), #399, .T. ) ;
#235 = CARTESIAN_POINT ( 'NONE',  ( -0.0001479562692142212326, 0.007084962092096885877, 0.01400000000000000029 ) ) ;
#236 = CARTESIAN_POINT ( 'NONE',  ( -0.009708895118153556755, 0.009991012003223019577, 0.007000000000000000146 ) ) ;
#237 = CARTESIAN_POINT ( 'NONE',  ( -0.006266227003223019155, 0.01174513902194314167, 0.006000000000000000125 ) ) ;
#238 = CARTESIAN_POINT ( 'NONE',  ( 0.009899569999999994693, -0.001955979732698686496, 0.01949999999999999997 ) ) ;
#239 = CARTESIAN_POINT ( 'NONE',  ( -0.009899570000000001632, -0.01979913999999999633, 0.000000000000000000 ) ) ;
#240 = CARTESIAN_POINT ( 'NONE',  ( 0.003576828730785776723, 0.004378747381920436790, 0.01200000000000000025 ) ) ;
#241 = CARTESIAN_POINT ( 'NONE',  ( 0.009899569999999999897, -0.01979913999999999633, 0.02000000000000000042 ) ) ;
#242 = CARTESIAN_POINT ( 'NONE',  ( -0.02358214484482579892, -0.0009666913580880882526, 0.004000000000000000083 ) ) ;
#243 = CARTESIAN_POINT ( 'NONE',  ( 0.01734913999999999554, 0.01234956999999999895, 0.005000000000000000104 ) ) ;
#244 = CARTESIAN_POINT ( 'NONE',  ( -0.006266227003223019155, 0.01174513902194314167, 0.006000000000000000125 ) ) ;
#245 = APPROVAL ( #605, 'UNSPECIFIED' ) ;
#246 = CARTESIAN_POINT ( 'NONE',  ( -0.01463458795433269892, -0.02024137380409672671, 0.01650000000000000078 ) ) ;
#247 = CARTESIAN_POINT ( 'NONE',  ( 0.009295139021943139152, -0.003816227003223022704, 0.01899999999999999953 ) ) ;
#248 = CARTESIAN_POINT ( 'NONE',  ( 0.01541340975595193417, -0.01501387411081700485, 0.001000000000000000021 ) ) ;
#249 = CARTESIAN_POINT ( 'NONE',  ( 0.008690708043886280140, 0.005676474273747354575, 0.001500000000000000031 ) ) ;
#250 = CARTESIAN_POINT ( 'NONE',  ( -0.01129131596255976248, -0.008841315962559758226, 0.01250000000000000069 ) ) ;
#251 = CARTESIAN_POINT ( 'NONE',  ( 0.006391315962559755703, -0.008841315962559761696, 0.01750000000000000167 ) ) ;
#252 = CARTESIAN_POINT ( 'NONE',  ( -0.01166369429219285721, 0.02175511973269867935, 0.009499999999999998029 ) ) ;
#253 = CARTESIAN_POINT ( 'NONE',  ( -0.01479957000000000147, 1.512386137134617989E-18, 0.01000000000000000021 ) ) ;
#254 = PERSON_AND_ORGANIZATION ( #301, #520 ) ;
#255 = ORIENTED_EDGE ( 'NONE', *, *, #333, .T. ) ;
#256 = CARTESIAN_POINT ( 'NONE',  ( -0.02224913999999999711, -0.007449569999999997374, 0.005000000000000000104 ) ) ;
#257 = CARTESIAN_POINT ( 'NONE',  ( -0.02284658811592923250, -0.005610813769288210476, 0.01700000000000000122 ) ) ;
#258 = FACE_BOUND ( 'NONE', #807, .T. ) ;
#259 = CALENDAR_DATE ( 2025, 17, 5 ) ;
#260 = CARTESIAN_POINT ( 'NONE',  ( -0.0001479562692142212326, 0.007084962092096885877, 0.01400000000000000029 ) ) ;
#261 = CARTESIAN_POINT ( 'NONE',  ( 0.004808895118153556913, 0.009991012003223019577, 0.003000000000000000062 ) ) ;
#262 = CARTESIAN_POINT ( 'NONE',  ( 0.009899569999999999897, 0.000000000000000000, 0.000000000000000000 ) ) ;
#263 = SHAPE_DEFINITION_REPRESENTATION ( #466, #389 ) ;
#264 = CARTESIAN_POINT ( 'NONE',  ( -0.004752043730785778311, -0.007084962092096885877, 0.004000000000000000083 ) ) ;
#265 = CARTESIAN_POINT ( 'NONE',  ( -0.02420511973269868014, -0.009213694292192854685, 0.01449999999999999900 ) ) ;
#266 = CARTESIAN_POINT ( 'NONE',  ( 0.009899569999999994693, -0.001955979732698686496, 0.01949999999999999997 ) ) ;
#267 =( NAMED_UNIT ( * ) PLANE_ANGLE_UNIT ( ) SI_UNIT ( $, .RADIAN. ) );
#268 = CARTESIAN_POINT ( 'NONE',  ( 0.01407805738325425271, 0.01320323282610567570, 0.01600000000000000033 ) ) ;
#269 = CARTESIAN_POINT ( 'NONE',  ( -0.02546593520249729528, 0.005333303277377781509, 0.01250000000000000069 ) ) ;
#270 = CARTESIAN_POINT ( 'NONE',  ( 0.009899569999999999897, 0.000000000000000000, 0.02000000000000000042 ) ) ;
#271 = DIRECTION ( 'NONE',  ( 0.000000000000000000, 0.000000000000000000, 1.000000000000000000 ) ) ;
#272 = PERSON_AND_ORGANIZATION_ROLE ( 'classification_officer' ) ;
#273 = CARTESIAN_POINT ( 'NONE',  ( 0.003576828730785774121, -0.004378747381920440260, 0.008000000000000000167 ) ) ;
#274 = CYLINDRICAL_SURFACE ( 'NONE', #641, 0.002549999999999999750 ) ;
#275 = CARTESIAN_POINT ( 'NONE',  ( -0.01897805738325425082, -0.01320323282610567917, 0.006000000000000000992 ) ) ;
#276 = EDGE_LOOP ( 'NONE', ( #349, #87 ) ) ;
#277 = AXIS2_PLACEMENT_3D ( 'NONE', #854, #359, #786 ) ;
#278 = CARTESIAN_POINT ( 'NONE',  ( 0.002883303277377776818, -0.005333303277377779775, 0.007499999999999999722 ) ) ;
#279 = CARTESIAN_POINT ( 'NONE',  ( -0.01120894561585524148, -0.02162865450329701233, 0.01700000000000000122 ) ) ;
#280 = CARTESIAN_POINT ( 'NONE',  ( -0.02011447123085977062, 0.01163909335208835466, 0.002000000000000000042 ) ) ;
#281 = CARTESIAN_POINT ( 'NONE',  ( 0.009899569999999999897, 0.000000000000000000, 0.000000000000000000 ) ) ;
#282 = CARTESIAN_POINT ( 'NONE',  ( -0.009899569999999994693, 0.001179895975108458638, 0.01949999999999999997 ) ) ;
#283 = CARTESIAN_POINT ( 'NONE',  ( -0.005000000000000000104, 0.000000000000000000, 0.02700000000000000316 ) ) ;
#284 = CARTESIAN_POINT ( 'NONE',  ( -0.02342903597510845315, -0.004313694292192858312, 0.004499999999999998793 ) ) ;
#285 = CARTESIAN_POINT ( 'NONE',  ( -0.0001479562692142252984, -0.007084962092096886745, 0.006000000000000000125 ) ) ;
#286 = CARTESIAN_POINT ( 'NONE',  ( -0.003416691358088093378, -0.02113214484482579814, 0.001000000000000000021 ) ) ;
#287 = CARTESIAN_POINT ( 'NONE',  ( -0.01359070804388627825, -0.005676474273747353708, 0.01149999999999999634 ) ) ;
#288 = AXIS2_PLACEMENT_3D ( 'NONE', #70, #542, #817 ) ;
#289 = CARTESIAN_POINT ( 'NONE',  ( -0.001483308641911913403, -0.02113214484482579814, 0.008999999999999999320 ) ) ;
#290 = CARTESIAN_POINT ( 'NONE',  ( -0.003629895975108452921, 0.007449569999999999109, 0.01549999999999999989 ) ) ;
#291 = CARTESIAN_POINT ( 'NONE',  ( 0.01917865450329701155, -0.008758945615855235484, 0.002000000000000000042 ) ) ;
#292 = DIRECTION ( 'NONE',  ( 1.000000000000000000, -6.123233995736766036E-17, 0.000000000000000000 ) ) ;
#293 = CARTESIAN_POINT ( 'NONE',  ( -0.009170354184193773434, 0.003424191486463100311, 0.01849999999999999908 ) ) ;
#294 = CARTESIAN_POINT ( 'NONE',  ( -0.009708895118153560225, -0.009991012003223019577, 0.01300000000000000114 ) ) ;
#295 = CARTESIAN_POINT ( 'NONE',  ( 0.01779137380409672592, -0.01218458795433269640, 0.001500000000000000248 ) ) ;
#296 = CARTESIAN_POINT ( 'NONE',  ( 0.001863694292192855572, -0.02097903597510844889, 0.009499999999999998029 ) ) ;
#297 = CARTESIAN_POINT ( 'NONE',  ( 0.007541012003223018789, 0.007258895118153557702, 0.002000000000000000042 ) ) ;
#298 = CARTESIAN_POINT ( 'NONE',  ( 0.01734913999999999554, 0.01234956999999999895, 0.005000000000000000104 ) ) ;
#299 = CARTESIAN_POINT ( 'NONE',  ( 0.009295139021943139152, 0.003816227003223019235, 0.001000000000000000021 ) ) ;
#300 = CARTESIAN_POINT ( 'NONE',  ( -0.004830311576016680861, -0.02128525371454314044, 0.008500000000000000611 ) ) ;
#301 = PERSON ( 'UNSPECIFIED', 'UNSPECIFIED', 'UNSPECIFIED', ('UNSPECIFIED'), ('UNSPECIFIED'), ('UNSPECIFIED') ) ;
#302 = CARTESIAN_POINT ( 'NONE',  ( 0.001366227003223016712, -0.01174513902194314167, 0.01600000000000000033 ) ) ;
#303 = CARTESIAN_POINT ( 'NONE',  ( -0.02269137380409673097, 0.01218458795433269640, 0.01149999999999999634 ) ) ;
#304 = CARTESIAN_POINT ( 'NONE',  ( -0.02029316026730130715, 0.01548544570780713628, 0.004499999999999998793 ) ) ;
#305 = CARTESIAN_POINT ( 'NONE',  ( 0.004270354184193774459, 0.003424191486463095107, 0.01149999999999999634 ) ) ;
#306 = CARTESIAN_POINT ( 'NONE',  ( 0.004634962092096886824, 0.002302043730785774487, 0.01099999999999999936 ) ) ;
#307 = CARTESIAN_POINT ( 'NONE',  ( 0.008690708043886278406, -0.005676474273747357177, 0.01849999999999999908 ) ) ;
#308 = CARTESIAN_POINT ( 'NONE',  ( 0.01917865450329701502, 0.008758945615855232014, 0.01799999999999999864 ) ) ;
#309 = CARTESIAN_POINT ( 'NONE',  ( 0.01303544570780713896, -0.01784316026730130983, 0.0004999999999999999020 ) ) ;
#310 = EDGE_CURVE ( 'NONE', #8, #142, #843, .T. ) ;
#311 = CARTESIAN_POINT ( 'NONE',  ( 0.004808895118153556913, 0.009991012003223019577, 0.003000000000000000062 ) ) ;
#312 = CARTESIAN_POINT ( 'NONE',  ( -0.01479956999999999974, 0.01979913999999999633, 0.01000000000000000021 ) ) ;
#313 = CARTESIAN_POINT ( 'NONE',  ( -0.01746387411081700217, 0.01786340975595193670, 0.004000000000000000083 ) ) ;
#314 = CARTESIAN_POINT ( 'NONE',  ( -0.008060813769288214733, 0.02039658811592923171, 0.01200000000000000198 ) ) ;
#315 = CC_DESIGN_SECURITY_CLASSIFICATION ( #518, ( #120 ) ) ;
#316 = CARTESIAN_POINT ( 'NONE',  ( -0.006266227003223021758, -0.01174513902194313994, 0.01400000000000000029 ) ) ;
#317 = CARTESIAN_POINT ( 'NONE',  ( -0.01793544570780713707, 0.01784316026730130983, 0.01049999999999999718 ) ) ;
#318 = CARTESIAN_POINT ( 'NONE',  ( -0.009899569999999998163, 0.01979913999999999633, 0.000000000000000000 ) ) ;
#319 = CARTESIAN_POINT ( 'NONE',  ( 0.02082673585216235010, -0.001646630496850974915, 0.003000000000000000496 ) ) ;
#320 = CARTESIAN_POINT ( 'NONE',  ( -0.002450000000000000355, 0.000000000000000000, 0.02000000000000000042 ) ) ;
#321 = VECTOR ( 'NONE', #575, 1.000000000000000000 ) ;
#322 = CARTESIAN_POINT ( 'NONE',  ( -0.02407865450329701659, 0.008758945615855235484, 0.01200000000000000198 ) ) ;
#323 = CARTESIAN_POINT ( 'NONE',  ( 0.009899569999999999897, 0.000000000000000000, 0.02000000000000000042 ) ) ;
#324 = CARTESIAN_POINT ( 'NONE',  ( -6.968842398332418531E-05, -0.02128525371454315085, 0.001500000000000000248 ) ) ;
#325 = DIRECTION ( 'NONE',  ( -1.000000000000000000, 0.000000000000000000, -0.000000000000000000 ) ) ;
#326 = CALENDAR_DATE ( 2025, 17, 5 ) ;
#327 = CARTESIAN_POINT ( 'NONE',  ( 0.001863694292192855572, -0.02097903597510844889, 0.009499999999999998029 ) ) ;
#328 = CARTESIAN_POINT ( 'NONE',  ( 0.008135445707807140853, 0.01861924402489153682, 0.009499999999999998029 ) ) ;
#329 = CARTESIAN_POINT ( 'NONE',  ( 0.000000000000000000, 6.061738356717581160E-19, 0.000000000000000000 ) ) ;
#330 = CALENDAR_DATE ( 2025, 17, 5 ) ;
#331 = CARTESIAN_POINT ( 'NONE',  ( -0.01408909335208835892, -0.01766447123085976637, 0.007000000000000000146 ) ) ;
#332 = CARTESIAN_POINT ( 'NONE',  ( -0.009708895118153560225, -0.009991012003223019577, 0.01300000000000000114 ) ) ;
#333 = EDGE_CURVE ( 'NONE', #486, #218, #451, .T. ) ;
#334 = CARTESIAN_POINT ( 'NONE',  ( -0.01303544570780713549, 0.01861924402489154029, 0.0004999999999999999020 ) ) ;
#335 = VECTOR ( 'NONE', #364, 1.000000000000000000 ) ;
#336 = PERSON_AND_ORGANIZATION ( #301, #520 ) ;
#337 = CARTESIAN_POINT ( 'NONE',  ( 0.003160813769288223565, 0.02039658811592923171, 0.01799999999999999864 ) ) ;
#338 = CARTESIAN_POINT ( 'NONE',  ( -0.008126474273747357965, -0.01114070804388627919, 0.01349999999999999985 ) ) ;
#339 = CARTESIAN_POINT ( 'NONE',  ( -0.01129131596255976075, -0.01950792251731531257, 0.007499999999999999722 ) ) ;
#340 = CARTESIAN_POINT ( 'NONE',  ( -0.002450000000000000355, 0.000000000000000000, 0.000000000000000000 ) ) ;
#341 = CARTESIAN_POINT ( 'NONE',  ( 0.002883303277377780287, 0.005333303277377778040, 0.01250000000000000069 ) ) ;
#342 = CARTESIAN_POINT ( 'NONE',  ( 9.999999999999939493E-05, 3.122849337825750312E-19, 0.000000000000000000 ) ) ;
#343 = CARTESIAN_POINT ( 'NONE',  ( 0.01303544570780714069, 0.01784316026730130289, 0.01949999999999999997 ) ) ;
#344 = ORIENTED_EDGE ( 'NONE', *, *, #747, .F. ) ;
#345 = APPLICATION_PROTOCOL_DEFINITION ( 'international standard', 'config_control_design', 1994, #768 ) ;
#346 = CARTESIAN_POINT ( 'NONE',  ( 0.004634962092096885089, -0.002302043730785778824, 0.009000000000000001055 ) ) ;
#347 = CARTESIAN_POINT ( 'NONE',  ( -0.02269137380409673097, 0.01218458795433269640, 0.01149999999999999634 ) ) ;
#348 = CARTESIAN_POINT ( 'NONE',  ( 0.006763694292192860835, 0.02175511973269867935, 0.0004999999999999999020 ) ) ;
#349 = ORIENTED_EDGE ( 'NONE', *, *, #333, .F. ) ;
#350 = AXIS2_PLACEMENT_3D ( 'NONE', #637, #707, #642 ) ;
#351 = CARTESIAN_POINT ( 'NONE',  ( 0.02082673585216235010, -0.001646630496850974915, 0.003000000000000000496 ) ) ;
#352 = CARTESIAN_POINT ( 'NONE',  ( -0.02509632811726304757, -0.005626868287934341448, 0.01400000000000000029 ) ) ;
#353 = CARTESIAN_POINT ( 'NONE',  ( 0.01256387411081700059, -0.01786340975595193670, 0.01400000000000000029 ) ) ;
#354 = CARTESIAN_POINT ( 'NONE',  ( -0.009899569999999998163, -0.001179895975108454301, 0.0005000000000000000104 ) ) ;
#355 = CARTESIAN_POINT ( 'NONE',  ( 0.01930511973269867856, 0.009213694292192859889, 0.004499999999999998793 ) ) ;
#356 = CARTESIAN_POINT ( 'NONE',  ( -0.01479956999999999627, 0.001955979732698685195, 0.009499999999999999764 ) ) ;
#357 = CARTESIAN_POINT ( 'NONE',  ( 0.01852903597510844116, 0.004313694292192853975, 0.01449999999999999900 ) ) ;
#358 = CARTESIAN_POINT ( 'NONE',  ( 0.01303544570780713896, -0.01784316026730130983, 0.0004999999999999999020 ) ) ;
#359 = DIRECTION ( 'NONE',  ( 0.000000000000000000, 0.000000000000000000, 1.000000000000000000 ) ) ;
#360 = CARTESIAN_POINT ( 'NONE',  ( -0.008476828730785776131, 0.004378747381920441127, 0.01800000000000000211 ) ) ;
#361 = CARTESIAN_POINT ( 'NONE',  ( 0.008690708043886280140, 0.005676474273747354575, 0.001500000000000000031 ) ) ;
#362 =( BOUNDED_CURVE ( )  B_SPLINE_CURVE ( 2, ( #16, #354, #756, #687, #422, #550, #83, #824, #480, #205, #630, #621, #285, #511, #39, #792, #30, #162, #788, #644, #780, #105, #306, #860, #240, #171, #709, #431, #586, #639, #435, #290, #515, #851, #176, #582, #447, #371, #842, #722, #222 ),
 .UNSPECIFIED., .F., .T. ) 
 B_SPLINE_CURVE_WITH_KNOTS ( ( 3, 2, 2, 2, 2, 2, 2, 2, 2, 2, 2, 2, 2, 2, 2, 2, 2, 2, 2, 2, 3 ),
 ( 0.000000000000000000, 0.05000000000000000278, 0.1000000000000000056, 0.1499999999999999944, 0.2000000000000000111, 0.2500000000000000000, 0.2999999999999999889, 0.3499999999999999778, 0.4000000000000000222, 0.4500000000000000111, 0.5000000000000000000, 0.5500000000000000444, 0.5999999999999999778, 0.6500000000000000222, 0.6999999999999999556, 0.7500000000000000000, 0.8000000000000000444, 0.8499999999999999778, 0.9000000000000000222, 0.9499999999999999556, 1.000000000000000000 ),
 .UNSPECIFIED. ) 
 CURVE ( )  GEOMETRIC_REPRESENTATION_ITEM ( )  RATIONAL_B_SPLINE_CURVE ( ( 1.000000000000000000, 0.9876883405951377704, 1.000000000000000000, 0.9876883405951377704, 1.000000000000000000, 0.9876883405951377704, 1.000000000000000000, 0.9876883405951377704, 1.000000000000000000, 0.9876883405951377704, 1.000000000000000000, 0.9876883405951377704, 1.000000000000000000, 0.9876883405951377704, 1.000000000000000000, 0.9876883405951377704, 1.000000000000000000, 0.9876883405951377704, 1.000000000000000000, 0.9876883405951377704, 1.000000000000000000, 0.9876883405951377704, 1.000000000000000000, 0.9876883405951377704, 1.000000000000000000, 0.9876883405951377704, 1.000000000000000000, 0.9876883405951377704, 1.000000000000000000, 0.9876883405951377704, 1.000000000000000000, 0.9876883405951377704, 1.000000000000000000, 0.9876883405951377704, 1.000000000000000000, 0.9876883405951377704, 1.000000000000000000, 0.9876883405951377704, 1.000000000000000000, 0.9876883405951377704, 1.000000000000000000 ) ) 
 REPRESENTATION_ITEM ( '' )  );
#363 = CARTESIAN_POINT ( 'NONE',  ( 0.009189093352088352137, -0.01766447123085977330, 0.003000000000000000496 ) ) ;
#364 = DIRECTION ( 'NONE',  ( 0.000000000000000000, 0.000000000000000000, -1.000000000000000000 ) ) ;
#365 = AXIS2_PLACEMENT_3D ( 'NONE', #156, #429, #292 ) ;
#366 = CARTESIAN_POINT ( 'NONE',  ( -0.002449999999999997752, 0.007449569999999999109, 0.01499999999999999944 ) ) ;
#367 = CARTESIAN_POINT ( 'NONE',  ( -0.006266227003223021758, -0.01174513902194313994, 0.01400000000000000029 ) ) ;
#368 = CARTESIAN_POINT ( 'NONE',  ( -0.02195792251731531336, -0.008841315962559751288, 0.01750000000000000167 ) ) ;
#369 = CARTESIAN_POINT ( 'NONE',  ( -0.008126474273747357965, -0.01114070804388627919, 0.01349999999999999985 ) ) ;
#370 = CARTESIAN_POINT ( 'NONE',  ( 0.004634962092096885089, -0.002302043730785778824, 0.009000000000000001055 ) ) ;
#371 = CARTESIAN_POINT ( 'NONE',  ( -0.009170354184193773434, 0.003424191486463100311, 0.01849999999999999908 ) ) ;
#372 = CARTESIAN_POINT ( 'NONE',  ( -0.01359070804388627651, 0.005676474273747356310, 0.008500000000000000611 ) ) ;
#373 = CARTESIAN_POINT ( 'NONE',  ( -0.008076868287934350910, -0.02264632811726304332, 0.01099999999999999936 ) ) ;
#374 = CARTESIAN_POINT ( 'NONE',  ( -0.0001479562692142252984, -0.007084962092096886745, 0.006000000000000000125 ) ) ;
#375 = CARTESIAN_POINT ( 'NONE',  ( -0.01419513902194314073, 0.003816227003223020536, 0.009000000000000001055 ) ) ;
#376 = CARTESIAN_POINT ( 'NONE',  ( 0.007541012003223018789, -0.007258895118153560304, 0.01800000000000000211 ) ) ;
#377 = CARTESIAN_POINT ( 'NONE',  ( 0.01930511973269867856, -0.009213694292192865093, 0.01549999999999999989 ) ) ;
#378 = CARTESIAN_POINT ( 'NONE',  ( -0.02106924402489153414, 0.01058544570780713817, 0.01449999999999999900 ) ) ;
#379 = AXIS2_PLACEMENT_3D ( 'NONE', #388, #197, #815 ) ;
#380 = CARTESIAN_POINT ( 'NONE',  ( 0.009899569999999996428, 0.001955979732698683460, 0.0005000000000000000104 ) ) ;
#381 = CARTESIAN_POINT ( 'NONE',  ( -0.02029316026730131409, -0.01548544570780713628, 0.01549999999999999989 ) ) ;
#382 = CARTESIAN_POINT ( 'NONE',  ( -0.02420511973269868014, 0.009213694292192859889, 0.005499999999999998813 ) ) ;
#383 = CARTESIAN_POINT ( 'NONE',  ( 0.009189093352088352137, -0.01766447123085977330, 0.003000000000000000496 ) ) ;
#384 = CARTESIAN_POINT ( 'NONE',  ( -0.009899569999999999897, 1.212347671343516232E-18, 0.02000000000000000042 ) ) ;
#385 = CARTESIAN_POINT ( 'NONE',  ( -0.01244101200322302037, 0.007258895118153559436, 0.008000000000000000167 ) ) ;
#386 = CARTESIAN_POINT ( 'NONE',  ( 0.01303544570780714069, 0.01784316026730130289, 0.01949999999999999997 ) ) ;
#387 = CARTESIAN_POINT ( 'NONE',  ( 0.009734587954332695608, 0.02024137380409673018, 0.006499999999999999702 ) ) ;
#388 = CARTESIAN_POINT ( 'NONE',  ( 0.000000000000000000, 6.061738356717581160E-19, 0.02000000000000000042 ) ) ;
#389 = ADVANCED_BREP_SHAPE_REPRESENTATION ( 'Cycloidal_pin', ( #762, #288 ), #423 ) ;
#390 = CARTESIAN_POINT ( 'NONE',  ( 0.006391315962559755703, -0.008841315962559761696, 0.01750000000000000167 ) ) ;
#391 = CARTESIAN_POINT ( 'NONE',  ( -0.01303544570780713549, 0.01861924402489154029, 0.0004999999999999999020 ) ) ;
#392 = CARTESIAN_POINT ( 'NONE',  ( 0.01337101994440422111, 0.01443687074161694589, 0.008500000000000000611 ) ) ;
#393 = CIRCLE ( 'NONE', #277, 0.002549999999999999750 ) ;
#394 = CARTESIAN_POINT ( 'NONE',  ( 0.003226474273747353353, -0.01114070804388628093, 0.01650000000000000078 ) ) ;
#395 = EDGE_CURVE ( 'NONE', #142, #8, #25, .T. ) ;
#396 = CIRCLE ( 'NONE', #871, 0.002549999999999999750 ) ;
#397 = CARTESIAN_POINT ( 'NONE',  ( 0.003576828730785776723, 0.004378747381920436790, 0.01200000000000000025 ) ) ;
#398 = CARTESIAN_POINT ( 'NONE',  ( 0.01883525371454315006, 0.002380311576016675736, 0.006499999999999999702 ) ) ;
#399 = PLANE ( 'NONE',  #556 ) ;
#400 = DATE_TIME_ROLE ( 'classification_date' ) ;
#401 = CARTESIAN_POINT ( 'NONE',  ( -0.009899569999999996428, -0.001179895975108454301, 0.0005000000000000000104 ) ) ;
#402 = ADVANCED_FACE ( 'NONE', ( #43 ), #29, .T. ) ;
#403 = CARTESIAN_POINT ( 'NONE',  ( -0.01419513902194314246, -0.003816227003223017934, 0.01099999999999999936 ) ) ;
#404 = CARTESIAN_POINT ( 'NONE',  ( 0.02056593520249729370, 0.005333303277377771101, 0.01750000000000000167 ) ) ;
#405 = CARTESIAN_POINT ( 'NONE',  ( 0.01075323282610567838, -0.01652805738325425003, 0.01099999999999999936 ) ) ;
#406 = PRODUCT_RELATED_PRODUCT_CATEGORY ( 'detail', '', ( #738 ) ) ;
#407 = CARTESIAN_POINT ( 'NONE',  ( -0.0004099577163241760469, -0.02353753650182740034, 0.01849999999999999561 ) ) ;
#408 = CARTESIAN_POINT ( 'NONE',  ( -0.01688687074161695362, -0.01582101994440422363, 0.006499999999999999702 ) ) ;
#409 = VERTEX_POINT ( 'NONE', #342 ) ;
#410 = PERSON_AND_ORGANIZATION_ROLE ( 'design_supplier' ) ;
#411 = CARTESIAN_POINT ( 'NONE',  ( -0.006763694292192853029, 0.02097903597510844889, 0.01949999999999999997 ) ) ;
#412 = CARTESIAN_POINT ( 'NONE',  ( 0.006391315962559755703, -0.008841315962559761696, 0.01750000000000000167 ) ) ;
#413 = CARTESIAN_POINT ( 'NONE',  ( 0.01541340975595193938, 0.01501387411081699964, 0.01899999999999999953 ) ) ;
#414 = EDGE_LOOP ( 'NONE', ( #255, #490, #344, #875 ) ) ;
#415 = CARTESIAN_POINT ( 'NONE',  ( -0.006828747381920440181, -0.006026828730785775343, 0.003000000000000000062 ) ) ;
#416 = CARTESIAN_POINT ( 'NONE',  ( -0.0004940202673013160267, 0.01234957000000000069, 0.004499999999999998793 ) ) ;
#417 = CARTESIAN_POINT ( 'NONE',  ( -0.004096630496850975703, 0.02327673585216235089, 0.002000000000000000042 ) ) ;
#418 = ORIENTED_EDGE ( 'NONE', *, *, #656, .F. ) ;
#419 = CARTESIAN_POINT ( 'NONE',  ( -0.009899570000000001632, -0.01979913999999999633, 0.02000000000000000042 ) ) ;
#420 = CARTESIAN_POINT ( 'NONE',  ( 0.006763694292192853029, -0.02175511973269867935, 0.01949999999999999997 ) ) ;
#421 = CARTESIAN_POINT ( 'NONE',  ( 0.007541012003223018789, -0.007258895118153560304, 0.01800000000000000211 ) ) ;
#422 = CARTESIAN_POINT ( 'NONE',  ( -0.008476828730785776131, -0.004378747381920437658, 0.002000000000000000042 ) ) ;
#423 =( GEOMETRIC_REPRESENTATION_CONTEXT ( 3 ) GLOBAL_UNCERTAINTY_ASSIGNED_CONTEXT ( ( #811 ) ) GLOBAL_UNIT_ASSIGNED_CONTEXT ( ( #745, #267, #674 ) ) REPRESENTATION_CONTEXT ( 'NONE', 'WORKASPACE' ) );
#424 = CARTESIAN_POINT ( 'NONE',  ( -0.01827101994440422442, -0.01443687074161694589, 0.01849999999999999561 ) ) ;
#425 = CARTESIAN_POINT ( 'NONE',  ( -0.01244101200322302037, 0.007258895118153559436, 0.008000000000000000167 ) ) ;
#426 = CARTESIAN_POINT ( 'NONE',  ( -0.007783303277377777961, -0.005333303277377778040, 0.002500000000000000052 ) ) ;
#427 = ORIENTED_EDGE ( 'NONE', *, *, #48, .T. ) ;
#428 = CARTESIAN_POINT ( 'NONE',  ( 0.009899569999999999897, -0.01979913999999999633, 0.000000000000000000 ) ) ;
#429 = DIRECTION ( 'NONE',  ( -0.000000000000000000, 0.000000000000000000, -1.000000000000000000 ) ) ;
#430 = CARTESIAN_POINT ( 'NONE',  ( -0.005874191486463093727, 0.006720354184193775247, 0.01650000000000000078 ) ) ;
#431 = CARTESIAN_POINT ( 'NONE',  ( 0.0009741914864630993060, 0.006720354184193771778, 0.01349999999999999985 ) ) ;
#432 = CARTESIAN_POINT ( 'NONE',  ( 0.01616924402489153950, -0.01058544570780713817, 0.004499999999999998793 ) ) ;
#433 = LINE ( 'NONE', #283, #335 ) ;
#434 = CARTESIAN_POINT ( 'NONE',  ( -6.968842398331721931E-05, 0.02128525371454314738, 0.01849999999999999561 ) ) ;
#435 = CARTESIAN_POINT ( 'NONE',  ( -0.002449999999999997752, 0.007449569999999999109, 0.01499999999999999944 ) ) ;
#436 = CARTESIAN_POINT ( 'NONE',  ( -0.02373525371454315164, -0.002380311576016673134, 0.01650000000000000078 ) ) ;
#437 = CARTESIAN_POINT ( 'NONE',  ( -0.01479957000000000147, 1.512386137134617989E-18, 0.01000000000000000021 ) ) ;
#438 = CARTESIAN_POINT ( 'NONE',  ( -0.006828747381920440181, -0.006026828730785775343, 0.003000000000000000062 ) ) ;
#439 = CARTESIAN_POINT ( 'NONE',  ( -0.01244101200322302037, -0.007258895118153556834, 0.01200000000000000025 ) ) ;
#440 = CARTESIAN_POINT ( 'NONE',  ( 0.001366227003223019747, 0.01174513902194313994, 0.004000000000000000083 ) ) ;
#441 = FACE_OUTER_BOUND ( 'NONE', #189, .T. ) ;
#442 = CARTESIAN_POINT ( 'NONE',  ( 0.009189093352088360811, 0.01766447123085976637, 0.01700000000000000122 ) ) ;
#443 = CARTESIAN_POINT ( 'NONE',  ( -0.01244101200322302037, 0.007258895118153559436, 0.008000000000000000167 ) ) ;
#444 = CARTESIAN_POINT ( 'NONE',  ( -0.01419513902194314246, -0.003816227003223017934, 0.01099999999999999936 ) ) ;
#445 = CARTESIAN_POINT ( 'NONE',  ( -0.02407865450329701659, -0.008758945615855233749, 0.008000000000000000167 ) ) ;
#446 = CARTESIAN_POINT ( 'NONE',  ( -0.02373525371454315164, -0.002380311576016673134, 0.01650000000000000078 ) ) ;
#447 = CARTESIAN_POINT ( 'NONE',  ( -0.008476828730785776131, 0.004378747381920441127, 0.01800000000000000211 ) ) ;
#448 = CARTESIAN_POINT ( 'NONE',  ( -0.009708895118153560225, -0.009991012003223019577, 0.01300000000000000114 ) ) ;
#449 = CARTESIAN_POINT ( 'NONE',  ( -0.02106924402489153414, -0.01058544570780713297, 0.005499999999999998813 ) ) ;
#450 = CARTESIAN_POINT ( 'NONE',  ( -0.01479956999999999974, 0.01979913999999999633, 0.01000000000000000021 ) ) ;
#451 = CIRCLE ( 'NONE', #570, 0.002549999999999999750 ) ;
#452 = CARTESIAN_POINT ( 'NONE',  ( -0.01419513902194314246, -0.003816227003223017934, 0.01099999999999999936 ) ) ;
#453 = CARTESIAN_POINT ( 'NONE',  ( 0.007541012003223018789, 0.007258895118153557702, 0.002000000000000000042 ) ) ;
#454 = CARTESIAN_POINT ( 'NONE',  ( -0.02224913999999999711, 0.01234957000000000242, 0.005000000000000000104 ) ) ;
#455 = CARTESIAN_POINT ( 'NONE',  ( -0.02011447123085977756, -0.01163909335208835119, 0.01799999999999999864 ) ) ;
#456 = CARTESIAN_POINT ( 'NONE',  ( -0.01479956999999999800, -0.001955979732698681726, 0.01050000000000000065 ) ) ;
#457 = CARTESIAN_POINT ( 'NONE',  ( -0.0004940202673013160267, 0.01234957000000000069, 0.004499999999999998793 ) ) ;
#458 = CARTESIAN_POINT ( 'NONE',  ( 0.02019632811726304253, -0.005626868287934350121, 0.01600000000000000033 ) ) ;
#459 = CARTESIAN_POINT ( 'NONE',  ( -0.01129131596255975034, 0.01950792251731531951, 0.01250000000000000069 ) ) ;
#460 = ADVANCED_FACE ( 'NONE', ( #619 ), #274, .F. ) ;
#461 = CARTESIAN_POINT ( 'NONE',  ( 0.006391315962559757438, 0.008841315962559759961, 0.002500000000000000052 ) ) ;
#462 = DATE_TIME_ROLE ( 'creation_date' ) ;
#463 = ORIENTED_EDGE ( 'NONE', *, *, #310, .F. ) ;
#464 = CARTESIAN_POINT ( 'NONE',  ( -0.01166369429219286241, -0.02175511973269867935, 0.01049999999999999718 ) ) ;
#465 = CARTESIAN_POINT ( 'NONE',  ( 0.01521447123085977425, 0.01163909335208835293, 0.008000000000000000167 ) ) ;
#466 = PRODUCT_DEFINITION_SHAPE ( 'NONE', 'NONE',  #650 ) ;
#467 = CARTESIAN_POINT ( 'NONE',  ( 0.006391315962559756571, -0.008841315962559761696, 0.01750000000000000167 ) ) ;
#468 = APPROVAL_ROLE ( '' ) ;
#469 = CARTESIAN_POINT ( 'NONE',  ( -0.008060813769288221672, -0.02039658811592923171, 0.008000000000000000167 ) ) ;
#470 = CARTESIAN_POINT ( 'NONE',  ( -0.01479957000000000147, 1.512386137134617989E-18, 0.01000000000000000021 ) ) ;
#471 = DIRECTION ( 'NONE',  ( 0.000000000000000000, -0.000000000000000000, 1.000000000000000000 ) ) ;
#472 = CALENDAR_DATE ( 2025, 17, 5 ) ;
#473 = CARTESIAN_POINT ( 'NONE',  ( 0.001928747381920440122, 0.006026828730785774475, 0.01300000000000000114 ) ) ;
#474 = CARTESIAN_POINT ( 'NONE',  ( 0.009295139021943139152, -0.003816227003223022704, 0.01899999999999999953 ) ) ;
#475 = CARTESIAN_POINT ( 'NONE',  ( 0.002883303277377772048, -0.02301593520249729796, 0.01250000000000000069 ) ) ;
#476 = DATE_AND_TIME ( #472, #580 ) ;
#477 = CARTESIAN_POINT ( 'NONE',  ( 0.01794658811592923092, -0.005610813769288221751, 0.01300000000000000114 ) ) ;
#478 = CARTESIAN_POINT ( 'NONE',  ( 0.009899569999999999897, -0.01979913999999999633, 0.02000000000000000042 ) ) ;
#479 = CARTESIAN_POINT ( 'NONE',  ( -0.0008033695031490276084, -0.02327673585216235089, 0.01200000000000000198 ) ) ;
#480 = CARTESIAN_POINT ( 'NONE',  ( -0.004752043730785778311, -0.007084962092096885877, 0.004000000000000000083 ) ) ;
#481 = APPLICATION_PROTOCOL_DEFINITION ( 'international standard', 'config_control_design', 1994, #4 ) ;
#482 = AXIS2_PLACEMENT_3D ( 'NONE', #329, #540, #666 ) ;
#483 = CARTESIAN_POINT ( 'NONE',  ( -0.003416691358088085138, 0.02113214484482580161, 0.01899999999999999953 ) ) ;
#484 = CARTESIAN_POINT ( 'NONE',  ( -0.02029316026730131409, -0.01548544570780713628, 0.01549999999999999989 ) ) ;
#485 = CARTESIAN_POINT ( 'NONE',  ( -0.02269137380409673097, -0.01218458795433269119, 0.008500000000000000611 ) ) ;
#486 = VERTEX_POINT ( 'NONE', #103 ) ;
#487 = CARTESIAN_POINT ( 'NONE',  ( -0.009899569999999999897, 1.212347671343516232E-18, 0.000000000000000000 ) ) ;
#488 = CARTESIAN_POINT ( 'NONE',  ( -0.01359070804388627651, 0.005676474273747356310, 0.008500000000000000611 ) ) ;
#489 = CARTESIAN_POINT ( 'NONE',  ( -0.02195792251731531336, 0.008841315962559758226, 0.002500000000000000052 ) ) ;
#490 = ORIENTED_EDGE ( 'NONE', *, *, #656, .T. ) ;
#491 = CARTESIAN_POINT ( 'NONE',  ( -0.008060813769288214733, 0.02039658811592923171, 0.01200000000000000198 ) ) ;
#492 = CARTESIAN_POINT ( 'NONE',  ( -0.01129131596255975901, 0.008841315962559759961, 0.007499999999999999722 ) ) ;
#493 = CARTESIAN_POINT ( 'NONE',  ( -0.009899569999999996428, -0.001179895975108454301, 0.0005000000000000000104 ) ) ;
#494 = EDGE_CURVE ( 'NONE', #154, #701, #525, .T. ) ;
#495 = CARTESIAN_POINT ( 'NONE',  ( -0.02106924402489153414, 0.01058544570780713817, 0.01449999999999999900 ) ) ;
#496 = CARTESIAN_POINT ( 'NONE',  ( -0.002450000000000002523, -0.01234957000000000069, 0.01499999999999999944 ) ) ;
#497 = CARTESIAN_POINT ( 'NONE',  ( 0.001928747381920436219, -0.006026828730785777077, 0.007000000000000000146 ) ) ;
#498 = CARTESIAN_POINT ( 'NONE',  ( -0.008126474273747354496, 0.01114070804388628093, 0.006500000000000000569 ) ) ;
#499 = CARTESIAN_POINT ( 'NONE',  ( -0.001483308641911904079, 0.02113214484482580161, 0.01099999999999999936 ) ) ;
#500 = CC_DESIGN_DATE_AND_TIME_ASSIGNMENT ( #537, #400, ( #518 ) ) ;
#501 = DIRECTION ( 'NONE',  ( -1.000000000000000000, 0.000000000000000000, 0.000000000000000000 ) ) ;
#502 = CARTESIAN_POINT ( 'NONE',  ( 0.004999569999999993984, -0.01979913999999999633, 0.01000000000000000021 ) ) ;
#503 = CARTESIAN_POINT ( 'NONE',  ( -0.01479956999999999800, 0.001955979732698685195, 0.009499999999999999764 ) ) ;
#504 = CARTESIAN_POINT ( 'NONE',  ( -0.0008033695031490242474, 0.02327673585216235436, 0.008000000000000000167 ) ) ;
#505 = CARTESIAN_POINT ( 'NONE',  ( -0.006266227003223019155, 0.01174513902194314167, 0.006000000000000000125 ) ) ;
#506 = CARTESIAN_POINT ( 'NONE',  ( 0.01705792251731530831, -0.008841315962559763431, 0.01250000000000000069 ) ) ;
#507 = CARTESIAN_POINT ( 'NONE',  ( 0.009295139021943139152, 0.003816227003223019235, 0.001000000000000000021 ) ) ;
#508 = CARTESIAN_POINT ( 'NONE',  ( -0.01120894561585524148, -0.02162865450329701233, 0.01700000000000000122 ) ) ;
#509 = DIRECTION ( 'NONE',  ( -1.000000000000000000, 0.000000000000000000, 0.000000000000000000 ) ) ;
#510 = CARTESIAN_POINT ( 'NONE',  ( -0.001270104024891542151, 0.007449569999999998242, 0.01450000000000000074 ) ) ;
#511 = CARTESIAN_POINT ( 'NONE',  ( 0.0009741914864630958366, -0.006720354184193774380, 0.006500000000000000569 ) ) ;
#512 = CARTESIAN_POINT ( 'NONE',  ( -0.01479956999999999627, 0.001955979732698685195, 0.009499999999999999764 ) ) ;
#513 = CARTESIAN_POINT ( 'NONE',  ( -0.007783303277377776226, 0.02301593520249729796, 0.002500000000000000052 ) ) ;
#514 = CARTESIAN_POINT ( 'NONE',  ( -0.02342903597510844621, 0.004313694292192866118, 0.01549999999999999989 ) ) ;
#515 = CARTESIAN_POINT ( 'NONE',  ( -0.004752043730785774842, 0.007084962092096886745, 0.01600000000000000033 ) ) ;
#516 = CARTESIAN_POINT ( 'NONE',  ( -0.01746387411081700911, -0.01786340975595192976, 0.01600000000000000033 ) ) ;
#517 = CARTESIAN_POINT ( 'NONE',  ( -0.02195792251731531336, 0.008841315962559758226, 0.002500000000000000052 ) ) ;
#518 = SECURITY_CLASSIFICATION ( '', '', #736 ) ;
#519 = CARTESIAN_POINT ( 'NONE',  ( 0.01256387411081700926, 0.01786340975595193670, 0.006000000000000000992 ) ) ;
#520 = ORGANIZATION ( 'UNSPECIFIED', 'UNSPECIFIED', '' ) ;
#521 = CARTESIAN_POINT ( 'NONE',  ( -0.008126474273747354496, 0.01114070804388628093, 0.006500000000000000569 ) ) ;
#522 = CARTESIAN_POINT ( 'NONE',  ( -0.0004099577163241760469, -0.02353753650182740034, 0.01849999999999999561 ) ) ;
#523 = CARTESIAN_POINT ( 'NONE',  ( -0.01479957000000000321, -0.01979913999999999633, 0.01000000000000000021 ) ) ;
#524 = CARTESIAN_POINT ( 'NONE',  ( -0.004830311576016673054, 0.02128525371454315085, 0.01149999999999999634 ) ) ;
#525 = CIRCLE ( 'NONE', #365, 0.009899569999999999897 ) ;
#526 = CARTESIAN_POINT ( 'NONE',  ( 0.007541012003223018789, 0.007258895118153557702, 0.002000000000000000042 ) ) ;
#527 = CARTESIAN_POINT ( 'NONE',  ( -0.008126474273747357965, -0.01114070804388627919, 0.01349999999999999985 ) ) ;
#528 = CARTESIAN_POINT ( 'NONE',  ( 0.02082673585216235357, 0.001646630496850967976, 0.01700000000000000122 ) ) ;
#529 = APPROVAL ( #613, 'UNSPECIFIED' ) ;
#530 = CARTESIAN_POINT ( 'NONE',  ( 0.02019632811726304253, 0.005626868287934344050, 0.004000000000000000083 ) ) ;
#531 = DIRECTION ( 'NONE',  ( -0.000000000000000000, -0.000000000000000000, 1.000000000000000000 ) ) ;
#532 = MECHANICAL_CONTEXT ( 'NONE', #768, 'mechanical' ) ;
#533 = ORIENTED_EDGE ( 'NONE', *, *, #747, .T. ) ;
#534 = CARTESIAN_POINT ( 'NONE',  ( -0.01897805738325425082, -0.01320323282610567917, 0.006000000000000000992 ) ) ;
#535 = CARTESIAN_POINT ( 'NONE',  ( 0.003160813769288216626, -0.02039658811592923171, 0.002000000000000000042 ) ) ;
#536 = CARTESIAN_POINT ( 'NONE',  ( -0.009708895118153556755, 0.009991012003223019577, 0.007000000000000000146 ) ) ;
#537 = DATE_AND_TIME ( #825, #132 ) ;
#538 = CARTESIAN_POINT ( 'NONE',  ( -0.001270104024891542151, 0.007449569999999998242, 0.01450000000000000074 ) ) ;
#539 = CARTESIAN_POINT ( 'NONE',  ( -0.008126474273747354496, 0.01114070804388628093, 0.006500000000000000569 ) ) ;
#540 = DIRECTION ( 'NONE',  ( 0.000000000000000000, -0.000000000000000000, 1.000000000000000000 ) ) ;
#541 = CC_DESIGN_PERSON_AND_ORGANIZATION_ASSIGNMENT ( #131, #198, ( #650 ) ) ;
#542 = DIRECTION ( 'NONE',  ( 0.000000000000000000, 0.000000000000000000, 1.000000000000000000 ) ) ;
#543 = CARTESIAN_POINT ( 'NONE',  ( -0.003629895975108457691, -0.007449569999999999109, 0.004499999999999998793 ) ) ;
#544 = CARTESIAN_POINT ( 'NONE',  ( -0.0004940202673013190625, -0.01234957000000000069, 0.01549999999999999989 ) ) ;
#545 = CARTESIAN_POINT ( 'NONE',  ( -0.02572673585216234821, -0.001646630496850973180, 0.007000000000000000146 ) ) ;
#546 = DATE_AND_TIME ( #259, #852 ) ;
#547 = CARTESIAN_POINT ( 'NONE',  ( 0.009189093352088360811, 0.01766447123085976637, 0.01700000000000000122 ) ) ;
#548 = CARTESIAN_POINT ( 'NONE',  ( -0.02031340975595193402, 0.01501387411081701005, 0.01099999999999999936 ) ) ;
#549 = CARTESIAN_POINT ( 'NONE',  ( -0.01463458795433269372, 0.02024137380409672671, 0.003500000000000000073 ) ) ;
#550 = CARTESIAN_POINT ( 'NONE',  ( -0.007783303277377778828, -0.005333303277377778040, 0.002500000000000000052 ) ) ;
#551 = COORDINATED_UNIVERSAL_TIME_OFFSET ( 1, 0, .AHEAD. ) ;
#552 = CARTESIAN_POINT ( 'NONE',  ( 0.01734913999999999901, 0.007449569999999994772, 0.01499999999999999944 ) ) ;
#553 = CARTESIAN_POINT ( 'NONE',  ( 0.008690708043886278406, -0.005676474273747357177, 0.01849999999999999908 ) ) ;
#554 = CARTESIAN_POINT ( 'NONE',  ( -0.02546593520249729528, -0.005333303277377773703, 0.007499999999999999722 ) ) ;
#555 = ORIENTED_EDGE ( 'NONE', *, *, #112, .F. ) ;
#556 = AXIS2_PLACEMENT_3D ( 'NONE', #670, #878, #325 ) ;
#557 = CARTESIAN_POINT ( 'NONE',  ( -0.001270104024891546488, -0.007449569999999999109, 0.005499999999999999681 ) ) ;
#558 = CARTESIAN_POINT ( 'NONE',  ( 0.006391315962559757438, 0.008841315962559759961, 0.002500000000000000052 ) ) ;
#559 = CARTESIAN_POINT ( 'NONE',  ( -0.02598753650182740807, 0.002040042283675829946, 0.006499999999999999702 ) ) ;
#560 = CARTESIAN_POINT ( 'NONE',  ( -0.005000000000000000104, 0.000000000000000000, 0.000000000000000000 ) ) ;
#561 = CARTESIAN_POINT ( 'NONE',  ( -0.009899570000000001632, -0.01979913999999999633, 0.000000000000000000 ) ) ;
#562 = FACE_OUTER_BOUND ( 'NONE', #697, .T. ) ;
#563 = CARTESIAN_POINT ( 'NONE',  ( -0.01827101994440422442, 0.01443687074161695109, 0.001500000000000000248 ) ) ;
#564 = CARTESIAN_POINT ( 'NONE',  ( 0.003160813769288216626, -0.02039658811592923171, 0.002000000000000000042 ) ) ;
#565 = CARTESIAN_POINT ( 'NONE',  ( -0.01129131596255976248, -0.008841315962559758226, 0.01250000000000000069 ) ) ;
#566 = CARTESIAN_POINT ( 'NONE',  ( 0.004634962092096886824, 0.002302043730785774487, 0.01099999999999999936 ) ) ;
#567 = CARTESIAN_POINT ( 'NONE',  ( -0.004405979732698683815, 0.01234957000000000069, 0.005499999999999999681 ) ) ;
#568 = CC_DESIGN_PERSON_AND_ORGANIZATION_ASSIGNMENT ( #138, #2, ( #120 ) ) ;
#569 = CARTESIAN_POINT ( 'NONE',  ( 0.004999570000000002658, 0.01979913999999999633, 0.01000000000000000021 ) ) ;
#570 = AXIS2_PLACEMENT_3D ( 'NONE', #320, #531, #805 ) ;
#571 = CARTESIAN_POINT ( 'NONE',  ( 0.007541012003223018789, 0.007258895118153557702, 0.002000000000000000042 ) ) ;
#572 = CARTESIAN_POINT ( 'NONE',  ( -0.009534962092096886666, 0.002302043730785780125, 0.01899999999999999953 ) ) ;
#573 = CARTESIAN_POINT ( 'NONE',  ( -0.0004940202673013190625, -0.01234957000000000069, 0.01549999999999999989 ) ) ;
#574 = CARTESIAN_POINT ( 'NONE',  ( 0.01075323282610568358, 0.01652805738325424309, 0.008999999999999999320 ) ) ;
#575 = DIRECTION ( 'NONE',  ( 0.000000000000000000, 0.000000000000000000, -1.000000000000000000 ) ) ;
#576 = CARTESIAN_POINT ( 'NONE',  ( 0.01883525371454314659, -0.002380311576016682674, 0.01349999999999999985 ) ) ;
#577 = CARTESIAN_POINT ( 'NONE',  ( 0.006391315962559758306, 0.008841315962559759961, 0.002500000000000000052 ) ) ;
#578 = CARTESIAN_POINT ( 'NONE',  ( 0.01256387411081700926, 0.01786340975595193670, 0.006000000000000000992 ) ) ;
#579 = CARTESIAN_POINT ( 'NONE',  ( -0.002450000000000000355, 0.000000000000000000, 0.02000000000000000042 ) ) ;
#580 = LOCAL_TIME ( 17, 36, 11.00000000000000000, #617 ) ;
#581 = CARTESIAN_POINT ( 'NONE',  ( 0.003576828730785774121, -0.004378747381920440260, 0.008000000000000000167 ) ) ;
#582 = CARTESIAN_POINT ( 'NONE',  ( -0.007783303277377777094, 0.005333303277377780642, 0.01750000000000000167 ) ) ;
#583 = CARTESIAN_POINT ( 'NONE',  ( 0.009295139021943139152, 0.003816227003223019235, 0.001000000000000000021 ) ) ;
#584 = CARTESIAN_POINT ( 'NONE',  ( 0.01256387411081700059, -0.01786340975595193670, 0.01400000000000000029 ) ) ;
#585 = CARTESIAN_POINT ( 'NONE',  ( 0.01075323282610567838, -0.01652805738325425003, 0.01099999999999999936 ) ) ;
#586 = CARTESIAN_POINT ( 'NONE',  ( -0.0001479562692142212326, 0.007084962092096885877, 0.01400000000000000029 ) ) ;
#587 = CARTESIAN_POINT ( 'NONE',  ( 0.009899569999999994693, -0.001955979732698686496, 0.01949999999999999997 ) ) ;
#588 = CARTESIAN_POINT ( 'NONE',  ( -0.01827101994440422442, 0.01443687074161695109, 0.001500000000000000248 ) ) ;
#589 = CARTESIAN_POINT ( 'NONE',  ( 0.01779137380409672592, -0.01218458795433269640, 0.001500000000000000248 ) ) ;
#590 = CARTESIAN_POINT ( 'NONE',  ( 0.001366227003223019747, 0.01174513902194313994, 0.004000000000000000083 ) ) ;
#591 = CARTESIAN_POINT ( 'NONE',  ( -0.02420511973269868014, -0.009213694292192854685, 0.01449999999999999900 ) ) ;
#592 = CARTESIAN_POINT ( 'NONE',  ( -0.0008033695031490276084, -0.02327673585216235089, 0.01200000000000000198 ) ) ;
#593 = CC_DESIGN_APPROVAL ( #833, ( #518 ) ) ;
#594 = CARTESIAN_POINT ( 'NONE',  ( -0.009899570000000001632, -0.01979913999999999633, 0.02000000000000000042 ) ) ;
#595 = CARTESIAN_POINT ( 'NONE',  ( -0.004405979732698686417, -0.01234956999999999895, 0.01450000000000000074 ) ) ;
#596 = CARTESIAN_POINT ( 'NONE',  ( -0.01419513902194314073, 0.003816227003223020536, 0.009000000000000001055 ) ) ;
#597 = CARTESIAN_POINT ( 'NONE',  ( 0.007541012003223018789, -0.007258895118153560304, 0.01800000000000000211 ) ) ;
#598 = CARTESIAN_POINT ( 'NONE',  ( 0.002883303277377778986, 0.02301593520249729449, 0.007499999999999999722 ) ) ;
#599 = CARTESIAN_POINT ( 'NONE',  ( 0.003226474273747355088, 0.01114070804388627919, 0.003499999999999999205 ) ) ;
#600 = CARTESIAN_POINT ( 'NONE',  ( -0.02572673585216235514, 0.001646630496850976866, 0.01300000000000000114 ) ) ;
#601 = ORIENTED_EDGE ( 'NONE', *, *, #686, .T. ) ;
#602 = CARTESIAN_POINT ( 'NONE',  ( -0.004490042283675831601, -0.02353753650182740034, 0.01149999999999999634 ) ) ;
#603 = CARTESIAN_POINT ( 'NONE',  ( -0.01688687074161695015, 0.01582101994440422363, 0.01349999999999999985 ) ) ;
#604 = CARTESIAN_POINT ( 'NONE',  ( -0.004405979732698683815, 0.01234957000000000069, 0.005499999999999999681 ) ) ;
#605 = APPROVAL_STATUS ( 'not_yet_approved' ) ;
#606 = CARTESIAN_POINT ( 'NONE',  ( -0.001483308641911913403, -0.02113214484482579814, 0.008999999999999999320 ) ) ;
#607 = CARTESIAN_POINT ( 'NONE',  ( -0.01408909335208835371, 0.01766447123085977330, 0.01300000000000000114 ) ) ;
#608 = CARTESIAN_POINT ( 'NONE',  ( 0.008690708043886278406, -0.005676474273747357177, 0.01849999999999999908 ) ) ;
#609 = DATE_AND_TIME ( #330, #90 ) ;
#610 = CARTESIAN_POINT ( 'NONE',  ( -0.006828747381920436711, 0.006026828730785777945, 0.01700000000000000122 ) ) ;
#611 = CARTESIAN_POINT ( 'NONE',  ( -0.006266227003223021758, -0.01174513902194313994, 0.01400000000000000029 ) ) ;
#612 = CARTESIAN_POINT ( 'NONE',  ( -0.02029316026730130715, 0.01548544570780713628, 0.004499999999999998793 ) ) ;
#613 = APPROVAL_STATUS ( 'not_yet_approved' ) ;
#614 = CARTESIAN_POINT ( 'NONE',  ( -6.968842398331721931E-05, 0.02128525371454314738, 0.01849999999999999561 ) ) ;
#615 = CARTESIAN_POINT ( 'NONE',  ( -0.002450000000000002523, -0.01234957000000000069, 0.01499999999999999944 ) ) ;
#616 = CARTESIAN_POINT ( 'NONE',  ( -0.008060813769288221672, -0.02039658811592923171, 0.008000000000000000167 ) ) ;
#617 = COORDINATED_UNIVERSAL_TIME_OFFSET ( 1, 0, .AHEAD. ) ;
#618 = CARTESIAN_POINT ( 'NONE',  ( 0.01198687074161695551, 0.01582101994440422016, 0.01650000000000000078 ) ) ;
#619 = FACE_OUTER_BOUND ( 'NONE', #414, .T. ) ;
#620 = CARTESIAN_POINT ( 'NONE',  ( -0.01746387411081700217, 0.01786340975595193670, 0.004000000000000000083 ) ) ;
#621 = CARTESIAN_POINT ( 'NONE',  ( -0.001270104024891546488, -0.007449569999999999109, 0.005499999999999999681 ) ) ;
#622 = APPROVAL_PERSON_ORGANIZATION ( #336, #529, #468 ) ;
#623 = DATE_AND_TIME ( #326, #6 ) ;
#624 = CARTESIAN_POINT ( 'NONE',  ( 0.004999569999999998321, -2.124656876895930899E-18, 0.01000000000000000021 ) ) ;
#625 = CARTESIAN_POINT ( 'NONE',  ( -0.007783303277377781430, -0.02301593520249729449, 0.01750000000000000167 ) ) ;
#626 = CARTESIAN_POINT ( 'NONE',  ( -0.007783303277377776226, 0.02301593520249729796, 0.002500000000000000052 ) ) ;
#627 = CARTESIAN_POINT ( 'NONE',  ( 0.01794658811592923092, 0.005610813769288214813, 0.007000000000000000146 ) ) ;
#628 = CARTESIAN_POINT ( 'NONE',  ( 0.008690708043886280140, 0.005676474273747354575, 0.001500000000000000031 ) ) ;
#629 = CARTESIAN_POINT ( 'NONE',  ( -0.02509632811726304757, 0.005626868287934347519, 0.006000000000000000992 ) ) ;
#630 = CARTESIAN_POINT ( 'NONE',  ( -0.002450000000000002089, -0.007449569999999999109, 0.005000000000000000104 ) ) ;
#631 = CARTESIAN_POINT ( 'NONE',  ( 0.009734587954332695608, 0.02024137380409673018, 0.006499999999999999702 ) ) ;
#632 = CARTESIAN_POINT ( 'NONE',  ( -0.01479956999999999800, -0.001955979732698681726, 0.01050000000000000065 ) ) ;
#633 = CARTESIAN_POINT ( 'NONE',  ( 0.01337101994440422111, -0.01443687074161695630, 0.01149999999999999634 ) ) ;
#634 = CARTESIAN_POINT ( 'NONE',  ( -0.0004940202673013160267, 0.01234957000000000069, 0.004499999999999999660 ) ) ;
#635 = APPROVAL_PERSON_ORGANIZATION ( #812, #833, #194 ) ;
#636 = CARTESIAN_POINT ( 'NONE',  ( 0.01883525371454315006, 0.002380311576016675736, 0.006499999999999999702 ) ) ;
#637 = CARTESIAN_POINT ( 'NONE',  ( -0.002450000000000000355, 0.000000000000000000, 0.02700000000000000316 ) ) ;
#638 = CARTESIAN_POINT ( 'NONE',  ( -0.003416691358088085138, 0.02113214484482580161, 0.01899999999999999953 ) ) ;
#639 = CARTESIAN_POINT ( 'NONE',  ( -0.001270104024891542151, 0.007449569999999998242, 0.01450000000000000074 ) ) ;
#640 = CARTESIAN_POINT ( 'NONE',  ( 0.01734913999999999554, -0.007449570000000002579, 0.005000000000000000104 ) ) ;
#641 = AXIS2_PLACEMENT_3D ( 'NONE', #827, #778, #501 ) ;
#642 = DIRECTION ( 'NONE',  ( -1.000000000000000000, 0.000000000000000000, 0.000000000000000000 ) ) ;
#643 = CARTESIAN_POINT ( 'NONE',  ( -0.004752043730785774842, 0.007084962092096886745, 0.01600000000000000033 ) ) ;
#644 = CARTESIAN_POINT ( 'NONE',  ( 0.004999569999999998321, -0.001179895975108457987, 0.009499999999999999764 ) ) ;
#645 = CARTESIAN_POINT ( 'NONE',  ( 0.01337101994440422111, 0.01443687074161694589, 0.008500000000000000611 ) ) ;
#646 = CARTESIAN_POINT ( 'NONE',  ( -0.004405979732698686417, -0.01234956999999999895, 0.01450000000000000074 ) ) ;
#647 = CARTESIAN_POINT ( 'NONE',  ( 0.004999569999999998321, -0.001179895975108457987, 0.009499999999999999764 ) ) ;
#648 = CARTESIAN_POINT ( 'NONE',  ( 0.003226474273747355088, 0.01114070804388627919, 0.003499999999999999639 ) ) ;
#649 = CARTESIAN_POINT ( 'NONE',  ( -0.007783303277377781430, -0.02301593520249729449, 0.01750000000000000167 ) ) ;
#650 = PRODUCT_DEFINITION ( 'UNKNOWN', '', #120, #58 ) ;
#651 = CARTESIAN_POINT ( 'NONE',  ( 0.009734587954332690404, -0.02024137380409673018, 0.01349999999999999985 ) ) ;
#652 = CARTESIAN_POINT ( 'NONE',  ( 0.0009741914864630958366, -0.006720354184193774380, 0.006500000000000000569 ) ) ;
#653 = CARTESIAN_POINT ( 'NONE',  ( -0.01359070804388627825, 0.005676474273747356310, 0.008500000000000000611 ) ) ;
#654 = CARTESIAN_POINT ( 'NONE',  ( -0.02598753650182740807, -0.002040042283675824308, 0.01349999999999999985 ) ) ;
#655 = CARTESIAN_POINT ( 'NONE',  ( 0.02108753650182740649, -0.002040042283675831247, 0.01650000000000000078 ) ) ;
#656 = EDGE_CURVE ( 'NONE', #218, #409, #85, .T. ) ;
#657 = CARTESIAN_POINT ( 'NONE',  ( -0.02195792251731531336, -0.008841315962559751288, 0.01750000000000000167 ) ) ;
#658 = CARTESIAN_POINT ( 'NONE',  ( 0.009295139021943139152, 0.003816227003223019235, 0.001000000000000000021 ) ) ;
#659 = CARTESIAN_POINT ( 'NONE',  ( 0.004808895118153556913, 0.009991012003223019577, 0.003000000000000000062 ) ) ;
#660 = CARTESIAN_POINT ( 'NONE',  ( -0.02598753650182740807, 0.002040042283675829946, 0.006499999999999999702 ) ) ;
#661 = CARTESIAN_POINT ( 'NONE',  ( 0.01198687074161694857, -0.01582101994440422363, 0.003500000000000000073 ) ) ;
#662 = CARTESIAN_POINT ( 'NONE',  ( -0.009708895118153560225, -0.009991012003223019577, 0.01300000000000000114 ) ) ;
#663 = CARTESIAN_POINT ( 'NONE',  ( -0.01479957000000000147, 1.512386137134617989E-18, 0.01000000000000000021 ) ) ;
#664 = CARTESIAN_POINT ( 'NONE',  ( 0.002883303277377772048, -0.02301593520249729796, 0.01250000000000000069 ) ) ;
#665 = CARTESIAN_POINT ( 'NONE',  ( 0.02056593520249729370, -0.005333303277377776305, 0.002500000000000000052 ) ) ;
#666 = DIRECTION ( 'NONE',  ( 1.000000000000000000, -6.123233995736766036E-17, 0.000000000000000000 ) ) ;
#667 = CARTESIAN_POINT ( 'NONE',  ( 0.009295139021943139152, -0.003816227003223022704, 0.01899999999999999953 ) ) ;
#668 = CARTESIAN_POINT ( 'NONE',  ( -0.01565323282610567995, 0.01652805738325424656, 0.001000000000000000021 ) ) ;
#669 = CARTESIAN_POINT ( 'NONE',  ( -0.001483308641911904079, 0.02113214484482580161, 0.01099999999999999936 ) ) ;
#670 = CARTESIAN_POINT ( 'NONE',  ( -0.009899569999999999897, 1.212347671343516232E-18, 0.000000000000000000 ) ) ;
#671 = CARTESIAN_POINT ( 'NONE',  ( 0.0009741914864630993060, 0.006720354184193771778, 0.01349999999999999985 ) ) ;
#672 = CARTESIAN_POINT ( 'NONE',  ( 0.01616924402489153950, -0.01058544570780713817, 0.004499999999999998793 ) ) ;
#673 = CARTESIAN_POINT ( 'NONE',  ( 0.007541012003223018789, -0.007258895118153560304, 0.01800000000000000211 ) ) ;
#674 =( NAMED_UNIT ( * ) SI_UNIT ( $, .STERADIAN. ) SOLID_ANGLE_UNIT ( ) );
#675 = CARTESIAN_POINT ( 'NONE',  ( 0.01705792251731530831, -0.008841315962559763431, 0.01250000000000000069 ) ) ;
#676 = CARTESIAN_POINT ( 'NONE',  ( -0.01244101200322302037, -0.007258895118153556834, 0.01200000000000000025 ) ) ;
#677 = CARTESIAN_POINT ( 'NONE',  ( 0.009899569999999999897, 0.01979913999999999633, 0.02000000000000000042 ) ) ;
#678 = CARTESIAN_POINT ( 'NONE',  ( 0.01337101994440422111, -0.01443687074161695630, 0.01149999999999999634 ) ) ;
#679 = CARTESIAN_POINT ( 'NONE',  ( 0.001366227003223019747, 0.01174513902194313994, 0.004000000000000000083 ) ) ;
#680 = CARTESIAN_POINT ( 'NONE',  ( -0.01408909335208835892, -0.01766447123085976637, 0.007000000000000000146 ) ) ;
#681 = EDGE_LOOP ( 'NONE', ( #418, #601, #74, #146 ) ) ;
#682 = PERSON_AND_ORGANIZATION ( #301, #520 ) ;
#683 = CARTESIAN_POINT ( 'NONE',  ( 0.004634962092096886824, 0.002302043730785774487, 0.01099999999999999936 ) ) ;
#684 = CARTESIAN_POINT ( 'NONE',  ( 0.003176868287934338925, -0.02264632811726304679, 0.01899999999999999953 ) ) ;
#685 = CARTESIAN_POINT ( 'NONE',  ( 0.02108753650182740649, -0.002040042283675831247, 0.01650000000000000078 ) ) ;
#686 = EDGE_CURVE ( 'NONE', #218, #486, #55, .T. ) ;
#687 = CARTESIAN_POINT ( 'NONE',  ( -0.009170354184193773434, -0.003424191486463095974, 0.001500000000000000031 ) ) ;
#688 = APPROVAL_STATUS ( 'not_yet_approved' ) ;
#689 = CARTESIAN_POINT ( 'NONE',  ( 0.004999569999999998321, -0.001179895975108457987, 0.009499999999999999764 ) ) ;
#690 = CARTESIAN_POINT ( 'NONE',  ( 0.004808895118153555179, -0.009991012003223021312, 0.01700000000000000122 ) ) ;
#691 = CARTESIAN_POINT ( 'NONE',  ( -0.009899569999999998163, 0.01979913999999999633, 0.000000000000000000 ) ) ;
#692 = EDGE_LOOP ( 'NONE', ( #137, #427, #771, #555 ) ) ;
#693 = CARTESIAN_POINT ( 'NONE',  ( 0.01541340975595193417, -0.01501387411081700485, 0.001000000000000000021 ) ) ;
#694 = CARTESIAN_POINT ( 'NONE',  ( -0.02598753650182740807, -0.002040042283675824308, 0.01349999999999999985 ) ) ;
#695 = CARTESIAN_POINT ( 'NONE',  ( 0.006391315962559755703, -0.008841315962559761696, 0.01750000000000000167 ) ) ;
#696 = AXIS2_PLACEMENT_3D ( 'NONE', #836, #169, #224 ) ;
#697 = EDGE_LOOP ( 'NONE', ( #830, #69 ) ) ;
#698 = CARTESIAN_POINT ( 'NONE',  ( 0.02056593520249729370, -0.005333303277377776305, 0.002500000000000000052 ) ) ;
#699 = CARTESIAN_POINT ( 'NONE',  ( -0.01359070804388627651, 0.005676474273747356310, 0.008500000000000000611 ) ) ;
#700 = CARTESIAN_POINT ( 'NONE',  ( -0.004752043730785778311, -0.007084962092096885877, 0.004000000000000000083 ) ) ;
#701 = VERTEX_POINT ( 'NONE', #27 ) ;
#702 = CARTESIAN_POINT ( 'NONE',  ( -0.01565323282610568689, -0.01652805738325424309, 0.01899999999999999953 ) ) ;
#703 = PLANE ( 'NONE',  #696 ) ;
#704 = CARTESIAN_POINT ( 'NONE',  ( 0.01198687074161695551, 0.01582101994440422016, 0.01650000000000000078 ) ) ;
#705 = CARTESIAN_POINT ( 'NONE',  ( -0.01419513902194314246, -0.003816227003223017934, 0.01099999999999999936 ) ) ;
#706 = CARTESIAN_POINT ( 'NONE',  ( 0.02108753650182739955, 0.002040042283675828211, 0.003500000000000000073 ) ) ;
#707 = DIRECTION ( 'NONE',  ( 0.000000000000000000, 0.000000000000000000, -1.000000000000000000 ) ) ;
#708 = CARTESIAN_POINT ( 'NONE',  ( 0.004270354184193770990, -0.003424191486463099444, 0.008500000000000000611 ) ) ;
#709 = CARTESIAN_POINT ( 'NONE',  ( 0.001928747381920440122, 0.006026828730785774475, 0.01300000000000000114 ) ) ;
#710 = CARTESIAN_POINT ( 'NONE',  ( -0.009899569999999999897, 1.212347671343516232E-18, 0.02000000000000000042 ) ) ;
#711 = CARTESIAN_POINT ( 'NONE',  ( -0.004405979732698683815, 0.01234957000000000069, 0.005499999999999999681 ) ) ;
#712 = CARTESIAN_POINT ( 'NONE',  ( 0.006391315962559761775, 0.01950792251731531257, 0.01750000000000000167 ) ) ;
#713 = CARTESIAN_POINT ( 'NONE',  ( -0.008126474273747357965, -0.01114070804388627919, 0.01349999999999999985 ) ) ;
#714 = CARTESIAN_POINT ( 'NONE',  ( -0.008126474273747354496, 0.01114070804388628093, 0.006500000000000000569 ) ) ;
#715 = CARTESIAN_POINT ( 'NONE',  ( 0.009899569999999999897, 0.000000000000000000, 0.000000000000000000 ) ) ;
#716 = CARTESIAN_POINT ( 'NONE',  ( -0.003629895975108457691, -0.007449569999999999109, 0.004499999999999998793 ) ) ;
#717 = CARTESIAN_POINT ( 'NONE',  ( 0.004808895118153556913, 0.009991012003223019577, 0.003000000000000000062 ) ) ;
#718 = CARTESIAN_POINT ( 'NONE',  ( 0.001366227003223016712, -0.01174513902194314167, 0.01600000000000000033 ) ) ;
#719 = EDGE_CURVE ( 'NONE', #486, #12, #433, .T. ) ;
#720 = CARTESIAN_POINT ( 'NONE',  ( 0.006308945615855232961, -0.02162865450329701580, 0.01300000000000000114 ) ) ;
#721 = CARTESIAN_POINT ( 'NONE',  ( -0.01565323282610568689, -0.01652805738325424309, 0.01899999999999999953 ) ) ;
#722 = CARTESIAN_POINT ( 'NONE',  ( -0.009899569999999996428, 0.001179895975108458638, 0.01949999999999999997 ) ) ;
#723 = CARTESIAN_POINT ( 'NONE',  ( -0.002449999999999999487, 0.01234957000000000069, 0.005000000000000000104 ) ) ;
#724 = CARTESIAN_POINT ( 'NONE',  ( 0.001366227003223016712, -0.01174513902194314167, 0.01600000000000000033 ) ) ;
#725 = CARTESIAN_POINT ( 'NONE',  ( 0.01539316026730130904, 0.01548544570780713628, 0.005499999999999998813 ) ) ;
#726 = CARTESIAN_POINT ( 'NONE',  ( -0.01359070804388627825, -0.005676474273747353708, 0.01149999999999999634 ) ) ;
#727 = CARTESIAN_POINT ( 'NONE',  ( 0.009899569999999999897, 0.000000000000000000, 0.000000000000000000 ) ) ;
#728 = CARTESIAN_POINT ( 'NONE',  ( -0.02031340975595193749, -0.01501387411081700138, 0.008999999999999999320 ) ) ;
#729 = CARTESIAN_POINT ( 'NONE',  ( 0.01734913999999999554, -0.007449570000000002579, 0.005000000000000000104 ) ) ;
#730 = CARTESIAN_POINT ( 'NONE',  ( -0.002450000000000002523, -0.01234957000000000069, 0.01499999999999999944 ) ) ;
#731 = CARTESIAN_POINT ( 'NONE',  ( -0.0004940202673013190625, -0.01234957000000000069, 0.01549999999999999989 ) ) ;
#732 = CARTESIAN_POINT ( 'NONE',  ( 0.003226474273747353353, -0.01114070804388628093, 0.01650000000000000078 ) ) ;
#733 = CARTESIAN_POINT ( 'NONE',  ( -0.006763694292192860835, -0.02097903597510845236, 0.0004999999999999999020 ) ) ;
#734 = CARTESIAN_POINT ( 'NONE',  ( -0.01129131596255976248, -0.008841315962559758226, 0.01250000000000000069 ) ) ;
#735 =( BOUNDED_SURFACE ( )  B_SPLINE_SURFACE ( 3, 2, ( 
 ( #715, #782, #299, #628, #571, #89, #164, #22, #845, #228, #14, #711, #505, #152, #216, #492, #425, #699, #98, #356, #437, #632, #18, #287, #774, #565, #840, #369, #220, #646, #496, #32, #724, #732, #50, #251, #597, #178, #247, #238, #323 ),
 ( #737, #858, #36, #803, #790, #513, #190, #111, #313, #304, #454, #382, #107, #660, #870, #174, #445, #187, #728, #121, #523, #464, #373, #602, #592, #664, #720, #651, #584, #45, #116, #377, #458, #655, #528, #808, #308, #41, #866, #386, #799 ),
 ( #318, #391, #668, #588, #54, #517, #182, #862, #242, #876, #256, #449, #534, #795, #331, #885, #469, #139, #606, #327, #826, #206, #405, #678, #202, #675, #477, #71, #66, #831, #552, #880, #268, #618, #547, #128, #337, #614, #483, #411, #889 ),
 ( #487, #401, #124, #3, #9, #758, #415, #143, #264, #543, #821, #557, #752, #59, #818, #278, #273, #76, #346, #689, #624, #211, #683, #199, #397, #341, #473, #671, #260, #538, #813, #195, #742, #62, #610, #746, #133, #13, #155, #282, #710 ),
 ( #561, #835, #286, #31, #564, #80, #363, #219, #227, #432, #640, #93, #839, #636, #627, #97, #232, #645, #574, #215, #569, #773, #499, #853, #491, #767, #777, #763, #844, #495, #151, #147, #223, #436, #84, #368, #26, #424, #702, #17, #419 ),
 ( #428, #358, #693, #295, #291, #698, #351, #706, #159, #355, #298, #88, #578, #631, #21, #848, #504, #781, #163, #44, #312, #317, #798, #303, #322, #106, #600, #654, #874, #591, #181, #381, #516, #246, #508, #649, #857, #522, #785, #865, #241 ),
 ( #727, #35, #583, #49, #453, #869, #659, #168, #440, #457, #723, #115, #237, #714, #102, #794, #385, #372, #596, #512, #663, #53, #444, #789, #110, #250, #448, #527, #173, #802, #185, #731, #718, #119, #40, #390, #376, #307, #667, #587, #861 ) ),
 .UNSPECIFIED., .T., .F., .T. ) 
 B_SPLINE_SURFACE_WITH_KNOTS ( ( 4, 3, 4 ),
 ( 3, 2, 2, 2, 2, 2, 2, 2, 2, 2, 2, 2, 2, 2, 2, 2, 2, 2, 2, 2, 3 ),
 ( 0.000000000000000000, 0.5000000000000000000, 1.000000000000000000 ),
 ( 0.000000000000000000, 0.05000000000000000278, 0.1000000000000000056, 0.1499999999999999944, 0.2000000000000000111, 0.2500000000000000000, 0.2999999999999999889, 0.3499999999999999778, 0.4000000000000000222, 0.4500000000000000111, 0.5000000000000000000, 0.5500000000000000444, 0.5999999999999999778, 0.6500000000000000222, 0.6999999999999999556, 0.7500000000000000000, 0.8000000000000000444, 0.8499999999999999778, 0.9000000000000000222, 0.9499999999999999556, 1.000000000000000000 ),
 .UNSPECIFIED. ) 
 GEOMETRIC_REPRESENTATION_ITEM ( )  RATIONAL_B_SPLINE_SURFACE ( (
 ( 1.000000000000000000, 0.9876883405951377704, 1.000000000000000000, 0.9876883405951377704, 1.000000000000000000, 0.9876883405951377704, 1.000000000000000000, 0.9876883405951377704, 1.000000000000000000, 0.9876883405951377704, 1.000000000000000000, 0.9876883405951377704, 1.000000000000000000, 0.9876883405951377704, 1.000000000000000000, 0.9876883405951377704, 1.000000000000000000, 0.9876883405951377704, 1.000000000000000000, 0.9876883405951377704, 1.000000000000000000, 0.9876883405951377704, 1.000000000000000000, 0.9876883405951377704, 1.000000000000000000, 0.9876883405951377704, 1.000000000000000000, 0.9876883405951377704, 1.000000000000000000, 0.9876883405951377704, 1.000000000000000000, 0.9876883405951377704, 1.000000000000000000, 0.9876883405951377704, 1.000000000000000000, 0.9876883405951377704, 1.000000000000000000, 0.9876883405951377704, 1.000000000000000000, 0.9876883405951377704, 1.000000000000000000),
 ( 0.3333333333333333703, 0.3292294468650459605, 0.3333333333333333703, 0.3292294468650459605, 0.3333333333333333703, 0.3292294468650459605, 0.3333333333333333703, 0.3292294468650459605, 0.3333333333333333703, 0.3292294468650459605, 0.3333333333333333703, 0.3292294468650459605, 0.3333333333333333703, 0.3292294468650459605, 0.3333333333333333703, 0.3292294468650459605, 0.3333333333333333703, 0.3292294468650459605, 0.3333333333333333703, 0.3292294468650459605, 0.3333333333333333703, 0.3292294468650459605, 0.3333333333333333703, 0.3292294468650459605, 0.3333333333333333703, 0.3292294468650459605, 0.3333333333333333703, 0.3292294468650459605, 0.3333333333333333703, 0.3292294468650459605, 0.3333333333333333703, 0.3292294468650459605, 0.3333333333333333703, 0.3292294468650459605, 0.3333333333333333703, 0.3292294468650459605, 0.3333333333333333703, 0.3292294468650459605, 0.3333333333333333703, 0.3292294468650459605, 0.3333333333333333703),
 ( 0.3333333333333333703, 0.3292294468650459605, 0.3333333333333333703, 0.3292294468650459605, 0.3333333333333333703, 0.3292294468650459605, 0.3333333333333333703, 0.3292294468650459605, 0.3333333333333333703, 0.3292294468650459605, 0.3333333333333333703, 0.3292294468650459605, 0.3333333333333333703, 0.3292294468650459605, 0.3333333333333333703, 0.3292294468650459605, 0.3333333333333333703, 0.3292294468650459605, 0.3333333333333333703, 0.3292294468650459605, 0.3333333333333333703, 0.3292294468650459605, 0.3333333333333333703, 0.3292294468650459605, 0.3333333333333333703, 0.3292294468650459605, 0.3333333333333333703, 0.3292294468650459605, 0.3333333333333333703, 0.3292294468650459605, 0.3333333333333333703, 0.3292294468650459605, 0.3333333333333333703, 0.3292294468650459605, 0.3333333333333333703, 0.3292294468650459605, 0.3333333333333333703, 0.3292294468650459605, 0.3333333333333333703, 0.3292294468650459605, 0.3333333333333333703),
 ( 1.000000000000000000, 0.9876883405951377704, 1.000000000000000000, 0.9876883405951377704, 1.000000000000000000, 0.9876883405951377704, 1.000000000000000000, 0.9876883405951377704, 1.000000000000000000, 0.9876883405951377704, 1.000000000000000000, 0.9876883405951377704, 1.000000000000000000, 0.9876883405951377704, 1.000000000000000000, 0.9876883405951377704, 1.000000000000000000, 0.9876883405951377704, 1.000000000000000000, 0.9876883405951377704, 1.000000000000000000, 0.9876883405951377704, 1.000000000000000000, 0.9876883405951377704, 1.000000000000000000, 0.9876883405951377704, 1.000000000000000000, 0.9876883405951377704, 1.000000000000000000, 0.9876883405951377704, 1.000000000000000000, 0.9876883405951377704, 1.000000000000000000, 0.9876883405951377704, 1.000000000000000000, 0.9876883405951377704, 1.000000000000000000, 0.9876883405951377704, 1.000000000000000000, 0.9876883405951377704, 1.000000000000000000),
 ( 0.3333333333333333703, 0.3292294468650459605, 0.3333333333333333703, 0.3292294468650459605, 0.3333333333333333703, 0.3292294468650459605, 0.3333333333333333703, 0.3292294468650459605, 0.3333333333333333703, 0.3292294468650459605, 0.3333333333333333703, 0.3292294468650459605, 0.3333333333333333703, 0.3292294468650459605, 0.3333333333333333703, 0.3292294468650459605, 0.3333333333333333703, 0.3292294468650459605, 0.3333333333333333703, 0.3292294468650459605, 0.3333333333333333703, 0.3292294468650459605, 0.3333333333333333703, 0.3292294468650459605, 0.3333333333333333703, 0.3292294468650459605, 0.3333333333333333703, 0.3292294468650459605, 0.3333333333333333703, 0.3292294468650459605, 0.3333333333333333703, 0.3292294468650459605, 0.3333333333333333703, 0.3292294468650459605, 0.3333333333333333703, 0.3292294468650459605, 0.3333333333333333703, 0.3292294468650459605, 0.3333333333333333703, 0.3292294468650459605, 0.3333333333333333703),
 ( 0.3333333333333333703, 0.3292294468650459605, 0.3333333333333333703, 0.3292294468650459605, 0.3333333333333333703, 0.3292294468650459605, 0.3333333333333333703, 0.3292294468650459605, 0.3333333333333333703, 0.3292294468650459605, 0.3333333333333333703, 0.3292294468650459605, 0.3333333333333333703, 0.3292294468650459605, 0.3333333333333333703, 0.3292294468650459605, 0.3333333333333333703, 0.3292294468650459605, 0.3333333333333333703, 0.3292294468650459605, 0.3333333333333333703, 0.3292294468650459605, 0.3333333333333333703, 0.3292294468650459605, 0.3333333333333333703, 0.3292294468650459605, 0.3333333333333333703, 0.3292294468650459605, 0.3333333333333333703, 0.3292294468650459605, 0.3333333333333333703, 0.3292294468650459605, 0.3333333333333333703, 0.3292294468650459605, 0.3333333333333333703, 0.3292294468650459605, 0.3333333333333333703, 0.3292294468650459605, 0.3333333333333333703, 0.3292294468650459605, 0.3333333333333333703),
 ( 1.000000000000000000, 0.9876883405951377704, 1.000000000000000000, 0.9876883405951377704, 1.000000000000000000, 0.9876883405951377704, 1.000000000000000000, 0.9876883405951377704, 1.000000000000000000, 0.9876883405951377704, 1.000000000000000000, 0.9876883405951377704, 1.000000000000000000, 0.9876883405951377704, 1.000000000000000000, 0.9876883405951377704, 1.000000000000000000, 0.9876883405951377704, 1.000000000000000000, 0.9876883405951377704, 1.000000000000000000, 0.9876883405951377704, 1.000000000000000000, 0.9876883405951377704, 1.000000000000000000, 0.9876883405951377704, 1.000000000000000000, 0.9876883405951377704, 1.000000000000000000, 0.9876883405951377704, 1.000000000000000000, 0.9876883405951377704, 1.000000000000000000, 0.9876883405951377704, 1.000000000000000000, 0.9876883405951377704, 1.000000000000000000, 0.9876883405951377704, 1.000000000000000000, 0.9876883405951377704, 1.000000000000000000) ) ) 
 REPRESENTATION_ITEM ( '' )  SURFACE ( )  );
#736 = SECURITY_CLASSIFICATION_LEVEL ( 'unclassified' ) ;
#737 = CARTESIAN_POINT ( 'NONE',  ( 0.009899569999999999897, 0.01979913999999999633, 0.000000000000000000 ) ) ;
#738 = PRODUCT ( 'Cycloidal_pin', 'Cycloidal_pin', '', ( #532 ) ) ;
#739 = CARTESIAN_POINT ( 'NONE',  ( -0.02224913999999999364, 0.007449570000000005181, 0.01499999999999999944 ) ) ;
#740 = CARTESIAN_POINT ( 'NONE',  ( 0.009295139021943139152, -0.003816227003223022704, 0.01899999999999999953 ) ) ;
#741 = COORDINATED_UNIVERSAL_TIME_OFFSET ( 1, 0, .AHEAD. ) ;
#742 = CARTESIAN_POINT ( 'NONE',  ( -0.004752043730785774842, 0.007084962092096886745, 0.01600000000000000033 ) ) ;
#743 = CARTESIAN_POINT ( 'NONE',  ( -0.01479956999999999800, -0.001955979732698681726, 0.01050000000000000065 ) ) ;
#744 = CARTESIAN_POINT ( 'NONE',  ( -0.008076868287934350910, -0.02264632811726304332, 0.01099999999999999936 ) ) ;
#745 =( LENGTH_UNIT ( ) NAMED_UNIT ( * ) SI_UNIT ( $, .METRE. ) );
#746 = CARTESIAN_POINT ( 'NONE',  ( -0.007783303277377776226, 0.005333303277377780642, 0.01750000000000000167 ) ) ;
#747 = EDGE_CURVE ( 'NONE', #12, #409, #393, .T. ) ;
#748 = CARTESIAN_POINT ( 'NONE',  ( 0.009899569999999994693, -0.001955979732698686496, 0.01949999999999999997 ) ) ;
#749 = CARTESIAN_POINT ( 'NONE',  ( -0.02224913999999999711, -0.007449569999999997374, 0.005000000000000000104 ) ) ;
#750 = ORIENTED_EDGE ( 'NONE', *, *, #395, .T. ) ;
#751 = APPROVAL_DATE_TIME ( #546, #529 ) ;
#752 = CARTESIAN_POINT ( 'NONE',  ( -0.0001479562692142252984, -0.007084962092096886745, 0.006000000000000000125 ) ) ;
#753 = CARTESIAN_POINT ( 'NONE',  ( -0.01129131596255975901, 0.008841315962559759961, 0.007499999999999999722 ) ) ;
#754 = CARTESIAN_POINT ( 'NONE',  ( -0.02407865450329701659, -0.008758945615855233749, 0.008000000000000000167 ) ) ;
#755 = AXIS2_PLACEMENT_3D ( 'NONE', #873, #471, #109 ) ;
#756 = CARTESIAN_POINT ( 'NONE',  ( -0.009534962092096886666, -0.002302043730785775354, 0.001000000000000000021 ) ) ;
#757 = APPROVAL_DATE_TIME ( #476, #245 ) ;
#758 = CARTESIAN_POINT ( 'NONE',  ( -0.007783303277377777961, -0.005333303277377778040, 0.002500000000000000052 ) ) ;
#759 = CARTESIAN_POINT ( 'NONE',  ( 0.009899569999999996428, 0.001955979732698683460, 0.0005000000000000000104 ) ) ;
#760 = CARTESIAN_POINT ( 'NONE',  ( -0.01166369429219286241, -0.02175511973269867935, 0.01049999999999999718 ) ) ;
#761 = ADVANCED_FACE ( 'NONE', ( #849 ), #160, .F. ) ;
#762 = MANIFOLD_SOLID_BREP ( 'Schnitt-Linear austragen2', #772 ) ;
#763 = CARTESIAN_POINT ( 'NONE',  ( -0.01688687074161695015, 0.01582101994440422363, 0.01349999999999999985 ) ) ;
#764 = CARTESIAN_POINT ( 'NONE',  ( -0.01746387411081700911, -0.01786340975595192976, 0.01600000000000000033 ) ) ;
#765 = CARTESIAN_POINT ( 'NONE',  ( -0.02373525371454314817, 0.002380311576016678338, 0.003500000000000000073 ) ) ;
#766 = ORIENTED_EDGE ( 'NONE', *, *, #193, .T. ) ;
#767 = CARTESIAN_POINT ( 'NONE',  ( -0.01129131596255975034, 0.01950792251731531951, 0.01250000000000000069 ) ) ;
#768 = APPLICATION_CONTEXT ( 'configuration controlled 3d designs of mechanical parts and assemblies' ) ;
#769 = FACE_BOUND ( 'NONE', #276, .T. ) ;
#770 = CARTESIAN_POINT ( 'NONE',  ( 0.01734913999999999901, 0.007449569999999994772, 0.01499999999999999944 ) ) ;
#771 = ORIENTED_EDGE ( 'NONE', *, *, #494, .T. ) ;
#772 = CLOSED_SHELL ( 'NONE', ( #460, #402, #234, #816, #882, #761 ) ) ;
#773 = CARTESIAN_POINT ( 'NONE',  ( 0.001863694292192864463, 0.02097903597510845236, 0.01049999999999999718 ) ) ;
#774 = CARTESIAN_POINT ( 'NONE',  ( -0.01244101200322302037, -0.007258895118153556834, 0.01200000000000000025 ) ) ;
#775 = CARTESIAN_POINT ( 'NONE',  ( 0.003160813769288223565, 0.02039658811592923171, 0.01799999999999999864 ) ) ;
#776 = CARTESIAN_POINT ( 'NONE',  ( -0.01129131596255975901, 0.008841315962559759961, 0.007499999999999999722 ) ) ;
#777 = CARTESIAN_POINT ( 'NONE',  ( -0.01408909335208835371, 0.01766447123085977330, 0.01300000000000000114 ) ) ;
#778 = DIRECTION ( 'NONE',  ( 0.000000000000000000, 0.000000000000000000, -1.000000000000000000 ) ) ;
#779 = CARTESIAN_POINT ( 'NONE',  ( -0.002450000000000002089, -0.007449569999999999109, 0.005000000000000000104 ) ) ;
#780 = CARTESIAN_POINT ( 'NONE',  ( 0.004999569999999998321, -2.124656876895930899E-18, 0.01000000000000000021 ) ) ;
#781 = CARTESIAN_POINT ( 'NONE',  ( -0.004490042283675826397, 0.02353753650182740034, 0.008500000000000000611 ) ) ;
#782 = CARTESIAN_POINT ( 'NONE',  ( 0.009899569999999996428, 0.001955979732698683460, 0.0005000000000000000104 ) ) ;
#783 = CARTESIAN_POINT ( 'NONE',  ( -0.009899569999999998163, 0.01979913999999999633, 0.02000000000000000042 ) ) ;
#784 = CARTESIAN_POINT ( 'NONE',  ( 0.001366227003223019747, 0.01174513902194313994, 0.004000000000000000083 ) ) ;
#785 = CARTESIAN_POINT ( 'NONE',  ( 0.003176868287934338925, -0.02264632811726304679, 0.01899999999999999953 ) ) ;
#786 = DIRECTION ( 'NONE',  ( 1.000000000000000000, 0.000000000000000000, 0.000000000000000000 ) ) ;
#787 = CARTESIAN_POINT ( 'NONE',  ( -0.003629895975108452921, 0.007449569999999999109, 0.01549999999999999989 ) ) ;
#788 = CARTESIAN_POINT ( 'NONE',  ( 0.004634962092096885089, -0.002302043730785778824, 0.009000000000000001055 ) ) ;
#789 = CARTESIAN_POINT ( 'NONE',  ( -0.01359070804388627825, -0.005676474273747353708, 0.01149999999999999634 ) ) ;
#790 = CARTESIAN_POINT ( 'NONE',  ( -0.004096630496850975703, 0.02327673585216235089, 0.002000000000000000042 ) ) ;
#791 = CARTESIAN_POINT ( 'NONE',  ( -0.02358214484482580239, 0.0009666913580880970346, 0.01600000000000000033 ) ) ;
#792 = CARTESIAN_POINT ( 'NONE',  ( 0.002883303277377777252, -0.005333303277377779775, 0.007499999999999999722 ) ) ;
#793 = CC_DESIGN_DATE_AND_TIME_ASSIGNMENT ( #623, #462, ( #650 ) ) ;
#794 = CARTESIAN_POINT ( 'NONE',  ( -0.01129131596255975901, 0.008841315962559759961, 0.007499999999999999722 ) ) ;
#795 = CARTESIAN_POINT ( 'NONE',  ( -0.01688687074161695362, -0.01582101994440422363, 0.006499999999999999702 ) ) ;
#796 = CARTESIAN_POINT ( 'NONE',  ( 0.006308945615855237297, 0.02162865450329701233, 0.007000000000000000146 ) ) ;
#797 = CARTESIAN_POINT ( 'NONE',  ( -0.01129131596255975901, 0.008841315962559759961, 0.007499999999999999722 ) ) ;
#798 = CARTESIAN_POINT ( 'NONE',  ( -0.02031340975595193402, 0.01501387411081701005, 0.01099999999999999936 ) ) ;
#799 = CARTESIAN_POINT ( 'NONE',  ( 0.009899569999999999897, 0.01979913999999999633, 0.02000000000000000042 ) ) ;
#800 = CARTESIAN_POINT ( 'NONE',  ( 0.004999570000000002658, 0.01979913999999999633, 0.01000000000000000021 ) ) ;
#801 = CARTESIAN_POINT ( 'NONE',  ( 9.999999999999939493E-05, 3.122849337825750312E-19, 0.02000000000000000042 ) ) ;
#802 = CARTESIAN_POINT ( 'NONE',  ( -0.004405979732698686417, -0.01234956999999999895, 0.01450000000000000074 ) ) ;
#803 = CARTESIAN_POINT ( 'NONE',  ( -0.0004099577163241708969, 0.02353753650182740034, 0.001500000000000000248 ) ) ;
#804 = CARTESIAN_POINT ( 'NONE',  ( -0.0008033695031490242474, 0.02327673585216235436, 0.008000000000000000167 ) ) ;
#805 = DIRECTION ( 'NONE',  ( -1.000000000000000000, 0.000000000000000000, 0.000000000000000000 ) ) ;
#806 = PERSON_AND_ORGANIZATION_ROLE ( 'design_owner' ) ;
#807 = EDGE_LOOP ( 'NONE', ( #533, #214 ) ) ;
#808 = CARTESIAN_POINT ( 'NONE',  ( 0.02056593520249729370, 0.005333303277377771101, 0.01750000000000000167 ) ) ;
#809 = CARTESIAN_POINT ( 'NONE',  ( 0.01075323282610568358, 0.01652805738325424309, 0.008999999999999999320 ) ) ;
#810 = CARTESIAN_POINT ( 'NONE',  ( -0.01479956999999999627, 0.001955979732698685195, 0.009499999999999999764 ) ) ;
#811 = UNCERTAINTY_MEASURE_WITH_UNIT (LENGTH_MEASURE( 1.000000000000000082E-05 ), #745, 'distance_accuracy_value', 'NONE');
#812 = PERSON_AND_ORGANIZATION ( #301, #520 ) ;
#813 = CARTESIAN_POINT ( 'NONE',  ( -0.002449999999999997752, 0.007449569999999999109, 0.01499999999999999944 ) ) ;
#814 = CARTESIAN_POINT ( 'NONE',  ( -0.01419513902194314073, 0.003816227003223020536, 0.009000000000000001055 ) ) ;
#815 = DIRECTION ( 'NONE',  ( 1.000000000000000000, -6.123233995736766036E-17, 0.000000000000000000 ) ) ;
#816 = ADVANCED_FACE ( 'NONE', ( #769, #562 ), #703, .F. ) ;
#817 = DIRECTION ( 'NONE',  ( 1.000000000000000000, 0.000000000000000000, 0.000000000000000000 ) ) ;
#818 = CARTESIAN_POINT ( 'NONE',  ( 0.001928747381920436219, -0.006026828730785777077, 0.007000000000000000146 ) ) ;
#819 = CARTESIAN_POINT ( 'NONE',  ( 0.003226474273747353353, -0.01114070804388628093, 0.01650000000000000078 ) ) ;
#820 = CARTESIAN_POINT ( 'NONE',  ( -0.01793544570780714054, -0.01784316026730130289, 0.009499999999999998029 ) ) ;
#821 = CARTESIAN_POINT ( 'NONE',  ( -0.002450000000000002089, -0.007449569999999999109, 0.005000000000000000104 ) ) ;
#822 = CARTESIAN_POINT ( 'NONE',  ( 0.003226474273747355088, 0.01114070804388627919, 0.003499999999999999205 ) ) ;
#823 = CARTESIAN_POINT ( 'NONE',  ( 0.02082673585216235357, 0.001646630496850967976, 0.01700000000000000122 ) ) ;
#824 = CARTESIAN_POINT ( 'NONE',  ( -0.005874191486463098064, -0.006720354184193771778, 0.003499999999999999639 ) ) ;
#825 = CALENDAR_DATE ( 2025, 17, 5 ) ;
#826 = CARTESIAN_POINT ( 'NONE',  ( 0.004999569999999993984, -0.01979913999999999633, 0.01000000000000000021 ) ) ;
#827 = CARTESIAN_POINT ( 'NONE',  ( -0.002450000000000000355, 0.000000000000000000, 0.02700000000000000316 ) ) ;
#828 = CARTESIAN_POINT ( 'NONE',  ( -0.004490042283675831601, -0.02353753650182740034, 0.01149999999999999634 ) ) ;
#829 = CIRCLE ( 'NONE', #379, 0.009899569999999999897 ) ;
#830 = ORIENTED_EDGE ( 'NONE', *, *, #193, .F. ) ;
#831 = CARTESIAN_POINT ( 'NONE',  ( 0.01852903597510844116, 0.004313694292192853975, 0.01449999999999999900 ) ) ;
#832 = CARTESIAN_POINT ( 'NONE',  ( 0.009295139021943139152, 0.003816227003223019235, 0.001000000000000000021 ) ) ;
#833 = APPROVAL ( #688, 'UNSPECIFIED' ) ;
#834 = CARTESIAN_POINT ( 'NONE',  ( -0.01565323282610567995, 0.01652805738325424656, 0.001000000000000000021 ) ) ;
#835 = CARTESIAN_POINT ( 'NONE',  ( -0.006763694292192860835, -0.02097903597510845236, 0.0004999999999999999020 ) ) ;
#836 = CARTESIAN_POINT ( 'NONE',  ( -0.009899569999999999897, 1.212347671343516232E-18, 0.02000000000000000042 ) ) ;
#837 = CARTESIAN_POINT ( 'NONE',  ( -0.02031340975595193749, -0.01501387411081700138, 0.008999999999999999320 ) ) ;
#838 = ORIENTED_EDGE ( 'NONE', *, *, #48, .F. ) ;
#839 = CARTESIAN_POINT ( 'NONE',  ( 0.01868214484482579735, -0.0009666913580880944325, 0.006000000000000000992 ) ) ;
#840 = CARTESIAN_POINT ( 'NONE',  ( -0.009708895118153560225, -0.009991012003223019577, 0.01300000000000000114 ) ) ;
#841 = CARTESIAN_POINT ( 'NONE',  ( 0.01521447123085976905, -0.01163909335208835640, 0.01200000000000000198 ) ) ;
#842 = CARTESIAN_POINT ( 'NONE',  ( -0.009534962092096886666, 0.002302043730785780125, 0.01899999999999999953 ) ) ;
#843 = CIRCLE ( 'NONE', #755, 0.009899569999999999897 ) ;
#844 = CARTESIAN_POINT ( 'NONE',  ( -0.01897805738325424041, 0.01320323282610568610, 0.01400000000000000029 ) ) ;
#845 = CARTESIAN_POINT ( 'NONE',  ( 0.001366227003223019747, 0.01174513902194313994, 0.004000000000000000083 ) ) ;
#846 = CARTESIAN_POINT ( 'NONE',  ( -0.009899569999999994693, 0.001179895975108458638, 0.01949999999999999997 ) ) ;
#847 = CARTESIAN_POINT ( 'NONE',  ( 0.003226474273747353353, -0.01114070804388628093, 0.01650000000000000078 ) ) ;
#848 = CARTESIAN_POINT ( 'NONE',  ( 0.002883303277377778986, 0.02301593520249729449, 0.007499999999999999722 ) ) ;
#849 = FACE_OUTER_BOUND ( 'NONE', #681, .T. ) ;
#850 = CARTESIAN_POINT ( 'NONE',  ( 0.01616924402489153950, 0.01058544570780713123, 0.01549999999999999989 ) ) ;
#851 = CARTESIAN_POINT ( 'NONE',  ( -0.005874191486463094594, 0.006720354184193775247, 0.01650000000000000078 ) ) ;
#852 = LOCAL_TIME ( 17, 36, 11.00000000000000000, #127 ) ;
#853 = CARTESIAN_POINT ( 'NONE',  ( -0.004830311576016673054, 0.02128525371454315085, 0.01149999999999999634 ) ) ;
#854 = CARTESIAN_POINT ( 'NONE',  ( -0.002450000000000000355, 0.000000000000000000, 0.000000000000000000 ) ) ;
#855 = CARTESIAN_POINT ( 'NONE',  ( 0.004999569999999998321, -2.124656876895930899E-18, 0.01000000000000000021 ) ) ;
#856 = CARTESIAN_POINT ( 'NONE',  ( 0.009899569999999998163, 0.001955979732698683460, 0.0005000000000000000104 ) ) ;
#857 = CARTESIAN_POINT ( 'NONE',  ( -0.004096630496850979172, -0.02327673585216235436, 0.01799999999999999864 ) ) ;
#858 = CARTESIAN_POINT ( 'NONE',  ( 0.006763694292192860835, 0.02175511973269867935, 0.0004999999999999999020 ) ) ;
#859 = CARTESIAN_POINT ( 'NONE',  ( 0.01794658811592923092, -0.005610813769288221751, 0.01300000000000000114 ) ) ;
#860 = CARTESIAN_POINT ( 'NONE',  ( 0.004270354184193774459, 0.003424191486463095107, 0.01149999999999999807 ) ) ;
#861 = CARTESIAN_POINT ( 'NONE',  ( 0.009899569999999999897, 0.000000000000000000, 0.02000000000000000042 ) ) ;
#862 = CARTESIAN_POINT ( 'NONE',  ( -0.02373525371454314817, 0.002380311576016678338, 0.003500000000000000073 ) ) ;
#863 = CARTESIAN_POINT ( 'NONE',  ( 0.01930511973269867856, 0.009213694292192859889, 0.004499999999999998793 ) ) ;
#864 = CARTESIAN_POINT ( 'NONE',  ( -0.002449999999999999487, 0.01234957000000000069, 0.005000000000000000104 ) ) ;
#865 = CARTESIAN_POINT ( 'NONE',  ( 0.006763694292192853029, -0.02175511973269867935, 0.01949999999999999997 ) ) ;
#866 = CARTESIAN_POINT ( 'NONE',  ( 0.01541340975595193938, 0.01501387411081699964, 0.01899999999999999953 ) ) ;
#867 = CARTESIAN_POINT ( 'NONE',  ( 0.009899569999999999897, -0.01979913999999999633, 0.000000000000000000 ) ) ;
#868 = CARTESIAN_POINT ( 'NONE',  ( -0.0004940202673013160267, 0.01234957000000000069, 0.004499999999999998793 ) ) ;
#869 = CARTESIAN_POINT ( 'NONE',  ( 0.006391315962559757438, 0.008841315962559759961, 0.002500000000000000052 ) ) ;
#870 = CARTESIAN_POINT ( 'NONE',  ( -0.02572673585216234821, -0.001646630496850973180, 0.007000000000000000146 ) ) ;
#871 = AXIS2_PLACEMENT_3D ( 'NONE', #340, #271, #150 ) ;
#872 = CARTESIAN_POINT ( 'NONE',  ( -0.004490042283675826397, 0.02353753650182740034, 0.008500000000000000611 ) ) ;
#873 = CARTESIAN_POINT ( 'NONE',  ( 0.000000000000000000, 6.061738356717581160E-19, 0.000000000000000000 ) ) ;
#874 = CARTESIAN_POINT ( 'NONE',  ( -0.02509632811726304757, -0.005626868287934341448, 0.01400000000000000029 ) ) ;
#875 = ORIENTED_EDGE ( 'NONE', *, *, #719, .F. ) ;
#876 = CARTESIAN_POINT ( 'NONE',  ( -0.02342903597510845315, -0.004313694292192858312, 0.004499999999999998793 ) ) ;
#877 = CARTESIAN_POINT ( 'NONE',  ( 0.006391315962559756571, -0.01950792251731531951, 0.002500000000000000052 ) ) ;
#878 = DIRECTION ( 'NONE',  ( 0.000000000000000000, 0.000000000000000000, -1.000000000000000000 ) ) ;
#879 = APPROVAL_ROLE ( '' ) ;
#880 = CARTESIAN_POINT ( 'NONE',  ( 0.01616924402489153950, 0.01058544570780713123, 0.01549999999999999989 ) ) ;
#881 = CARTESIAN_POINT ( 'NONE',  ( -0.02224914000000000058, -0.01234956999999999722, 0.01499999999999999944 ) ) ;
#882 = ADVANCED_FACE ( 'NONE', ( #441 ), #735, .T. ) ;
#883 = CARTESIAN_POINT ( 'NONE',  ( 0.009899569999999999897, 0.000000000000000000, 0.02000000000000000042 ) ) ;
#884 = APPROVAL_DATE_TIME ( #609, #833 ) ;
#885 = CARTESIAN_POINT ( 'NONE',  ( -0.01129131596255976075, -0.01950792251731531257, 0.007499999999999999722 ) ) ;
#886 = CARTESIAN_POINT ( 'NONE',  ( -0.004405979732698686417, -0.01234956999999999895, 0.01450000000000000074 ) ) ;
#887 = CARTESIAN_POINT ( 'NONE',  ( 0.009295139021943139152, -0.003816227003223022704, 0.01899999999999999953 ) ) ;
#888 = PERSON_AND_ORGANIZATION ( #301, #520 ) ;
#889 = CARTESIAN_POINT ( 'NONE',  ( -0.009899569999999998163, 0.01979913999999999633, 0.02000000000000000042 ) ) ;
#890 = CARTESIAN_POINT ( 'NONE',  ( 0.001366227003223016712, -0.01174513902194314167, 0.01600000000000000033 ) ) ;
#891 = CARTESIAN_POINT ( 'NONE',  ( 0.008690708043886278406, -0.005676474273747357177, 0.01849999999999999908 ) ) ;
ENDSEC;
END-ISO-10303-21;
