ISO-10303-21;
HEADER;
FILE_DESCRIPTION (( 'STEP AP214' ),
    '1' );
FILE_NAME ('Pin_für_Kugellager.STEP',
    '2025-03-28T11:25:26',
    ( '' ),
    ( '' ),
    'SwSTEP 2.0',
    'SolidWorks 2023',
    '' );
FILE_SCHEMA (( 'AUTOMOTIVE_DESIGN' ));
ENDSEC;

DATA;
#1 = CARTESIAN_POINT ( 'NONE',  ( -0.002683012700000000916, 0.001111340248359256495, 0.01269999999890752615 ) ) ;
#2 = CARTESIAN_POINT ( 'NONE',  ( 0.002250000000000000697, 0.0009319805153394639238, 0.01024999999781505029 ) ) ;
#3 = CARTESIAN_POINT ( 'NONE',  ( -4.133182947122316589E-19, -0.002249999999999999830, 0.002200000000000000133 ) ) ;
#4 = CARTESIAN_POINT ( 'NONE',  ( 0.001897176474179627622, -0.001897176474179628489, 0.008149999998907525925 ) ) ;
#5 = CARTESIAN_POINT ( 'NONE',  ( -0.002683012700000000916, 0.001111340248359256495, 0.002299999998907525326 ) ) ;
#6 = EDGE_CURVE ( 'NONE', #4477, #1102, #2424, .T. ) ;
#7 = CARTESIAN_POINT ( 'NONE',  ( 0.002250000000000011973, -0.0009319805153394526481, 0.01355000000000000128 ) ) ;
#8 = CARTESIAN_POINT ( 'NONE',  ( 0.001897176474179627622, -0.001897176474179628489, 0.007449999998907525824 ) ) ;
#9 = CARTESIAN_POINT ( 'NONE',  ( 0.002250000000000000697, 0.0009319805153394639238, 0.01525000000000000140 ) ) ;
#10 = CARTESIAN_POINT ( 'NONE',  ( -4.928614372690046772E-19, -0.002683012700000000049, 0.006449999998907525803 ) ) ;
#11 = AXIS2_PLACEMENT_3D ( 'NONE', #3927, #1728, #3201 ) ;
#12 = ORIENTED_EDGE ( 'NONE', *, *, #1607, .T. ) ;
#13 = CARTESIAN_POINT ( 'NONE',  ( 0.002249999999999999830, -0.0009319805153394653333, 0.002149999997815051165 ) ) ;
#14 = CARTESIAN_POINT ( 'NONE',  ( -0.001590990257669731714, 0.001590990257669731931, 0.003299999997815050712 ) ) ;
#15 = CARTESIAN_POINT ( 'NONE',  ( 0.001897176474179628272, 0.001897176474179628272, 0.01004999999890752484 ) ) ;
#16 = CARTESIAN_POINT ( 'NONE',  ( 0.001897176474179627622, -0.001897176474179628489, 0.01614999999890752783 ) ) ;
#17 = CARTESIAN_POINT ( 'NONE',  ( -0.001590990257669732148, -0.001590990257669731714, 0.004500000000000000527 ) ) ;
#18 = VERTEX_POINT ( 'NONE', #1981 ) ;
#19 = CARTESIAN_POINT ( 'NONE',  ( -0.001111340248359257796, -0.002683012700000000049, 0.01519999999890752664 ) ) ;
#20 = CARTESIAN_POINT ( 'NONE',  ( -0.002249999999999999830, 2.755455298081544393E-19, 0.01160000000000000094 ) ) ;
#21 = CARTESIAN_POINT ( 'NONE',  ( -0.002249999999999999830, 2.755455298081544393E-19, 0.01240000000000000130 ) ) ;
#22 = CARTESIAN_POINT ( 'NONE',  ( -0.001111340248359256062, 0.002683012700000000916, 0.005299999998907525822 ) ) ;
#23 = CARTESIAN_POINT ( 'NONE',  ( -0.001590990257669731714, 0.001590990257669731931, 0.01449999999781505060 ) ) ;
#24 = VECTOR ( 'NONE', #2768, 1.000000000000000000 ) ;
#25 = EDGE_LOOP ( 'NONE', ( #1237, #1208 ) ) ;
#26 = CARTESIAN_POINT ( 'NONE',  ( -0.001111340248359256062, 0.002683012700000000916, 0.01579999999890752474 ) ) ;
#27 = CARTESIAN_POINT ( 'NONE',  ( 0.0009319805153394640322, 0.002250000000000000697, 0.01514999999781505187 ) ) ;
#28 = CARTESIAN_POINT ( 'NONE',  ( -0.0009319805153394651164, -0.002249999999999999830, 0.009350000000000000672 ) ) ;
#29 = CARTESIAN_POINT ( 'NONE',  ( -0.001590990257669731714, 0.001590990257669731931, 0.004300000000000000003 ) ) ;
#30 = CARTESIAN_POINT ( 'NONE',  ( 0.001111340248359256495, 0.002683012700000000916, 0.009199999998907526511 ) ) ;
#31 = CARTESIAN_POINT ( 'NONE',  ( 0.001897176474179627622, -0.001897176474179628489, 0.002649999998907525377 ) ) ;
#32 = DIRECTION ( 'NONE',  ( -0.000000000000000000, -0.000000000000000000, -1.000000000000000000 ) ) ;
#33 = CARTESIAN_POINT ( 'NONE',  ( 1.642871457563348924E-19, 0.002683012700000000049, 0.007749999998907525743 ) ) ;
#34 = CARTESIAN_POINT ( 'NONE',  ( 0.002683012700000000916, 0.001111340248359256279, 0.0002999999989075252302 ) ) ;
#35 = CARTESIAN_POINT ( 'NONE',  ( 0.002683012700000000916, 0.001111340248359256279, 0.005099999998907525298 ) ) ;
#36 = ORIENTED_EDGE ( 'NONE', *, *, #556, .F. ) ;
#37 = CARTESIAN_POINT ( 'NONE',  ( -0.001111340248359257796, -0.002683012700000000049, 0.01609999999890752639 ) ) ;
#38 = CARTESIAN_POINT ( 'NONE',  ( 0.001590990257669731931, 0.001590990257669731931, 0.005499999997815050411 ) ) ;
#39 = CARTESIAN_POINT ( 'NONE',  ( 1.642871457563348924E-19, 0.002683012700000000049, 0.008549999998907525239 ) ) ;
#40 = FACE_OUTER_BOUND ( 'NONE', #4173, .T. ) ;
#41 = CARTESIAN_POINT ( 'NONE',  ( -0.0009319805153394651164, -0.002249999999999999830, 0.006950000000000000448 ) ) ;
#42 = ORIENTED_EDGE ( 'NONE', *, *, #4025, .F. ) ;
#43 = CARTESIAN_POINT ( 'NONE',  ( -0.001897176474179627838, 0.001897176474179628272, 0.01254999999890752532 ) ) ;
#44 = CARTESIAN_POINT ( 'NONE',  ( 0.001590990257669731497, -0.001590990257669732148, 0.006300000000000000044 ) ) ;
#45 = CARTESIAN_POINT ( 'NONE',  ( -0.002249999999999988121, -0.0009319805153394762837, 0.01165000000000000237 ) ) ;
#46 = CARTESIAN_POINT ( 'NONE',  ( -0.002683012700000000916, -0.001111340248359255845, 0.007899999998907525703 ) ) ;
#47 = ORIENTED_EDGE ( 'NONE', *, *, #2530, .T. ) ;
#48 = CARTESIAN_POINT ( 'NONE',  ( -0.002683012700000000916, -0.001111340248359255845, 0.01359999999890752591 ) ) ;
#49 = CARTESIAN_POINT ( 'NONE',  ( 0.002249999999999999830, 0.000000000000000000, 0.01579999999781505141 ) ) ;
#50 = CARTESIAN_POINT ( 'NONE',  ( 0.0009319805153394640322, 0.002250000000000000697, 0.003949999997815050248 ) ) ;
#51 = CARTESIAN_POINT ( 'NONE',  ( 0.002683012700000000049, -0.001111340248359258013, 0.008199999998907525622 ) ) ;
#52 = CARTESIAN_POINT ( 'NONE',  ( 1.642871457563348924E-19, 0.002683012700000000049, 0.006949999998907525380 ) ) ;
#53 = CARTESIAN_POINT ( 'NONE',  ( -4.133182947122316589E-19, -0.002249999999999999830, 0.01340000000000000045 ) ) ;
#54 = CARTESIAN_POINT ( 'NONE',  ( 0.001111340248359257146, -0.002683012700000000049, 0.005799999998907525399 ) ) ;
#55 = CARTESIAN_POINT ( 'NONE',  ( -0.001897176474179627838, 0.001897176474179628272, 0.001349999998907525220 ) ) ;
#56 = CARTESIAN_POINT ( 'NONE',  ( -4.928614372690046772E-19, -0.002683012700000000049, 0.007249999998907525299 ) ) ;
#57 = CARTESIAN_POINT ( 'NONE',  ( 0.002683012700000000916, 0.001111340248359256279, 0.01309999999890752546 ) ) ;
#58 = CARTESIAN_POINT ( 'NONE',  ( 0.001111340248359256495, 0.002683012700000000916, 0.009199999998907526511 ) ) ;
#59 = CARTESIAN_POINT ( 'NONE',  ( -4.133182947122316589E-19, -0.002249999999999999830, 0.005199999997815050491 ) ) ;
#60 = CARTESIAN_POINT ( 'NONE',  ( -0.002683012700000000916, -0.001111340248359255845, 0.007199999998907526469 ) ) ;
#61 = CARTESIAN_POINT ( 'NONE',  ( -0.002249999999999999830, 0.000000000000000000, 0.01799999999999999864 ) ) ;
#62 = CARTESIAN_POINT ( 'NONE',  ( -0.001590990257669731714, 0.001590990257669731931, 0.006700000000000000226 ) ) ;
#63 = VERTEX_POINT ( 'NONE', #2021 ) ;
#64 = ADVANCED_FACE ( 'NONE', ( #3531 ), #3465, .F. ) ;
#65 = ORIENTED_EDGE ( 'NONE', *, *, #206, .T. ) ;
#66 = CARTESIAN_POINT ( 'NONE',  ( 0.001111340248359257146, -0.002683012700000000049, 0.01289999999890752494 ) ) ;
#67 = CARTESIAN_POINT ( 'NONE',  ( -4.133182947122316589E-19, -0.002249999999999999830, 0.005199999997815050491 ) ) ;
#68 = CARTESIAN_POINT ( 'NONE',  ( 0.002249999999999999830, 0.000000000000000000, 0.008000000000000000167 ) ) ;
#69 = CARTESIAN_POINT ( 'NONE',  ( 0.001897176474179628272, 0.001897176474179628272, 0.005949999998907525359 ) ) ;
#70 = EDGE_CURVE ( 'NONE', #509, #2255, #2760, .T. ) ;
#71 = CARTESIAN_POINT ( 'NONE',  ( -0.002683012700000000049, 3.285742915126697848E-19, 0.01514999999890752520 ) ) ;
#72 = CARTESIAN_POINT ( 'NONE',  ( -0.0009319805153394637070, 0.002250000000000000697, 0.01444999999781505090 ) ) ;
#73 = CARTESIAN_POINT ( 'NONE',  ( -4.133182947122316589E-19, -0.002249999999999999830, 0.009999999997815050071 ) ) ;
#74 = CARTESIAN_POINT ( 'NONE',  ( -0.001897176474179628489, -0.001897176474179627838, 0.01114999999890752512 ) ) ;
#75 = EDGE_CURVE ( 'NONE', #3256, #1243, #928, .T. ) ;
#76 = CARTESIAN_POINT ( 'NONE',  ( 0.002683012700000000916, 0.001111340248359256279, 0.005999999998907525924 ) ) ;
#77 = CARTESIAN_POINT ( 'NONE',  ( 0.001590990257669731931, 0.001590990257669731931, 0.001700000000000000122 ) ) ;
#78 = CARTESIAN_POINT ( 'NONE',  ( -0.0009319805153394651164, -0.002249999999999999830, 0.01474999999781505255 ) ) ;
#79 = CARTESIAN_POINT ( 'NONE',  ( 0.002683012700000000049, 0.000000000000000000, 0.006749999998907525722 ) ) ;
#80 = CARTESIAN_POINT ( 'NONE',  ( 0.002249999999999999830, -0.0009319805153394653333, 0.01435000000000000164 ) ) ;
#81 = ORIENTED_EDGE ( 'NONE', *, *, #2988, .T. ) ;
#82 = CARTESIAN_POINT ( 'NONE',  ( 0.002683012700000000049, 0.000000000000000000, 0.01064999999890752641 ) ) ;
#83 = CARTESIAN_POINT ( 'NONE',  ( -0.002683012700000000916, 0.001111340248359256495, 0.008599999998907526672 ) ) ;
#84 = CARTESIAN_POINT ( 'NONE',  ( 0.001590990257669731497, -0.001590990257669732148, 0.008499999997815050473 ) ) ;
#85 = CARTESIAN_POINT ( 'NONE',  ( -0.002683012700000000916, -0.001111340248359255845, 0.007999999998907525098 ) ) ;
#86 = CARTESIAN_POINT ( 'NONE',  ( 0.001897176474179628272, 0.001897176474179628272, 0.01554999999890752625 ) ) ;
#87 = CARTESIAN_POINT ( 'NONE',  ( -0.001590990257669732148, -0.001590990257669731714, 0.006100000000000000387 ) ) ;
#88 =( BOUNDED_CURVE ( )  B_SPLINE_CURVE ( 2, ( #2655, #3014, #1880, #50, #2312, #1180, #2696, #3036, #3349 ),
 .UNSPECIFIED., .F., .F. ) 
 B_SPLINE_CURVE_WITH_KNOTS ( ( 3, 2, 2, 2, 3 ),
 ( 0.1999999999999999833, 0.2062499999999999611, 0.2124999999999999667, 0.2187500000000000000, 0.2250000000000000056 ),
 .UNSPECIFIED. ) 
 CURVE ( )  GEOMETRIC_REPRESENTATION_ITEM ( )  RATIONAL_B_SPLINE_CURVE ( ( 1.000000000000000444, 0.9238795325112864054, 1.000000000000000000, 0.9238795325112867385, 1.000000000000000000, 0.9238795325112867385, 1.000000000000000000, 0.9238795325112867385, 1.000000000000000000 ) ) 
 REPRESENTATION_ITEM ( '' )  );
#89 = VECTOR ( 'NONE', #1186, 1.000000000000000000 ) ;
#90 = CARTESIAN_POINT ( 'NONE',  ( -0.0009319805153394637070, 0.002250000000000000697, 0.001649999997815050504 ) ) ;
#91 = CARTESIAN_POINT ( 'NONE',  ( -4.133182947122316589E-19, -0.002249999999999999830, 0.01079999999781505043 ) ) ;
#92 = CARTESIAN_POINT ( 'NONE',  ( -0.0009319805153394637070, 0.002250000000000000697, 0.006650000000000000529 ) ) ;
#93 = CARTESIAN_POINT ( 'NONE',  ( -0.002683012700000000049, 3.285742915126697848E-19, 0.007049999998907525642 ) ) ;
#94 = VECTOR ( 'NONE', #4118, 1.000000000000000000 ) ;
#95 = CARTESIAN_POINT ( 'NONE',  ( 0.002683012700000000049, 0.000000000000000000, 0.01634999999890752662 ) ) ;
#96 = CARTESIAN_POINT ( 'NONE',  ( 0.0009319805153394640322, 0.002250000000000000697, 0.01434999999781504977 ) ) ;
#97 = DIRECTION ( 'NONE',  ( -1.000000000000000000, 0.000000000000000000, 0.000000000000000000 ) ) ;
#98 = CIRCLE ( 'NONE', #3538, 0.002249999999999999830 ) ;
#99 = CARTESIAN_POINT ( 'NONE',  ( -0.001111340248359256062, 0.002683012700000000916, 0.0004999999989075251585 ) ) ;
#100 = CARTESIAN_POINT ( 'NONE',  ( 0.001897176474179628272, 0.001897176474179628272, 0.01234999999890752653 ) ) ;
#101 = CARTESIAN_POINT ( 'NONE',  ( 0.002683012700000000049, -0.001111340248359258013, 0.004299999998907525801 ) ) ;
#102 = CARTESIAN_POINT ( 'NONE',  ( 0.0009319805153394645743, -0.002249999999999999830, 0.01244999999781505086 ) ) ;
#103 = CARTESIAN_POINT ( 'NONE',  ( -0.002250000000000000697, -0.0009319805153394634901, 0.01485000000000000209 ) ) ;
#104 = CARTESIAN_POINT ( 'NONE',  ( -0.001111340248359256062, 0.002683012700000000916, 0.005399999998907527819 ) ) ;
#105 = CARTESIAN_POINT ( 'NONE',  ( 0.001897176474179628272, 0.001897176474179628272, 0.002749999998907525205 ) ) ;
#106 = ORIENTED_EDGE ( 'NONE', *, *, #3156, .F. ) ;
#107 = ORIENTED_EDGE ( 'NONE', *, *, #2239, .T. ) ;
#108 = CARTESIAN_POINT ( 'NONE',  ( -0.001111340248359256062, 0.002683012700000000916, 0.01089999999890752490 ) ) ;
#109 = CARTESIAN_POINT ( 'NONE',  ( 0.002250000000000000697, 0.0009319805153394639238, 0.007849999997815050937 ) ) ;
#110 = CARTESIAN_POINT ( 'NONE',  ( -4.928614372690046772E-19, -0.002683012700000000049, 0.01294999999890752464 ) ) ;
#111 = FACE_OUTER_BOUND ( 'NONE', #460, .T. ) ;
#112 = CARTESIAN_POINT ( 'NONE',  ( 0.0009319805153394640322, 0.002250000000000000697, 0.008150000000000000994 ) ) ;
#113 = CARTESIAN_POINT ( 'NONE',  ( -4.133182947122316589E-19, -0.002249999999999999830, 0.01559999999781505088 ) ) ;
#114 = CARTESIAN_POINT ( 'NONE',  ( 0.002249999999999999830, 0.000000000000000000, 0.009399999997815050232 ) ) ;
#115 = CARTESIAN_POINT ( 'NONE',  ( -0.002683012700000000916, 0.001111340248359256495, 0.003099999998907525256 ) ) ;
#116 = CARTESIAN_POINT ( 'NONE',  ( -0.002683012700000000916, -0.001111340248359255845, 0.006299999998907525843 ) ) ;
#118 = CARTESIAN_POINT ( 'NONE',  ( 0.002249999999999999830, -0.0009319805153394653333, 0.007749999997815050674 ) ) ;
#117 = CARTESIAN_POINT ( 'NONE',  ( 0.001590990257669731497, -0.001590990257669732148, 0.006899999997815050613 ) ) ;
#119 = CARTESIAN_POINT ( 'NONE',  ( -0.002683012700000000049, 3.285742915126697848E-19, 0.01434999999890752484 ) ) ;
#120 = CARTESIAN_POINT ( 'NONE',  ( -0.001590990257669731714, 0.001590990257669731931, 0.01449999999781505060 ) ) ;
#121 = CARTESIAN_POINT ( 'NONE',  ( 0.0009319805153394640322, 0.002250000000000000697, 0.003350000000000000113 ) ) ;
#122 =( BOUNDED_CURVE ( )  B_SPLINE_CURVE ( 2, ( #756, #1037, #1014, #2943, #335, #1090, #3950, #4419, #1827 ),
 .UNSPECIFIED., .F., .T. ) 
 B_SPLINE_CURVE_WITH_KNOTS ( ( 3, 2, 2, 2, 3 ),
 ( 0.5000000000000000000, 0.5062499999999999778, 0.5124999999999999556, 0.5187500000000001554, 0.5250000000000001332 ),
 .UNSPECIFIED. ) 
 CURVE ( )  GEOMETRIC_REPRESENTATION_ITEM ( )  RATIONAL_B_SPLINE_CURVE ( ( 1.000000000000000000, 0.9238795325112867385, 1.000000000000000000, 0.9238795325112867385, 1.000000000000000000, 0.9238795325112867385, 1.000000000000000000, 0.9238795325112854062, 1.000000000000001332 ) ) 
 REPRESENTATION_ITEM ( '' )  );
#123 = CARTESIAN_POINT ( 'NONE',  ( -4.928614372690046772E-19, -0.002683012700000000049, 0.004149999998907524974 ) ) ;
#124 = LINE ( 'NONE', #4516, #1987 ) ;
#125 = CARTESIAN_POINT ( 'NONE',  ( 0.002249999999999999830, 0.000000000000000000, 0.01419999999781505068 ) ) ;
#126 = CARTESIAN_POINT ( 'NONE',  ( -0.001897176474179628489, -0.001897176474179627838, 0.009649999998907525522 ) ) ;
#127 = CARTESIAN_POINT ( 'NONE',  ( -0.001897176474179627838, 0.001897176474179628272, 0.002949999998907525296 ) ) ;
#128 = ORIENTED_EDGE ( 'NONE', *, *, #485, .T. ) ;
#129 = ORIENTED_EDGE ( 'NONE', *, *, #544, .F. ) ;
#130 = CARTESIAN_POINT ( 'NONE',  ( -0.002683012700000000049, 3.285742915126697848E-19, 0.01264999999890752645 ) ) ;
#131 = CARTESIAN_POINT ( 'NONE',  ( 0.002683012700000000916, 0.001111340248359256279, 0.009099999998907527116 ) ) ;
#132 = CARTESIAN_POINT ( 'NONE',  ( -0.0009319805153394651164, -0.002249999999999999830, 0.009149999997815050010 ) ) ;
#133 = CARTESIAN_POINT ( 'NONE',  ( 0.001897176474179628272, 0.001897176474179628272, 0.01324999999890752456 ) ) ;
#134 = CARTESIAN_POINT ( 'NONE',  ( 0.002249999999999987253, 0.0009319805153394767174, 0.01024999999781505029 ) ) ;
#135 = CARTESIAN_POINT ( 'NONE',  ( -0.001590990257669732148, -0.001590990257669731714, 0.008500000000000000611 ) ) ;
#136 = EDGE_CURVE ( 'NONE', #4287, #1143, #2949, .T. ) ;
#137 = DIRECTION ( 'NONE',  ( -1.000000000000000000, 0.000000000000000000, 0.000000000000000000 ) ) ;
#138 = PLANE ( 'NONE',  #2058 ) ;
#139 = CARTESIAN_POINT ( 'NONE',  ( 0.001897176474179628272, 0.001897176474179628272, 0.003649999998907525398 ) ) ;
#140 = CARTESIAN_POINT ( 'NONE',  ( -4.928614372690046772E-19, -0.002683012700000000049, 0.006449999998907525803 ) ) ;
#142 = FACE_OUTER_BOUND ( 'NONE', #1106, .T. ) ;
#141 = CARTESIAN_POINT ( 'NONE',  ( -0.002250000000000000697, 0.0009319805153394642491, 0.001149999999999999981 ) ) ;
#143 = CARTESIAN_POINT ( 'NONE',  ( -0.002683012700000000916, 0.001111340248359256495, 0.01269999999890752615 ) ) ;
#144 = CARTESIAN_POINT ( 'NONE',  ( 0.002249999999999999830, 0.000000000000000000, 0.005399999997815051016 ) ) ;
#145 = CARTESIAN_POINT ( 'NONE',  ( -0.002249999999999999830, 2.755455298081544393E-19, 0.003600000000000000335 ) ) ;
#146 = CARTESIAN_POINT ( 'NONE',  ( -0.001897176474179628489, -0.001897176474179627838, 0.0007499999989075251637 ) ) ;
#147 = CARTESIAN_POINT ( 'NONE',  ( -4.928614372690046772E-19, -0.002683012700000000049, 0.006549999998907526065 ) ) ;
#148 = CARTESIAN_POINT ( 'NONE',  ( 0.002249999999999999830, 0.000000000000000000, 0.006199999997815050512 ) ) ;
#149 = CARTESIAN_POINT ( 'NONE',  ( 0.0009319805153394645743, -0.002249999999999999830, 0.01584999999999999951 ) ) ;
#150 = CARTESIAN_POINT ( 'NONE',  ( 0.002683012700000000916, 0.001111340248359256279, 0.009999999998907525139 ) ) ;
#151 = CARTESIAN_POINT ( 'NONE',  ( -0.001897176474179628489, -0.001897176474179627838, 0.001549999998907525310 ) ) ;
#152 = EDGE_CURVE ( 'NONE', #1480, #722, #2104, .T. ) ;
#153 = VERTEX_POINT ( 'NONE', #2452 ) ;
#154 = EDGE_LOOP ( 'NONE', ( #3345, #2321, #1574, #3475, #1166, #3409, #81, #2281, #700, #3000, #3947, #1851, #3864, #1735, #3292, #672, #4314, #4643, #3816, #727, #4416, #2807, #4673, #3168, #3023, #508, #1048, #4572, #2260, #4617, #3298, #4574, #3710, #2192, #1434, #2174, #3132, #930, #2762, #4374, #2267, #2206, #2652 ) ) ;
#155 = EDGE_LOOP ( 'NONE', ( #2741, #4014, #3822, #3545 ) ) ;
#156 = CARTESIAN_POINT ( 'NONE',  ( -0.001111340248359257796, -0.002683012700000000049, 0.01119999999890752655 ) ) ;
#157 = EDGE_CURVE ( 'NONE', #2978, #153, #3922, .T. ) ;
#158 = CARTESIAN_POINT ( 'NONE',  ( 0.001590990257669731931, 0.001590990257669731931, 0.009499999997815049627 ) ) ;
#159 = CARTESIAN_POINT ( 'NONE',  ( 0.001111340248359256495, 0.002683012700000000916, 0.01169999999890752700 ) ) ;
#160 = CARTESIAN_POINT ( 'NONE',  ( 0.000000000000000000, 0.000000000000000000, 0.01799999999999999864 ) ) ;
#161 = CARTESIAN_POINT ( 'NONE',  ( -0.0009319805153394651164, -0.002249999999999999830, 0.01015000000000000104 ) ) ;
#162 = CARTESIAN_POINT ( 'NONE',  ( -0.001897176474179627838, 0.001897176474179628272, 0.01574999999890752678 ) ) ;
#163 = CARTESIAN_POINT ( 'NONE',  ( -0.002249999999999999830, 2.755455298081544393E-19, 0.003600000000000000335 ) ) ;
#164 = CARTESIAN_POINT ( 'NONE',  ( -0.002683012700000000916, 0.001111340248359256495, 0.0006999999989075252494 ) ) ;
#165 = CARTESIAN_POINT ( 'NONE',  ( 0.001897176474179628272, 0.001897176474179628272, 0.01074999999890752581 ) ) ;
#166 = CARTESIAN_POINT ( 'NONE',  ( 0.001590990257669731931, 0.001590990257669731931, 0.0009000000000000000838 ) ) ;
#167 = AXIS2_PLACEMENT_3D ( 'NONE', #2503, #4420, #660 ) ;
#168 = DIRECTION ( 'NONE',  ( -1.000000000000000000, 0.000000000000000000, 0.000000000000000000 ) ) ;
#169 = CARTESIAN_POINT ( 'NONE',  ( 0.001590990257669731497, -0.001590990257669732148, 0.01649999999781505064 ) ) ;
#170 = CARTESIAN_POINT ( 'NONE',  ( 0.001111340248359256495, 0.002683012700000000916, 0.001999999998907525407 ) ) ;
#171 =( BOUNDED_CURVE ( )  B_SPLINE_CURVE ( 2, ( #913, #2372, #1289, #2756, #578, #3508, #223, #2491, #3912 ),
 .UNSPECIFIED., .F., .F. ) 
 B_SPLINE_CURVE_WITH_KNOTS ( ( 3, 2, 2, 2, 3 ),
 ( 0.4000000000000000222, 0.4062500000000000000, 0.4125000000000000333, 0.4187500000000000666, 0.4250000000000000444 ),
 .UNSPECIFIED. ) 
 CURVE ( )  GEOMETRIC_REPRESENTATION_ITEM ( )  RATIONAL_B_SPLINE_CURVE ( ( 1.000000000000000000, 0.9238795325112867385, 1.000000000000000000, 0.9238795325112867385, 1.000000000000000000, 0.9238795325112867385, 1.000000000000000000, 0.9238795325112860723, 1.000000000000000666 ) ) 
 REPRESENTATION_ITEM ( '' )  );
#172 = CARTESIAN_POINT ( 'NONE',  ( -4.928614372690046772E-19, -0.002683012700000000049, 0.007349999998907525561 ) ) ;
#173 = CARTESIAN_POINT ( 'NONE',  ( -0.001590990257669731714, 0.001590990257669731931, 0.007500000000000000590 ) ) ;
#174 = CARTESIAN_POINT ( 'NONE',  ( 0.0009319805153394645743, -0.002249999999999999830, 0.01505000000000000088 ) ) ;
#175 = CARTESIAN_POINT ( 'NONE',  ( 0.001897176474179628272, 0.001897176474179628272, 0.009249999998907524473 ) ) ;
#176 = CARTESIAN_POINT ( 'NONE',  ( -0.001897176474179627838, 0.001897176474179628272, 0.002149999998907525366 ) ) ;
#177 = ORIENTED_EDGE ( 'NONE', *, *, #4521, .F. ) ;
#178 = CARTESIAN_POINT ( 'NONE',  ( 0.001897176474179628272, 0.001897176474179628272, 0.01394999999890752553 ) ) ;
#179 = CARTESIAN_POINT ( 'NONE',  ( 0.0009319805153394640322, 0.002250000000000000697, 0.009549999997815051059 ) ) ;
#180 = CARTESIAN_POINT ( 'NONE',  ( 0.001111340248359256495, 0.002683012700000000916, 0.01089999999890752490 ) ) ;
#181 = CARTESIAN_POINT ( 'NONE',  ( 0.001590990257669731931, 0.001590990257669731931, 0.01029999999781504999 ) ) ;
#182 = CARTESIAN_POINT ( 'NONE',  ( -0.002250000000000000697, -0.0009319805153394634901, 0.009250000000000003011 ) ) ;
#183 = ORIENTED_EDGE ( 'NONE', *, *, #70, .F. ) ;
#184 = CARTESIAN_POINT ( 'NONE',  ( 0.002683012700000000049, 0.000000000000000000, 0.01624999999890752722 ) ) ;
#185 = CARTESIAN_POINT ( 'NONE',  ( 0.005000000000000000104, 0.000000000000000000, 0.03100000000000000325 ) ) ;
#186 = CARTESIAN_POINT ( 'NONE',  ( 0.001111340248359257146, -0.002683012700000000049, 0.002599999998907525679 ) ) ;
#187 = CARTESIAN_POINT ( 'NONE',  ( 0.001111340248359256495, 0.002683012700000000916, 0.009199999998907526511 ) ) ;
#188 = CARTESIAN_POINT ( 'NONE',  ( -0.002249999999999999830, 2.755455298081544393E-19, 0.01219999999781505064 ) ) ;
#189 = CARTESIAN_POINT ( 'NONE',  ( -0.002249999999999999830, 2.755455298081544393E-19, 0.01480000000000000066 ) ) ;
#190 = CARTESIAN_POINT ( 'NONE',  ( -0.001590990257669731714, 0.001590990257669731931, 0.001100000000000000066 ) ) ;
#191 = CARTESIAN_POINT ( 'NONE',  ( 0.002249999999999999830, 0.000000000000000000, 0.01579999999781505141 ) ) ;
#192 = CARTESIAN_POINT ( 'NONE',  ( -0.001111340248359257796, -0.002683012700000000049, 0.007299999998907525864 ) ) ;
#193 = CARTESIAN_POINT ( 'NONE',  ( -0.002250000000000006335, 0.0009319805153394578523, 0.007549999999999999420 ) ) ;
#194 = CARTESIAN_POINT ( 'NONE',  ( -0.001111340248359256062, 0.002683012700000000916, 0.01019999999890752740 ) ) ;
#195 = CARTESIAN_POINT ( 'NONE',  ( 0.001111340248359256495, 0.002683012700000000916, 0.002799999998907524903 ) ) ;
#196 = ORIENTED_EDGE ( 'NONE', *, *, #351, .F. ) ;
#197 = CARTESIAN_POINT ( 'NONE',  ( -0.002683012700000000916, 0.001111340248359256495, 0.01579999999890752821 ) ) ;
#198 = CARTESIAN_POINT ( 'NONE',  ( 0.001111340248359256495, 0.002683012700000000916, 0.01249999999890752563 ) ) ;
#199 = CARTESIAN_POINT ( 'NONE',  ( 0.002249999999999999830, 0.000000000000000000, 0.009600000000000000894 ) ) ;
#200 = EDGE_CURVE ( 'NONE', #3991, #2877, #2739, .T. ) ;
#201 = CARTESIAN_POINT ( 'NONE',  ( 0.001590990257669731931, 0.001590990257669731931, 0.007899999997815050634 ) ) ;
#202 =( NAMED_UNIT ( * ) SI_UNIT ( $, .STERADIAN. ) SOLID_ANGLE_UNIT ( ) );
#203 = DIRECTION ( 'NONE',  ( -0.000000000000000000, -0.000000000000000000, -1.000000000000000000 ) ) ;
#204 = CARTESIAN_POINT ( 'NONE',  ( 0.001897176474179628272, 0.001897176474179628272, 0.001249999998907525174 ) ) ;
#205 = CARTESIAN_POINT ( 'NONE',  ( -0.001897176474179628489, -0.001897176474179627838, 0.01114999999890752512 ) ) ;
#206 = EDGE_CURVE ( 'NONE', #4475, #3320, #3899, .T. ) ;
#207 = CARTESIAN_POINT ( 'NONE',  ( 0.002249999999999999830, 0.000000000000000000, 0.01179999999781504959 ) ) ;
#208 = VERTEX_POINT ( 'NONE', #257 ) ;
#209 = FACE_OUTER_BOUND ( 'NONE', #3385, .T. ) ;
#210 = CARTESIAN_POINT ( 'NONE',  ( 0.002683012700000000049, 0.000000000000000000, 0.001849999998907525230 ) ) ;
#211 = CARTESIAN_POINT ( 'NONE',  ( -0.002683012700000000916, -0.001111340248359255845, 0.008799999998907525461 ) ) ;
#212 = DIRECTION ( 'NONE',  ( -1.000000000000000000, 0.000000000000000000, 0.000000000000000000 ) ) ;
#213 = CARTESIAN_POINT ( 'NONE',  ( -0.002249999999999999830, 2.755455298081544393E-19, 0.002000000000000000042 ) ) ;
#214 = EDGE_CURVE ( 'NONE', #2827, #3088, #3568, .T. ) ;
#215 = CARTESIAN_POINT ( 'NONE',  ( 0.002683012700000000049, -0.001111340248359258013, 0.007399999998907525259 ) ) ;
#216 = VERTEX_POINT ( 'NONE', #4391 ) ;
#217 = ORIENTED_EDGE ( 'NONE', *, *, #2753, .T. ) ;
#218 = CARTESIAN_POINT ( 'NONE',  ( -0.001897176474179627838, 0.001897176474179628272, 0.01414999999890752605 ) ) ;
#219 = CARTESIAN_POINT ( 'NONE',  ( -0.002683012700000000916, -0.001111340248359255845, 0.01599999999890752700 ) ) ;
#220 = CARTESIAN_POINT ( 'NONE',  ( 0.0009319805153394640322, 0.002250000000000000697, 0.01215000000000000108 ) ) ;
#221 = CARTESIAN_POINT ( 'NONE',  ( 1.377727649040772196E-19, 0.002249999999999999830, 0.003199999997815050450 ) ) ;
#222 = CARTESIAN_POINT ( 'NONE',  ( 0.001111340248359257146, -0.002683012700000000049, 0.01459999999890752506 ) ) ;
#223 = CARTESIAN_POINT ( 'NONE',  ( -0.001590990257669731714, 0.001590990257669731931, 0.007299999997815050795 ) ) ;
#224 = CARTESIAN_POINT ( 'NONE',  ( 0.002683012700000000916, 0.001111340248359256279, 0.005199999998907525560 ) ) ;
#225 = CARTESIAN_POINT ( 'NONE',  ( -0.002683012700000000049, 3.285742915126697848E-19, 0.01024999999890752536 ) ) ;
#226 = CARTESIAN_POINT ( 'NONE',  ( 0.002249999999999999830, 0.000000000000000000, 0.002199999997815050429 ) ) ;
#227 = CARTESIAN_POINT ( 'NONE',  ( 0.002249999999999999830, 0.000000000000000000, 0.01440000000000000134 ) ) ;
#228 = CARTESIAN_POINT ( 'NONE',  ( -0.0009319805153394651164, -0.002249999999999999830, 0.01255000000000000039 ) ) ;
#229 = CARTESIAN_POINT ( 'NONE',  ( 1.642871457563348924E-19, 0.002683012700000000049, 0.002049999998907525538 ) ) ;
#230 = CARTESIAN_POINT ( 'NONE',  ( 0.002683012700000000049, -0.001111340248359258013, 0.003399999998907525176 ) ) ;
#231 =( BOUNDED_CURVE ( )  B_SPLINE_CURVE ( 2, ( #2061, #262, #3862, #2084, #3499, #3571, #1995, #546, #3478 ),
 .UNSPECIFIED., .F., .T. ) 
 B_SPLINE_CURVE_WITH_KNOTS ( ( 3, 2, 2, 2, 3 ),
 ( 0.2750000000000000222, 0.2812500000000000000, 0.2875000000000000333, 0.2937500000000000666, 0.3000000000000000444 ),
 .UNSPECIFIED. ) 
 CURVE ( )  GEOMETRIC_REPRESENTATION_ITEM ( )  RATIONAL_B_SPLINE_CURVE ( ( 1.000000000000000000, 0.9238795325112867385, 1.000000000000000000, 0.9238795325112867385, 1.000000000000000000, 0.9238795325112867385, 1.000000000000000000, 0.9238795325112860723, 1.000000000000000666 ) ) 
 REPRESENTATION_ITEM ( '' )  );
#232 = AXIS2_PLACEMENT_3D ( 'NONE', #1109, #1464, #2917 ) ;
#233 = CARTESIAN_POINT ( 'NONE',  ( 0.002683012700000000049, -0.001111340248359258013, 0.007499999998907526388 ) ) ;
#234 = CYLINDRICAL_SURFACE ( 'NONE', #2761, 0.002249999999999999830 ) ;
#235 = VECTOR ( 'NONE', #4016, 1.000000000000000000 ) ;
#236 = DIRECTION ( 'NONE',  ( -0.000000000000000000, -0.000000000000000000, -1.000000000000000000 ) ) ;
#237 = DIRECTION ( 'NONE',  ( 0.000000000000000000, 0.000000000000000000, 1.000000000000000000 ) ) ;
#238 = CARTESIAN_POINT ( 'NONE',  ( -0.002683012700000000916, 0.001111340248359256495, 0.007799999998907525441 ) ) ;
#239 = VECTOR ( 'NONE', #534, 1.000000000000000000 ) ;
#240 = CARTESIAN_POINT ( 'NONE',  ( 1.642871457563348924E-19, 0.002683012700000000049, 0.0005499999989075251812 ) ) ;
#241 = CARTESIAN_POINT ( 'NONE',  ( -0.001897176474179627838, 0.001897176474179628272, 0.01504999999890752581 ) ) ;
#242 = CARTESIAN_POINT ( 'NONE',  ( 0.001111340248359256495, 0.002683012700000000916, 0.002099999998907525235 ) ) ;
#243 = AXIS2_PLACEMENT_3D ( 'NONE', #3414, #4527, #554 ) ;
#244 = CARTESIAN_POINT ( 'NONE',  ( -0.002250000000000000697, -0.0009319805153394634901, 0.01245000000000000100 ) ) ;
#245 = CARTESIAN_POINT ( 'NONE',  ( -0.0009319805153394637070, 0.002250000000000000697, 0.008049999997815049727 ) ) ;
#246 = CARTESIAN_POINT ( 'NONE',  ( -0.001111340248359257796, -0.002683012700000000049, 0.01289999999890752494 ) ) ;
#247 = PLANE ( 'NONE',  #2299 ) ;
#248 = CARTESIAN_POINT ( 'NONE',  ( 0.002249999999999999830, 2.755455298081544393E-19, 0.01799999999999999864 ) ) ;
#249 = CARTESIAN_POINT ( 'NONE',  ( 1.642871457563348924E-19, 0.002683012700000000049, 0.004549999998907526023 ) ) ;
#250 = CARTESIAN_POINT ( 'NONE',  ( 0.001897176474179628272, 0.001897176474179628272, 0.01234999999890752653 ) ) ;
#251 = CARTESIAN_POINT ( 'NONE',  ( -0.0009319805153394651164, -0.002249999999999999830, 0.003750000000000000295 ) ) ;
#252 = ORIENTED_EDGE ( 'NONE', *, *, #4623, .F. ) ;
#253 = CARTESIAN_POINT ( 'NONE',  ( 0.002249999999999999830, 0.000000000000000000, 0.01440000000000000134 ) ) ;
#254 = LINE ( 'NONE', #4675, #2824 ) ;
#255 = CARTESIAN_POINT ( 'NONE',  ( 1.377727649040772196E-19, 0.002249999999999999830, 0.01599999999781505020 ) ) ;
#256 = CARTESIAN_POINT ( 'NONE',  ( -0.001897176474179628489, -0.001897176474179627838, 0.003149999998907525387 ) ) ;
#257 = CARTESIAN_POINT ( 'NONE',  ( -0.002249999999999999830, 2.755455298081544393E-19, 0.01619999999781505245 ) ) ;
#258 = ORIENTED_EDGE ( 'NONE', *, *, #3823, .F. ) ;
#259 = CARTESIAN_POINT ( 'NONE',  ( -0.002683012700000000916, 0.001111340248359256495, 0.008699999998907522597 ) ) ;
#260 = CARTESIAN_POINT ( 'NONE',  ( -4.133182947122316589E-19, -0.002249999999999999830, 0.009999999997815050071 ) ) ;
#261 = CARTESIAN_POINT ( 'NONE',  ( -4.133182947122316589E-19, -0.002249999999999999830, 0.001199999997815050408 ) ) ;
#262 = CARTESIAN_POINT ( 'NONE',  ( -0.002250000000000000697, -0.0009319805153394634901, 0.004449999999999999963 ) ) ;
#263 = APPLICATION_PROTOCOL_DEFINITION ( 'draft international standard', 'automotive_design', 1998, #2269 ) ;
#264 =( BOUNDED_CURVE ( )  B_SPLINE_CURVE ( 2, ( #1582, #3943, #2127, #2100, #3610, #3240, #4652, #2077, #2829 ),
 .UNSPECIFIED., .F., .F. ) 
 B_SPLINE_CURVE_WITH_KNOTS ( ( 3, 2, 2, 2, 3 ),
 ( 0.02500000000000000139, 0.03125000000000000000, 0.03749999999999999861, 0.04374999999999999722, 0.05000000000000000278 ),
 .UNSPECIFIED. ) 
 CURVE ( )  GEOMETRIC_REPRESENTATION_ITEM ( )  RATIONAL_B_SPLINE_CURVE ( ( 1.000000000000000000, 0.9238795325112867385, 1.000000000000000000, 0.9238795325112867385, 1.000000000000000000, 0.9238795325112867385, 1.000000000000000000, 0.9238795325112867385, 1.000000000000000000 ) ) 
 REPRESENTATION_ITEM ( '' )  );
#265 = ADVANCED_FACE ( 'NONE', ( #3219 ), #778, .T. ) ;
#266 = CARTESIAN_POINT ( 'NONE',  ( 0.002683012700000000916, 0.001111340248359256279, 0.005899999998907526529 ) ) ;
#267 = CARTESIAN_POINT ( 'NONE',  ( 0.002683012700000000049, 0.000000000000000000, 0.01544999999890752512 ) ) ;
#268 = CARTESIAN_POINT ( 'NONE',  ( -0.001897176474179627838, 0.001897176474179628272, 0.01344999999890752508 ) ) ;
#269 = CARTESIAN_POINT ( 'NONE',  ( -0.001897176474179627838, 0.001897176474179628272, 0.001449999998907525265 ) ) ;
#270 = CARTESIAN_POINT ( 'NONE',  ( -4.133182947122316589E-19, -0.002249999999999999830, 0.01100000000000000110 ) ) ;
#271 = CARTESIAN_POINT ( 'NONE',  ( 0.0009319805153394645743, -0.002249999999999999830, 0.01164999999781505050 ) ) ;
#272 = CARTESIAN_POINT ( 'NONE',  ( 0.002683012700000000049, -0.001111340248359258013, 0.01309999999890752546 ) ) ;
#273 = SURFACE_STYLE_USAGE ( .BOTH. , #3209 ) ;
#274 = CARTESIAN_POINT ( 'NONE',  ( -0.0009319805153394651164, -0.002249999999999999830, 0.006950000000000000448 ) ) ;
#275 = CARTESIAN_POINT ( 'NONE',  ( 1.642871457563348924E-19, 0.002683012700000000049, 0.003749999998907525660 ) ) ;
#276 = CARTESIAN_POINT ( 'NONE',  ( 0.002683012700000000049, 0.000000000000000000, 0.01304999999890752577 ) ) ;
#277 = CARTESIAN_POINT ( 'NONE',  ( 0.001590990257669731931, 0.001590990257669731931, 0.004100000000000000346 ) ) ;
#278 = EDGE_LOOP ( 'NONE', ( #2362, #1724, #2859, #1901 ) ) ;
#279 = FACE_OUTER_BOUND ( 'NONE', #4522, .T. ) ;
#280 = CARTESIAN_POINT ( 'NONE',  ( 0.002249999999999999830, 0.000000000000000000, 0.01360000000000000098 ) ) ;
#281 = CARTESIAN_POINT ( 'NONE',  ( -0.002683012700000000916, 0.001111340248359256495, 0.002999999998907525427 ) ) ;
#282 = CARTESIAN_POINT ( 'NONE',  ( 0.002683012700000000049, 0.000000000000000000, 0.001849999998907525230 ) ) ;
#283 = CARTESIAN_POINT ( 'NONE',  ( 0.002683012700000000049, -0.001111340248359258013, 0.01069999999890752611 ) ) ;
#284 = CARTESIAN_POINT ( 'NONE',  ( 0.001897176474179628272, 0.001897176474179628272, 0.01164999999890752556 ) ) ;
#285 = CARTESIAN_POINT ( 'NONE',  ( -0.0009319805153394651164, -0.002249999999999999830, 0.009949999997815050373 ) ) ;
#286 = CARTESIAN_POINT ( 'NONE',  ( 0.0009319805153394645743, -0.002249999999999999830, 0.009450000000000000067 ) ) ;
#287 = CARTESIAN_POINT ( 'NONE',  ( 0.002250000000000011973, -0.0009319805153394526481, 0.01515000000000000201 ) ) ;
#288 = EDGE_CURVE ( 'NONE', #2495, #2620, #3661, .T. ) ;
#289 = CARTESIAN_POINT ( 'NONE',  ( -0.002683012700000000916, 0.001111340248359256495, 0.006999999998907525944 ) ) ;
#290 = CARTESIAN_POINT ( 'NONE',  ( -0.001111340248359257796, -0.002683012700000000049, 0.0008999999989075252319 ) ) ;
#291 = CARTESIAN_POINT ( 'NONE',  ( 1.642871457563348924E-19, 0.002683012700000000049, 0.01334999999890752569 ) ) ;
#292 = CARTESIAN_POINT ( 'NONE',  ( -0.001111340248359257796, -0.002683012700000000049, 0.003299999998907525347 ) ) ;
#293 = EDGE_CURVE ( 'NONE', #3744, #2620, #3446, .T. ) ;
#294 = CARTESIAN_POINT ( 'NONE',  ( 1.377727649040772196E-19, 0.002249999999999999830, 0.01140000000000000041 ) ) ;
#295 = CARTESIAN_POINT ( 'NONE',  ( -0.002683012700000000916, 0.001111340248359256495, 0.01349999999890752478 ) ) ;
#296 = CARTESIAN_POINT ( 'NONE',  ( 0.002249999999999999830, 0.000000000000000000, 0.01440000000000000134 ) ) ;
#297 = CARTESIAN_POINT ( 'NONE',  ( -0.002249999999999999830, 2.755455298081544393E-19, 0.009799999997815049546 ) ) ;
#298 = CARTESIAN_POINT ( 'NONE',  ( 0.001897176474179627622, -0.001897176474179628489, 0.004249999998907525237 ) ) ;
#299 = CARTESIAN_POINT ( 'NONE',  ( -0.001111340248359256062, 0.002683012700000000916, 0.01249999999890752563 ) ) ;
#300 = CARTESIAN_POINT ( 'NONE',  ( -0.002250000000000000697, 0.0009319805153394642491, 0.002750000000000000708 ) ) ;
#301 = EDGE_LOOP ( 'NONE', ( #2833, #1518, #924, #2162 ) ) ;
#302 = CARTESIAN_POINT ( 'NONE',  ( 0.002249999999999999830, 0.000000000000000000, 0.01659999999781505003 ) ) ;
#303 = LINE ( 'NONE', #4362, #1067 ) ;
#304 = CARTESIAN_POINT ( 'NONE',  ( 0.002683012700000000049, 0.000000000000000000, 0.002649999998907525377 ) ) ;
#305 = CARTESIAN_POINT ( 'NONE',  ( -0.001897176474179627838, 0.001897176474179628272, 0.002949999998907525296 ) ) ;
#306 = CARTESIAN_POINT ( 'NONE',  ( -0.002249999999999999830, 2.755455298081544393E-19, 0.008199999997815050554 ) ) ;
#307 = CARTESIAN_POINT ( 'NONE',  ( -0.001111340248359257796, -0.002683012700000000049, 0.01209999999890752458 ) ) ;
#308 = CARTESIAN_POINT ( 'NONE',  ( -0.001897176474179628489, -0.001897176474179627838, 0.01204999999890752488 ) ) ;
#309 = CARTESIAN_POINT ( 'NONE',  ( 0.002249999999999999830, 0.000000000000000000, 0.01259999999781504995 ) ) ;
#310 = CARTESIAN_POINT ( 'NONE',  ( 0.001590990257669731497, -0.001590990257669732148, 0.01409999999781504955 ) ) ;
#311 = CARTESIAN_POINT ( 'NONE',  ( 1.377727649040772196E-19, 0.002249999999999999830, 0.004200000000000000608 ) ) ;
#312 = CARTESIAN_POINT ( 'NONE',  ( -0.001897176474179628489, -0.001897176474179627838, 0.005549999998907525177 ) ) ;
#313 = AXIS2_PLACEMENT_3D ( 'NONE', #500, #4242, #4563 ) ;
#314 = CARTESIAN_POINT ( 'NONE',  ( -0.001897176474179627838, 0.001897176474179628272, 0.002249999998907525195 ) ) ;
#315 = CARTESIAN_POINT ( 'NONE',  ( 0.002249999999999999830, 0.000000000000000000, 0.01119999999999999989 ) ) ;
#316 = CARTESIAN_POINT ( 'NONE',  ( 1.642871457563348924E-19, 0.002683012700000000049, 0.004549999998907526023 ) ) ;
#317 = CARTESIAN_POINT ( 'NONE',  ( -4.133182947122316589E-19, -0.002249999999999999830, 0.01260000000000000009 ) ) ;
#318 = CARTESIAN_POINT ( 'NONE',  ( 0.002683012700000000049, -0.001111340248359258013, 0.007399999998907525259 ) ) ;
#319 =( BOUNDED_CURVE ( )  B_SPLINE_CURVE ( 2, ( #3993, #3753, #1198, #2596, #3341, #4486, #44, #3732, #2202 ),
 .UNSPECIFIED., .F., .T. ) 
 B_SPLINE_CURVE_WITH_KNOTS ( ( 3, 2, 2, 2, 3 ),
 ( 0.3750000000000000000, 0.3812499999999999778, 0.3875000000000000111, 0.3937499999999999889, 0.4000000000000000222 ),
 .UNSPECIFIED. ) 
 CURVE ( )  GEOMETRIC_REPRESENTATION_ITEM ( )  RATIONAL_B_SPLINE_CURVE ( ( 1.000000000000000000, 0.9238795325112867385, 1.000000000000000000, 0.9238795325112867385, 1.000000000000000000, 0.9238795325112867385, 1.000000000000000000, 0.9238795325112867385, 1.000000000000000000 ) ) 
 REPRESENTATION_ITEM ( '' )  );
#320 = CARTESIAN_POINT ( 'NONE',  ( 0.002250000000000000697, 0.0009319805153394639238, 0.003049999997815050490 ) ) ;
#321 = CARTESIAN_POINT ( 'NONE',  ( 0.0009319805153394640322, 0.002250000000000000697, 0.005549999997815051843 ) ) ;
#322 = CARTESIAN_POINT ( 'NONE',  ( 0.002249999999999999830, 0.000000000000000000, 0.01339999999781505031 ) ) ;
#323 = CARTESIAN_POINT ( 'NONE',  ( -4.928614372690046772E-19, -0.002683012700000000049, 0.004949999998907525338 ) ) ;
#324 = CARTESIAN_POINT ( 'NONE',  ( -0.001897176474179628489, -0.001897176474179627838, 0.01354999999890752621 ) ) ;
#325 = CARTESIAN_POINT ( 'NONE',  ( -0.002249999999999999830, 2.755455298081544393E-19, 0.003600000000000000335 ) ) ;
#326 = VERTEX_POINT ( 'NONE', #3687 ) ;
#327 = CARTESIAN_POINT ( 'NONE',  ( -4.133182947122316589E-19, -0.002249999999999999830, 0.001399999999999999986 ) ) ;
#328 = CARTESIAN_POINT ( 'NONE',  ( -0.002250000000000000697, 0.0009319805153394642491, 0.01394999999999999886 ) ) ;
#329 = CARTESIAN_POINT ( 'NONE',  ( -0.001897176474179628489, -0.001897176474179627838, 0.004749999998907525681 ) ) ;
#330 = CARTESIAN_POINT ( 'NONE',  ( 0.001897176474179627622, -0.001897176474179628489, 0.002549999998907525114 ) ) ;
#331 = EDGE_CURVE ( 'NONE', #903, #4287, #2235, .T. ) ;
#332 = CARTESIAN_POINT ( 'NONE',  ( 0.001111340248359256495, 0.002683012700000000916, 0.01169999999890752700 ) ) ;
#333 = CARTESIAN_POINT ( 'NONE',  ( 1.642871457563348924E-19, 0.002683012700000000049, 0.01094999999890752460 ) ) ;
#334 = CARTESIAN_POINT ( 'NONE',  ( 1.377727649040772196E-19, 0.002249999999999999830, 0.01279999999781505048 ) ) ;
#335 = CARTESIAN_POINT ( 'NONE',  ( 1.377727649040772196E-19, 0.002249999999999999830, 0.008799999997815050393 ) ) ;
#336 = CARTESIAN_POINT ( 'NONE',  ( -0.002683012700000000916, 0.001111340248359256495, 0.01099999999890752603 ) ) ;
#337 = CARTESIAN_POINT ( 'NONE',  ( -0.001111340248359256062, 0.002683012700000000916, 0.002199999998907525497 ) ) ;
#338 = DIRECTION ( 'NONE',  ( -0.000000000000000000, -0.000000000000000000, -1.000000000000000000 ) ) ;
#339 = CARTESIAN_POINT ( 'NONE',  ( 0.001111340248359257146, -0.002683012700000000049, 0.004199999998907525539 ) ) ;
#340 = CARTESIAN_POINT ( 'NONE',  ( -4.133182947122316589E-19, -0.002249999999999999830, 0.01500000000000000118 ) ) ;
#341 = CARTESIAN_POINT ( 'NONE',  ( -0.002683012700000000049, 3.285742915126697848E-19, 0.007849999998907526005 ) ) ;
#342 = ORIENTED_EDGE ( 'NONE', *, *, #3762, .T. ) ;
#343 = CARTESIAN_POINT ( 'NONE',  ( -0.001590990257669731714, 0.001590990257669731931, 0.0008999999978150503800 ) ) ;
#344 = CARTESIAN_POINT ( 'NONE',  ( -0.0009319805153394637070, 0.002250000000000000697, 0.004049999997815050511 ) ) ;
#345 = ADVANCED_FACE ( 'NONE', ( #142 ), #4214, .T. ) ;
#346 = CARTESIAN_POINT ( 'NONE',  ( 0.001897176474179628272, 0.001897176474179628272, 0.007649999998907525481 ) ) ;
#347 = CARTESIAN_POINT ( 'NONE',  ( -0.001111340248359256062, 0.002683012700000000916, 0.01409999999890752635 ) ) ;
#348 = CARTESIAN_POINT ( 'NONE',  ( 0.001590990257669731497, -0.001590990257669732148, 0.002299999999999999961 ) ) ;
#349 = ORIENTED_EDGE ( 'NONE', *, *, #1192, .F. ) ;
#350 = CARTESIAN_POINT ( 'NONE',  ( -0.002683012700000000049, 3.285742915126697848E-19, 0.01424999999890752544 ) ) ;
#351 = EDGE_CURVE ( 'NONE', #1658, #2978, #1533, .T. ) ;
#352 = CYLINDRICAL_SURFACE ( 'NONE', #396, 0.002249999999999999830 ) ;
#353 = CARTESIAN_POINT ( 'NONE',  ( 0.0009319805153394645743, -0.002249999999999999830, 0.007850000000000001074 ) ) ;
#354 = CARTESIAN_POINT ( 'NONE',  ( 0.001897176474179627622, -0.001897176474179628489, 0.003349999998907525478 ) ) ;
#355 = CARTESIAN_POINT ( 'NONE',  ( 0.002683012700000000049, -0.001111340248359258013, 0.004199999998907525539 ) ) ;
#356 = EDGE_CURVE ( 'NONE', #3065, #402, #4045, .T. ) ;
#357 = CARTESIAN_POINT ( 'NONE',  ( -0.001111340248359257796, -0.002683012700000000049, 0.01049999999890752558 ) ) ;
#358 = CARTESIAN_POINT ( 'NONE',  ( 0.0009319805153394645743, -0.002249999999999999830, 0.01084999999781505013 ) ) ;
#359 = CARTESIAN_POINT ( 'NONE',  ( -0.001590990257669732148, -0.001590990257669731714, 0.01389999999781505076 ) ) ;
#360 = CYLINDRICAL_SURFACE ( 'NONE', #2131, 0.002249999999999999830 ) ;
#361 = CARTESIAN_POINT ( 'NONE',  ( -0.001111340248359256062, 0.002683012700000000916, 0.009299999998907525905 ) ) ;
#362 = CARTESIAN_POINT ( 'NONE',  ( 1.642871457563348924E-19, 0.002683012700000000049, 0.002149999998907525366 ) ) ;
#363 = ADVANCED_FACE ( 'NONE', ( #2282 ), #1852, .T. ) ;
#364 = CYLINDRICAL_SURFACE ( 'NONE', #918, 0.002249999999999999830 ) ;
#365 = CARTESIAN_POINT ( 'NONE',  ( -4.928614372690046772E-19, -0.002683012700000000049, 0.007349999998907525561 ) ) ;
#366 = CARTESIAN_POINT ( 'NONE',  ( -0.002683012700000000916, 0.001111340248359256495, 0.001399999998907525134 ) ) ;
#367 = CARTESIAN_POINT ( 'NONE',  ( 0.002683012700000000049, 0.000000000000000000, 0.005849999998907525096 ) ) ;
#368 = VERTEX_POINT ( 'NONE', #942 ) ;
#369 = ORIENTED_EDGE ( 'NONE', *, *, #2753, .F. ) ;
#370 = CARTESIAN_POINT ( 'NONE',  ( -0.002683012700000000916, 0.001111340248359256495, 0.01589999999890752760 ) ) ;
#371 = CARTESIAN_POINT ( 'NONE',  ( -0.002250000000000000697, -0.0009319805153394634901, 0.005049999997815051399 ) ) ;
#372 = CARTESIAN_POINT ( 'NONE',  ( 0.002683012700000000049, 0.000000000000000000, 0.009949999998907525442 ) ) ;
#373 = CARTESIAN_POINT ( 'NONE',  ( 0.002683012700000000049, -0.001111340248359258013, 0.01539999999890752369 ) ) ;
#374 = CARTESIAN_POINT ( 'NONE',  ( -0.002250000000000000697, 0.0009319805153394642491, 0.006749999999999999924 ) ) ;
#375 = ORIENTED_EDGE ( 'NONE', *, *, #1248, .F. ) ;
#376 = CARTESIAN_POINT ( 'NONE',  ( -0.002683012700000000049, 3.285742915126697848E-19, 0.01504999999890752581 ) ) ;
#377 = CARTESIAN_POINT ( 'NONE',  ( 0.002249999999999999830, -0.0009319805153394653333, 0.008549999997815050171 ) ) ;
#378 = CARTESIAN_POINT ( 'NONE',  ( -0.002683012700000000916, -0.001111340248359255845, 0.005499999998907525479 ) ) ;
#379 = CARTESIAN_POINT ( 'NONE',  ( 0.002249999999999999830, 0.000000000000000000, 0.01419999999781505068 ) ) ;
#380 = EDGE_LOOP ( 'NONE', ( #4359, #4445, #1486, #4705 ) ) ;
#381 = CARTESIAN_POINT ( 'NONE',  ( 0.001897176474179627622, -0.001897176474179628489, 0.01304999999890752577 ) ) ;
#382 = CARTESIAN_POINT ( 'NONE',  ( 1.377727649040772196E-19, 0.002249999999999999830, 0.01359999999781505084 ) ) ;
#383 = CYLINDRICAL_SURFACE ( 'NONE', #167, 0.002249999999999999830 ) ;
#384 = CARTESIAN_POINT ( 'NONE',  ( 0.002683012700000000916, 0.001111340248359256279, 0.009899999998907525744 ) ) ;
#385 = CARTESIAN_POINT ( 'NONE',  ( 0.001111340248359257146, -0.002683012700000000049, 0.002599999998907525679 ) ) ;
#386 = DIRECTION ( 'NONE',  ( -0.000000000000000000, -0.000000000000000000, -1.000000000000000000 ) ) ;
#387 = CARTESIAN_POINT ( 'NONE',  ( 0.002683012700000000916, 0.001111340248359256279, 0.007599999998907525783 ) ) ;
#388 = CARTESIAN_POINT ( 'NONE',  ( 0.0009319805153394645743, -0.002249999999999999830, 0.01425000000000000051 ) ) ;
#389 = CARTESIAN_POINT ( 'NONE',  ( 0.001111340248359257146, -0.002683012700000000049, 0.004899999998907527375 ) ) ;
#390 = CARTESIAN_POINT ( 'NONE',  ( -0.002250000000000000697, 0.0009319805153394642491, 0.0009499999978150504027 ) ) ;
#391 = CARTESIAN_POINT ( 'NONE',  ( -0.002250000000000000697, 0.0009319805153394642491, 0.005749999997815050633 ) ) ;
#392 = CARTESIAN_POINT ( 'NONE',  ( -0.001111340248359257796, -0.002683012700000000049, 0.008099999998907524493 ) ) ;
#393 = CARTESIAN_POINT ( 'NONE',  ( -0.002249999999999999830, 2.755455298081544393E-19, 0.01299999999781505100 ) ) ;
#394 = CARTESIAN_POINT ( 'NONE',  ( -4.133182947122316589E-19, -0.002249999999999999830, 0.006200000000000000649 ) ) ;
#395 = ORIENTED_EDGE ( 'NONE', *, *, #4257, .T. ) ;
#396 = AXIS2_PLACEMENT_3D ( 'NONE', #2545, #3942, #1381 ) ;
#397 = CARTESIAN_POINT ( 'NONE',  ( 0.002683012700000000916, 0.001111340248359256279, 0.01469999999890752619 ) ) ;
#398 = CARTESIAN_POINT ( 'NONE',  ( -4.133182947122316589E-19, -0.002249999999999999830, 0.009199999997815049707 ) ) ;
#399 = CARTESIAN_POINT ( 'NONE',  ( -0.0009319805153394637070, 0.002250000000000000697, 0.01225000000000000047 ) ) ;
#400 = CARTESIAN_POINT ( 'NONE',  ( 0.001897176474179627622, -0.001897176474179628489, 0.006549999998907525198 ) ) ;
#401 = VECTOR ( 'NONE', #1003, 1.000000000000000000 ) ;
#402 = VERTEX_POINT ( 'NONE', #144 ) ;
#403 = CARTESIAN_POINT ( 'NONE',  ( 0.001111340248359257146, -0.002683012700000000049, 0.01539999999890752369 ) ) ;
#404 = CARTESIAN_POINT ( 'NONE',  ( 0.002249999999999999830, 0.000000000000000000, 0.01419999999781505068 ) ) ;
#405 = LINE ( 'NONE', #782, #839 ) ;
#406 = CARTESIAN_POINT ( 'NONE',  ( 0.002249999999999999830, 0.000000000000000000, 0.002400000000000000223 ) ) ;
#407 = CARTESIAN_POINT ( 'NONE',  ( 0.002683012700000000049, -0.001111340248359258013, 0.01059999999890752498 ) ) ;
#408 = CARTESIAN_POINT ( 'NONE',  ( -0.002683012700000000916, -0.001111340248359255845, 0.005599999998907525742 ) ) ;
#409 = EDGE_CURVE ( 'NONE', #153, #4601, #871, .T. ) ;
#410 = CYLINDRICAL_SURFACE ( 'NONE', #3838, 0.002249999999999999830 ) ;
#411 = CARTESIAN_POINT ( 'NONE',  ( -0.001111340248359257796, -0.002683012700000000049, 0.005699999998907526004 ) ) ;
#412 = CARTESIAN_POINT ( 'NONE',  ( -4.928614372690046772E-19, -0.002683012700000000049, 0.0008499999989075252092 ) ) ;
#413 = CARTESIAN_POINT ( 'NONE',  ( 0.001111340248359257146, -0.002683012700000000049, 0.006499999998907525500 ) ) ;
#414 = VERTEX_POINT ( 'NONE', #4562 ) ;
#415 = CARTESIAN_POINT ( 'NONE',  ( 0.001111340248359257146, -0.002683012700000000049, 0.01619999999890752579 ) ) ;
#416 = ADVANCED_FACE ( 'NONE', ( #4537 ), #3895, .F. ) ;
#417 = CARTESIAN_POINT ( 'NONE',  ( -0.0009319805153394637070, 0.002250000000000000697, 0.004849999997815050874 ) ) ;
#418 = CARTESIAN_POINT ( 'NONE',  ( 0.001111340248359256495, 0.002683012700000000916, 0.008499999998907525542 ) ) ;
#419 = DIRECTION ( 'NONE',  ( -0.000000000000000000, -0.000000000000000000, -1.000000000000000000 ) ) ;
#420 = CARTESIAN_POINT ( 'NONE',  ( -0.002250000000000000697, -0.0009319805153394634901, 0.005250000000000001193 ) ) ;
#421 =( BOUNDED_CURVE ( )  B_SPLINE_CURVE ( 2, ( #3019, #3453, #1909, #807, #1931, #149, #3085, #1613, #4147 ),
 .UNSPECIFIED., .F., .F. ) 
 B_SPLINE_CURVE_WITH_KNOTS ( ( 3, 2, 2, 2, 3 ),
 ( 0.9750000000000000888, 0.9812500000000000666, 0.9875000000000000444, 0.9937500000000000222, 1.000000000000000000 ),
 .UNSPECIFIED. ) 
 CURVE ( )  GEOMETRIC_REPRESENTATION_ITEM ( )  RATIONAL_B_SPLINE_CURVE ( ( 0.9999999999999986677, 0.9238795325112880708, 1.000000000000000000, 0.9238795325112867385, 1.000000000000000000, 0.9238795325112867385, 1.000000000000000000, 0.9238795325112867385, 1.000000000000000000 ) ) 
 REPRESENTATION_ITEM ( '' )  );
#422 = VERTEX_POINT ( 'NONE', #3804 ) ;
#423 = CARTESIAN_POINT ( 'NONE',  ( 1.642871457563348924E-19, 0.002683012700000000049, 0.01484999999890752528 ) ) ;
#424 = CARTESIAN_POINT ( 'NONE',  ( -0.002249999999999988121, -0.0009319805153394762837, 0.009049999997815052349 ) ) ;
#425 = CARTESIAN_POINT ( 'NONE',  ( -0.001590990257669732148, -0.001590990257669731714, 0.007700000000000000247 ) ) ;
#426 = CARTESIAN_POINT ( 'NONE',  ( 0.001111340248359257146, -0.002683012700000000049, 0.006499999998907525500 ) ) ;
#427 = ADVANCED_FACE ( 'NONE', ( #3494 ), #4608, .F. ) ;
#428 = CARTESIAN_POINT ( 'NONE',  ( 0.0009319805153394645743, -0.002249999999999999830, 0.007649999997815050412 ) ) ;
#429 = EDGE_LOOP ( 'NONE', ( #480, #4250, #3634, #4117 ) ) ;
#430 = CARTESIAN_POINT ( 'NONE',  ( -0.001111340248359257796, -0.002683012700000000049, 0.01449999999890752567 ) ) ;
#431 = CARTESIAN_POINT ( 'NONE',  ( 0.002249999999999999830, -0.0009319805153394653333, 0.01414999999781505272 ) ) ;
#432 = CARTESIAN_POINT ( 'NONE',  ( -0.001897176474179628489, -0.001897176474179627838, 0.007949999998907525400 ) ) ;
#433 = ORIENTED_EDGE ( 'NONE', *, *, #1811, .F. ) ;
#434 = CARTESIAN_POINT ( 'NONE',  ( -0.002683012700000000916, 0.001111340248359256495, 0.004699999998907525983 ) ) ;
#435 = DIRECTION ( 'NONE',  ( -0.000000000000000000, -0.000000000000000000, -1.000000000000000000 ) ) ;
#436 = CARTESIAN_POINT ( 'NONE',  ( -0.001590990257669731714, 0.001590990257669731931, 0.01310000000000000053 ) ) ;
#437 = CARTESIAN_POINT ( 'NONE',  ( 0.001897176474179627622, -0.001897176474179628489, 0.006649999998907525460 ) ) ;
#438 = CARTESIAN_POINT ( 'NONE',  ( -0.002249999999999999830, 2.755455298081544393E-19, 0.01480000000000000066 ) ) ;
#439 = CARTESIAN_POINT ( 'NONE',  ( -0.002683012700000000916, 0.001111340248359256495, 0.01339999999890752538 ) ) ;
#440 = CARTESIAN_POINT ( 'NONE',  ( -0.0009319805153394637070, 0.002250000000000000697, 0.008849999997815050090 ) ) ;
#441 = CARTESIAN_POINT ( 'NONE',  ( -4.928614372690046772E-19, -0.002683012700000000049, 0.009749999998907524917 ) ) ;
#442 = CARTESIAN_POINT ( 'NONE',  ( 0.001897176474179627622, -0.001897176474179628489, 0.01534999999890752573 ) ) ;
#443 = CARTESIAN_POINT ( 'NONE',  ( -0.002250000000000000697, 0.0009319805153394642491, 0.005950000000000000427 ) ) ;
#444 = CARTESIAN_POINT ( 'NONE',  ( -0.001897176474179628489, -0.001897176474179627838, 0.01514999999890752520 ) ) ;
#445 = CARTESIAN_POINT ( 'NONE',  ( 0.002250000000000005902, -0.0009319805153394590449, 0.005349999997815050451 ) ) ;
#446 = CARTESIAN_POINT ( 'NONE',  ( 0.002249999999999999830, 0.000000000000000000, 0.002400000000000000223 ) ) ;
#447 = CARTESIAN_POINT ( 'NONE',  ( 0.002683012700000000049, 0.000000000000000000, 0.007449999998907525824 ) ) ;
#448 =( BOUNDED_CURVE ( )  B_SPLINE_CURVE ( 2, ( #1897, #3712, #3367, #1153, #91, #3008, #2277, #1175, #3394 ),
 .UNSPECIFIED., .F., .F. ) 
 B_SPLINE_CURVE_WITH_KNOTS ( ( 3, 2, 2, 2, 3 ),
 ( 0.6250000000000000000, 0.6312499999999999778, 0.6374999999999999556, 0.6437500000000001554, 0.6500000000000001332 ),
 .UNSPECIFIED. ) 
 CURVE ( )  GEOMETRIC_REPRESENTATION_ITEM ( )  RATIONAL_B_SPLINE_CURVE ( ( 1.000000000000000000, 0.9238795325112867385, 1.000000000000000000, 0.9238795325112867385, 1.000000000000000000, 0.9238795325112867385, 1.000000000000000000, 0.9238795325112854062, 1.000000000000001332 ) ) 
 REPRESENTATION_ITEM ( '' )  );
#449 = CARTESIAN_POINT ( 'NONE',  ( -0.001111340248359257796, -0.002683012700000000049, 0.003999999998907525882 ) ) ;
#450 = CARTESIAN_POINT ( 'NONE',  ( 1.642871457563348924E-19, 0.002683012700000000049, 0.01414999999890752605 ) ) ;
#451 = CARTESIAN_POINT ( 'NONE',  ( 0.002250000000000000697, 0.0009319805153394639238, 0.01344999999781505001 ) ) ;
#452 = CARTESIAN_POINT ( 'NONE',  ( -0.002249999999999999830, 2.755455298081544393E-19, 0.01000000000000000021 ) ) ;
#453 = CARTESIAN_POINT ( 'NONE',  ( -4.928614372690046772E-19, -0.002683012700000000049, 0.01204999999890752488 ) ) ;
#454 =( BOUNDED_CURVE ( )  B_SPLINE_CURVE ( 2, ( #1951, #3017, #4471, #1232, #1970, #4495, #2698, #1930, #1210 ),
 .UNSPECIFIED., .F., .F. ) 
 B_SPLINE_CURVE_WITH_KNOTS ( ( 3, 2, 2, 2, 3 ),
 ( 0.07500000000000001110, 0.08125000000000001665, 0.08749999999999999445, 0.09375000000000000000, 0.1000000000000000056 ),
 .UNSPECIFIED. ) 
 CURVE ( )  GEOMETRIC_REPRESENTATION_ITEM ( )  RATIONAL_B_SPLINE_CURVE ( ( 0.9999999999999997780, 0.9238795325112869605, 1.000000000000000000, 0.9238795325112867385, 1.000000000000000000, 0.9238795325112867385, 1.000000000000000000, 0.9238795325112867385, 1.000000000000000000 ) ) 
 REPRESENTATION_ITEM ( '' )  );
#455 = CARTESIAN_POINT ( 'NONE',  ( -0.001897176474179628489, -0.001897176474179627838, 0.004849999998907525943 ) ) ;
#456 = CARTESIAN_POINT ( 'NONE',  ( -0.002249999999999999830, 2.755455298081544393E-19, 0.01480000000000000066 ) ) ;
#457 = CARTESIAN_POINT ( 'NONE',  ( 0.001897176474179628272, 0.001897176474179628272, 0.005249999998907525257 ) ) ;
#458 = CARTESIAN_POINT ( 'NONE',  ( 0.001897176474179627622, -0.001897176474179628489, 0.002549999998907525114 ) ) ;
#459 = CARTESIAN_POINT ( 'NONE',  ( -0.002683012700000000916, 0.001111340248359256495, 0.004599999998907525721 ) ) ;
#460 = EDGE_LOOP ( 'NONE', ( #2569, #2320, #1642, #2607 ) ) ;
#461 = CARTESIAN_POINT ( 'NONE',  ( 0.002683012700000000049, 0.000000000000000000, 0.01304999999890752577 ) ) ;
#462 = CARTESIAN_POINT ( 'NONE',  ( -0.002683012700000000049, 3.285742915126697848E-19, 0.008649999998907526369 ) ) ;
#463 = CARTESIAN_POINT ( 'NONE',  ( 0.001590990257669731931, 0.001590990257669731931, 0.007899999997815050634 ) ) ;
#464 = CARTESIAN_POINT ( 'NONE',  ( -0.001111340248359256062, 0.002683012700000000916, 0.01019999999890752740 ) ) ;
#465 = DIRECTION ( 'NONE',  ( -1.000000000000000000, 0.000000000000000000, 0.000000000000000000 ) ) ;
#466 = CARTESIAN_POINT ( 'NONE',  ( 0.002249999999999999830, 0.000000000000000000, 0.008000000000000000167 ) ) ;
#467 = VECTOR ( 'NONE', #32, 1.000000000000000000 ) ;
#468 = CARTESIAN_POINT ( 'NONE',  ( -0.0009319805153394651164, -0.002249999999999999830, 0.01554999999781505118 ) ) ;
#469 = CARTESIAN_POINT ( 'NONE',  ( -0.0009319805153394651164, -0.002249999999999999830, 0.01094999999999999966 ) ) ;
#470 = CARTESIAN_POINT ( 'NONE',  ( 0.001111340248359256495, 0.002683012700000000916, 0.002099999998907525235 ) ) ;
#471 = CARTESIAN_POINT ( 'NONE',  ( 0.002683012700000000916, 0.001111340248359256279, 0.006699999998907526025 ) ) ;
#472 = ORIENTED_EDGE ( 'NONE', *, *, #3834, .F. ) ;
#473 = VECTOR ( 'NONE', #4218, 1.000000000000000000 ) ;
#474 = CARTESIAN_POINT ( 'NONE',  ( 0.001111340248359257146, -0.002683012700000000049, 0.01459999999890752506 ) ) ;
#475 = ADVANCED_FACE ( 'NONE', ( #2008 ), #1966, .F. ) ;
#476 = CARTESIAN_POINT ( 'NONE',  ( -0.0009319805153394637070, 0.002250000000000000697, 0.01524999999781505300 ) ) ;
#477 = CARTESIAN_POINT ( 'NONE',  ( 0.0009319805153394640322, 0.002250000000000000697, 0.009750000000000001721 ) ) ;
#478 = AXIS2_PLACEMENT_3D ( 'NONE', #2667, #4131, #2566 ) ;
#479 = CARTESIAN_POINT ( 'NONE',  ( 0.002683012700000000049, -0.001111340248359258013, 0.01139999999890752534 ) ) ;
#480 = ORIENTED_EDGE ( 'NONE', *, *, #1101, .T. ) ;
#481 = CARTESIAN_POINT ( 'NONE',  ( 0.001111340248359256495, 0.002683012700000000916, 0.004499999998907525459 ) ) ;
#482 = CARTESIAN_POINT ( 'NONE',  ( 0.0009319805153394640322, 0.002250000000000000697, 0.01514999999781505187 ) ) ;
#483 = LINE ( 'NONE', #4517, #3137 ) ;
#484 = CARTESIAN_POINT ( 'NONE',  ( -0.001111340248359256062, 0.002683012700000000916, 0.008599999998907526672 ) ) ;
#485 = EDGE_CURVE ( 'NONE', #1646, #18, #3379, .T. ) ;
#486 = CARTESIAN_POINT ( 'NONE',  ( -0.001111340248359257796, -0.002683012700000000049, 0.001599999998907525658 ) ) ;
#487 = ADVANCED_FACE ( 'NONE', ( #581 ), #4587, .F. ) ;
#488 = CARTESIAN_POINT ( 'NONE',  ( 0.001897176474179627622, -0.001897176474179628489, 0.01214999999890752601 ) ) ;
#489 = CARTESIAN_POINT ( 'NONE',  ( 0.002250000000000000697, 0.0009319805153394639238, 0.008649999997815049566 ) ) ;
#490 = CARTESIAN_POINT ( 'NONE',  ( 0.002683012700000000049, -0.001111340248359258013, 0.01309999999890752546 ) ) ;
#491 = DIRECTION ( 'NONE',  ( 0.000000000000000000, 0.000000000000000000, -1.000000000000000000 ) ) ;
#492 = CARTESIAN_POINT ( 'NONE',  ( -0.002250000000000000697, 0.0009319805153394642491, 0.01075000000000000261 ) ) ;
#493 = CARTESIAN_POINT ( 'NONE',  ( -0.002250000000000012840, 0.0009319805153394514555, 0.01374999999781504993 ) ) ;
#494 = CARTESIAN_POINT ( 'NONE',  ( -0.001590990257669732148, -0.001590990257669731714, 0.003700000000000000164 ) ) ;
#495 = CARTESIAN_POINT ( 'NONE',  ( 0.001111340248359257146, -0.002683012700000000049, 0.0009999999989075253858 ) ) ;
#496 = CARTESIAN_POINT ( 'NONE',  ( 0.001111340248359257146, -0.002683012700000000049, 0.005699999998907526004 ) ) ;
#497 = CARTESIAN_POINT ( 'NONE',  ( 0.002249999999999999830, 0.000000000000000000, 0.0008000000000000000383 ) ) ;
#498 = CARTESIAN_POINT ( 'NONE',  ( -0.001897176474179627838, 0.001897176474179628272, 0.01264999999890752472 ) ) ;
#499 = CARTESIAN_POINT ( 'NONE',  ( 0.002683012700000000049, -0.001111340248359258013, 0.01469999999890752446 ) ) ;
#500 = CARTESIAN_POINT ( 'NONE',  ( 0.000000000000000000, 0.000000000000000000, 0.01799999999999999864 ) ) ;
#501 = FACE_OUTER_BOUND ( 'NONE', #4200, .T. ) ;
#502 = CARTESIAN_POINT ( 'NONE',  ( -0.002683012700000000916, 0.001111340248359256495, 0.0005999999989075252040 ) ) ;
#503 = EDGE_CURVE ( 'NONE', #3320, #2609, #4591, .T. ) ;
#504 = CARTESIAN_POINT ( 'NONE',  ( -0.001897176474179627838, 0.001897176474179628272, 0.006249999998907525278 ) ) ;
#505 = CARTESIAN_POINT ( 'NONE',  ( 1.377727649040772196E-19, 0.002249999999999999830, 0.01519999999781504983 ) ) ;
#506 = CARTESIAN_POINT ( 'NONE',  ( 0.002683012700000000916, 0.001111340248359256279, 0.008399999998907524412 ) ) ;
#507 = CARTESIAN_POINT ( 'NONE',  ( 0.002683012700000000916, 0.001111340248359256279, 0.003499999998907525438 ) ) ;
#508 = ORIENTED_EDGE ( 'NONE', *, *, #2740, .T. ) ;
#509 = VERTEX_POINT ( 'NONE', #2353 ) ;
#510 = CARTESIAN_POINT ( 'NONE',  ( 0.002683012700000000049, -0.001111340248359258013, 0.01299999999890752607 ) ) ;
#511 = CARTESIAN_POINT ( 'NONE',  ( 0.002250000000000000697, 0.0009319805153394639238, 0.007049999997815050573 ) ) ;
#512 = CARTESIAN_POINT ( 'NONE',  ( 1.642871457563348924E-19, 0.002683012700000000049, 0.01094999999890752460 ) ) ;
#513 = CARTESIAN_POINT ( 'NONE',  ( -0.004000000000000000083, 0.000000000000000000, 0.03400000000000000244 ) ) ;
#514 = CARTESIAN_POINT ( 'NONE',  ( 0.001590990257669731497, -0.001590990257669732148, 0.008700000000000001135 ) ) ;
#515 = CARTESIAN_POINT ( 'NONE',  ( -0.002249999999999999830, 2.755455298081544393E-19, 0.004999999997815050834 ) ) ;
#516 = DIRECTION ( 'NONE',  ( 0.000000000000000000, 0.000000000000000000, 1.000000000000000000 ) ) ;
#517 = CARTESIAN_POINT ( 'NONE',  ( 0.002683012700000000049, -0.001111340248359258013, 0.001099999998907525214 ) ) ;
#518 = CARTESIAN_POINT ( 'NONE',  ( 0.001897176474179627622, -0.001897176474179628489, 0.01054999999890752528 ) ) ;
#519 = CARTESIAN_POINT ( 'NONE',  ( -0.0009319805153394651164, -0.002249999999999999830, 0.0005500000000000000331 ) ) ;
#520 = CARTESIAN_POINT ( 'NONE',  ( 0.000000000000000000, 0.000000000000000000, 0.01799999999999999864 ) ) ;
#521 = CARTESIAN_POINT ( 'NONE',  ( 0.000000000000000000, 0.000000000000000000, 0.01799999999999999864 ) ) ;
#522 = CARTESIAN_POINT ( 'NONE',  ( -0.002683012700000000049, 3.285742915126697848E-19, 0.002249999998907525195 ) ) ;
#523 = CARTESIAN_POINT ( 'NONE',  ( 0.001897176474179627622, -0.001897176474179628489, 0.008249999998907525320 ) ) ;
#524 = CARTESIAN_POINT ( 'NONE',  ( 0.002249999999999999830, 0.000000000000000000, 0.01360000000000000098 ) ) ;
#525 = CARTESIAN_POINT ( 'NONE',  ( -0.001897176474179627838, 0.001897176474179628272, 0.008649999998907524634 ) ) ;
#526 = CARTESIAN_POINT ( 'NONE',  ( -0.001897176474179628489, -0.001897176474179627838, 0.002349999998907525457 ) ) ;
#527 = ORIENTED_EDGE ( 'NONE', *, *, #2608, .F. ) ;
#528 = CARTESIAN_POINT ( 'NONE',  ( 1.642871457563348924E-19, 0.002683012700000000049, 0.01244999999890752593 ) ) ;
#529 = CARTESIAN_POINT ( 'NONE',  ( 0.002249999999999999830, -0.0009319805153394653333, 0.009349999997815050534 ) ) ;
#530 = CARTESIAN_POINT ( 'NONE',  ( 0.002683012700000000049, -0.001111340248359258013, 0.01229999999890752337 ) ) ;
#531 = CARTESIAN_POINT ( 'NONE',  ( 0.002249999999999987253, 0.0009319805153394767174, 0.01525000000000000314 ) ) ;
#532 = CARTESIAN_POINT ( 'NONE',  ( -0.0009319805153394637070, 0.002250000000000000697, 0.009050000000000000752 ) ) ;
#533 = CARTESIAN_POINT ( 'NONE',  ( 0.002249999999999999830, 0.000000000000000000, 0.01179999999781504959 ) ) ;
#534 = DIRECTION ( 'NONE',  ( -0.000000000000000000, -0.000000000000000000, -1.000000000000000000 ) ) ;
#535 = CARTESIAN_POINT ( 'NONE',  ( -0.002249999999999999830, 2.755455298081544393E-19, 0.008199999997815050554 ) ) ;
#536 = CARTESIAN_POINT ( 'NONE',  ( -0.001897176474179627838, 0.001897176474179628272, 0.003049999998907525559 ) ) ;
#537 = CARTESIAN_POINT ( 'NONE',  ( 0.001897176474179627622, -0.001897176474179628489, 0.01134999999890752564 ) ) ;
#538 = CARTESIAN_POINT ( 'NONE',  ( 0.002249999999999999830, 0.000000000000000000, 0.007799999997815051239 ) ) ;
#539 = VECTOR ( 'NONE', #3788, 1.000000000000000000 ) ;
#540 = CARTESIAN_POINT ( 'NONE',  ( -0.0009319805153394637070, 0.002250000000000000697, 0.01465000000000000156 ) ) ;
#541 = CARTESIAN_POINT ( 'NONE',  ( -0.002250000000000000697, -0.0009319805153394634901, 0.01624999999781505042 ) ) ;
#542 = CARTESIAN_POINT ( 'NONE',  ( -4.928614372690046772E-19, -0.002683012700000000049, 0.0008499999989075252092 ) ) ;
#543 = CARTESIAN_POINT ( 'NONE',  ( 0.002683012700000000049, 0.000000000000000000, 0.009949999998907525442 ) ) ;
#544 = EDGE_CURVE ( 'NONE', #4685, #2495, #2265, .T. ) ;
#545 = CARTESIAN_POINT ( 'NONE',  ( 0.002249999999999999830, 0.000000000000000000, 0.004599999997815050652 ) ) ;
#546 = CARTESIAN_POINT ( 'NONE',  ( 0.002250000000000005902, -0.0009319805153394590449, 0.004750000000000000749 ) ) ;
#547 = CARTESIAN_POINT ( 'NONE',  ( -0.002683012700000000916, 0.001111340248359256495, 0.008699999998907522597 ) ) ;
#548 = CARTESIAN_POINT ( 'NONE',  ( -0.002683012700000000916, -0.001111340248359255845, 0.002299999998907525326 ) ) ;
#549 = ORIENTED_EDGE ( 'NONE', *, *, #3823, .T. ) ;
#550 = EDGE_CURVE ( 'NONE', #1366, #414, #2736, .T. ) ;
#551 = ORIENTED_EDGE ( 'NONE', *, *, #3471, .T. ) ;
#552 = CARTESIAN_POINT ( 'NONE',  ( -0.002683012700000000049, 3.285742915126697848E-19, 0.01584999999890752617 ) ) ;
#553 = CARTESIAN_POINT ( 'NONE',  ( -4.928614372690046772E-19, -0.002683012700000000049, 0.01134999999890752564 ) ) ;
#554 = DIRECTION ( 'NONE',  ( -1.000000000000000000, 0.000000000000000000, 0.000000000000000000 ) ) ;
#555 = CARTESIAN_POINT ( 'NONE',  ( -4.133182947122316589E-19, -0.002249999999999999830, 0.009400000000000000369 ) ) ;
#556 = EDGE_CURVE ( 'NONE', #208, #1566, #2885, .T. ) ;
#557 = CARTESIAN_POINT ( 'NONE',  ( 0.001897176474179627622, -0.001897176474179628489, 0.01614999999890752783 ) ) ;
#558 = CARTESIAN_POINT ( 'NONE',  ( 0.001590990257669731497, -0.001590990257669732148, 0.003900000000000000255 ) ) ;
#559 = CARTESIAN_POINT ( 'NONE',  ( 0.002683012700000000916, 0.001111340248359256279, 0.002799999998907524903 ) ) ;
#560 = CARTESIAN_POINT ( 'NONE',  ( 0.001897176474179627622, -0.001897176474179628489, 0.008949999998907526289 ) ) ;
#561 = CARTESIAN_POINT ( 'NONE',  ( 0.002249999999999999830, 0.000000000000000000, 0.000000000000000000 ) ) ;
#562 = ADVANCED_FACE ( 'NONE', ( #4361 ), #1696, .F. ) ;
#563 = DIRECTION ( 'NONE',  ( -0.000000000000000000, -0.000000000000000000, -1.000000000000000000 ) ) ;
#564 = CYLINDRICAL_SURFACE ( 'NONE', #764, 0.002249999999999999830 ) ;
#565 = CARTESIAN_POINT ( 'NONE',  ( -0.001897176474179628489, -0.001897176474179627838, 0.001549999998907525310 ) ) ;
#566 =( BOUNDED_CURVE ( )  B_SPLINE_CURVE ( 2, ( #837, #4035, #3654, #1816, #3284, #742, #2198, #3681, #393 ),
 .UNSPECIFIED., .F., .F. ) 
 B_SPLINE_CURVE_WITH_KNOTS ( ( 3, 2, 2, 2, 3 ),
 ( 0.7500000000000000000, 0.7562499999999999778, 0.7624999999999999556, 0.7687500000000000444, 0.7750000000000000222 ),
 .UNSPECIFIED. ) 
 CURVE ( )  GEOMETRIC_REPRESENTATION_ITEM ( )  RATIONAL_B_SPLINE_CURVE ( ( 1.000000000000000000, 0.9238795325112867385, 1.000000000000000000, 0.9238795325112867385, 1.000000000000000000, 0.9238795325112867385, 1.000000000000000000, 0.9238795325112867385, 1.000000000000000000 ) ) 
 REPRESENTATION_ITEM ( '' )  );
#567 = CARTESIAN_POINT ( 'NONE',  ( -0.001111340248359257796, -0.002683012700000000049, 0.008099999998907524493 ) ) ;
#568 = CARTESIAN_POINT ( 'NONE',  ( 0.002249999999999999830, 0.000000000000000000, 0.001399999997815050499 ) ) ;
#569 = CARTESIAN_POINT ( 'NONE',  ( 0.000000000000000000, 0.000000000000000000, 0.03400000000000000244 ) ) ;
#570 = CARTESIAN_POINT ( 'NONE',  ( 0.001897176474179627622, -0.001897176474179628489, 0.007349999998907525561 ) ) ;
#571 = EDGE_LOOP ( 'NONE', ( #3249, #4383, #976, #2543 ) ) ;
#572 = CARTESIAN_POINT ( 'NONE',  ( -0.001897176474179628489, -0.001897176474179627838, 0.01434999999890752657 ) ) ;
#573 = CARTESIAN_POINT ( 'NONE',  ( -0.002683012700000000916, -0.001111340248359255845, 0.01519999999890752490 ) ) ;
#574 = CARTESIAN_POINT ( 'NONE',  ( 0.0009319805153394640322, 0.002250000000000000697, 0.01034999999781504969 ) ) ;
#575 = CARTESIAN_POINT ( 'NONE',  ( -0.002250000000000000697, 0.0009319805153394642491, 0.01394999999999999886 ) ) ;
#576 = CARTESIAN_POINT ( 'NONE',  ( -0.001897176474179627838, 0.001897176474179628272, 0.01504999999890752581 ) ) ;
#577 = CARTESIAN_POINT ( 'NONE',  ( 0.0009319805153394640322, 0.002250000000000000697, 0.005749999999999999903 ) ) ;
#578 = CARTESIAN_POINT ( 'NONE',  ( 1.377727649040772196E-19, 0.002249999999999999830, 0.007199999997815050533 ) ) ;
#579 = CARTESIAN_POINT ( 'NONE',  ( 0.002683012700000000049, -0.001111340248359258013, 0.005899999998907526529 ) ) ;
#580 = CARTESIAN_POINT ( 'NONE',  ( 0.001897176474179628272, 0.001897176474179628272, 0.009949999998907525442 ) ) ;
#581 = FACE_OUTER_BOUND ( 'NONE', #1591, .T. ) ;
#582 = CARTESIAN_POINT ( 'NONE',  ( 0.000000000000000000, 0.000000000000000000, 0.01799999999999999864 ) ) ;
#583 = CARTESIAN_POINT ( 'NONE',  ( 0.000000000000000000, 0.000000000000000000, 0.01799999999999999864 ) ) ;
#584 = CARTESIAN_POINT ( 'NONE',  ( 0.001111340248359257146, -0.002683012700000000049, 0.001699999998907525270 ) ) ;
#585 = CARTESIAN_POINT ( 'NONE',  ( -0.001897176474179627838, 0.001897176474179628272, 0.01024999999890752536 ) ) ;
#586 = CARTESIAN_POINT ( 'NONE',  ( -0.002249999999999999830, 2.755455298081544393E-19, 0.0009999999978150503170 ) ) ;
#587 = CARTESIAN_POINT ( 'NONE',  ( 0.002249999999999999830, 0.000000000000000000, 0.01099999999781505096 ) ) ;
#588 =( BOUNDED_CURVE ( )  B_SPLINE_CURVE ( 2, ( #1064, #1413, #359, #1802, #3271, #2526, #310, #4022, #4366 ),
 .UNSPECIFIED., .F., .F. ) 
 B_SPLINE_CURVE_WITH_KNOTS ( ( 3, 2, 2, 2, 3 ),
 ( 0.8250000000000000666, 0.8312500000000001554, 0.8375000000000001332, 0.8437500000000001110, 0.8500000000000000888 ),
 .UNSPECIFIED. ) 
 CURVE ( )  GEOMETRIC_REPRESENTATION_ITEM ( )  RATIONAL_B_SPLINE_CURVE ( ( 0.9999999999999986677, 0.9238795325112880708, 1.000000000000000000, 0.9238795325112867385, 1.000000000000000000, 0.9238795325112867385, 1.000000000000000000, 0.9238795325112854062, 1.000000000000001332 ) ) 
 REPRESENTATION_ITEM ( '' )  );
#589 = CARTESIAN_POINT ( 'NONE',  ( 1.642871457563348924E-19, 0.002683012700000000049, 0.007649999998907525481 ) ) ;
#590 = CARTESIAN_POINT ( 'NONE',  ( 0.002683012700000000916, 0.001111340248359256279, 0.01469999999890752619 ) ) ;
#591 = CARTESIAN_POINT ( 'NONE',  ( -0.002683012700000000049, 3.285742915126697848E-19, 0.01514999999890752520 ) ) ;
#592 = CARTESIAN_POINT ( 'NONE',  ( -0.001111340248359256062, 0.002683012700000000916, 0.003799999998907525791 ) ) ;
#593 = CARTESIAN_POINT ( 'NONE',  ( -0.002249999999999999830, 2.755455298081544393E-19, 0.01319999999999999993 ) ) ;
#594 = CARTESIAN_POINT ( 'NONE',  ( 0.002249999999999999830, 0.000000000000000000, 0.007799999997815051239 ) ) ;
#595 =( BOUNDED_CURVE ( )  B_SPLINE_CURVE ( 2, ( #3867, #531, #3848, #3093, #4578, #1263, #885, #3462, #1978 ),
 .UNSPECIFIED., .F., .F. ) 
 B_SPLINE_CURVE_WITH_KNOTS ( ( 3, 2, 2, 2, 3 ),
 ( 0.9500000000000000666, 0.9562500000000001554, 0.9625000000000001332, 0.9687500000000001110, 0.9750000000000000888 ),
 .UNSPECIFIED. ) 
 CURVE ( )  GEOMETRIC_REPRESENTATION_ITEM ( )  RATIONAL_B_SPLINE_CURVE ( ( 0.9999999999999986677, 0.9238795325112880708, 1.000000000000000000, 0.9238795325112867385, 1.000000000000000000, 0.9238795325112867385, 1.000000000000000000, 0.9238795325112854062, 1.000000000000001332 ) ) 
 REPRESENTATION_ITEM ( '' )  );
#596 = CARTESIAN_POINT ( 'NONE',  ( -0.001897176474179628489, -0.001897176474179627838, 0.01444999999890752597 ) ) ;
#597 =( LENGTH_UNIT ( ) NAMED_UNIT ( * ) SI_UNIT ( $, .METRE. ) );
#598 = CARTESIAN_POINT ( 'NONE',  ( -0.001590990257669732148, -0.001590990257669731714, 0.01309999999781505040 ) ) ;
#599 = CARTESIAN_POINT ( 'NONE',  ( 0.002683012700000000916, 0.001111340248359256279, 0.004399999998907525196 ) ) ;
#600 = CARTESIAN_POINT ( 'NONE',  ( 0.002683012700000000049, 0.000000000000000000, 0.01144999999890752504 ) ) ;
#601 = CARTESIAN_POINT ( 'NONE',  ( -0.001590990257669731714, 0.001590990257669731931, 0.001899999999999999996 ) ) ;
#602 = CARTESIAN_POINT ( 'NONE',  ( -0.001590990257669732148, -0.001590990257669731714, 0.01629999999781505185 ) ) ;
#603 = CARTESIAN_POINT ( 'NONE',  ( 0.000000000000000000, 0.000000000000000000, 0.03400000000000000244 ) ) ;
#604 = CARTESIAN_POINT ( 'NONE',  ( -0.001111340248359256062, 0.002683012700000000916, 0.002099999998907525235 ) ) ;
#605 = CARTESIAN_POINT ( 'NONE',  ( -0.001897176474179628489, -0.001897176474179627838, 0.001549999998907525310 ) ) ;
#606 = CARTESIAN_POINT ( 'NONE',  ( 0.001590990257669731497, -0.001590990257669732148, 0.008700000000000001135 ) ) ;
#607 = EDGE_CURVE ( 'NONE', #326, #2989, #1589, .T. ) ;
#608 = CARTESIAN_POINT ( 'NONE',  ( 0.001111340248359257146, -0.002683012700000000049, 0.007399999998907526126 ) ) ;
#609 = CARTESIAN_POINT ( 'NONE',  ( 0.002249999999999999830, -0.0009319805153394653333, 0.01174999999781504989 ) ) ;
#610 = CARTESIAN_POINT ( 'NONE',  ( -0.0009319805153394637070, 0.002250000000000000697, 0.007450000000000000025 ) ) ;
#611 = CARTESIAN_POINT ( 'NONE',  ( 0.001111340248359257146, -0.002683012700000000049, 0.005699999998907526004 ) ) ;
#612 = VERTEX_POINT ( 'NONE', #1772 ) ;
#613 = VECTOR ( 'NONE', #3215, 1.000000000000000000 ) ;
#614 = CARTESIAN_POINT ( 'NONE',  ( 0.001897176474179628272, 0.001897176474179628272, 0.0004499999989075251900 ) ) ;
#615 = ADVANCED_FACE ( 'NONE', ( #279 ), #352, .F. ) ;
#616 = CARTESIAN_POINT ( 'NONE',  ( -0.001897176474179628489, -0.001897176474179627838, 0.01604999999890752843 ) ) ;
#617 = CARTESIAN_POINT ( 'NONE',  ( -0.001897176474179628489, -0.001897176474179627838, 0.004049999998907525579 ) ) ;
#618 = VECTOR ( 'NONE', #1666, 1.000000000000000000 ) ;
#619 = CARTESIAN_POINT ( 'NONE',  ( -0.0009319805153394651164, -0.002249999999999999830, 0.01094999999999999966 ) ) ;
#620 = CARTESIAN_POINT ( 'NONE',  ( -0.002249999999999999830, 2.755455298081544393E-19, 0.005799999997815051198 ) ) ;
#621 = CARTESIAN_POINT ( 'NONE',  ( 0.001111340248359256495, 0.002683012700000000916, 0.01329999999890752772 ) ) ;
#622 = PRESENTATION_STYLE_ASSIGNMENT (( #273 ) ) ;
#623 = CARTESIAN_POINT ( 'NONE',  ( 0.001897176474179627622, -0.001897176474179628489, 0.005849999998907525964 ) ) ;
#624 = CARTESIAN_POINT ( 'NONE',  ( -0.002683012700000000916, -0.001111340248359255845, 0.01349999999890752651 ) ) ;
#625 = CARTESIAN_POINT ( 'NONE',  ( 0.001590990257669731931, 0.001590990257669731931, 0.002500000000000000052 ) ) ;
#626 = EDGE_LOOP ( 'NONE', ( #3286, #1379, #47, #2388 ) ) ;
#627 = CARTESIAN_POINT ( 'NONE',  ( 0.000000000000000000, 0.000000000000000000, 0.01799999999999999864 ) ) ;
#628 = EDGE_CURVE ( 'NONE', #3958, #4685, #3929, .T. ) ;
#629 = CARTESIAN_POINT ( 'NONE',  ( 0.001590990257669731497, -0.001590990257669732148, 0.002899999997815050530 ) ) ;
#630 = CARTESIAN_POINT ( 'NONE',  ( 0.002683012700000000916, 0.001111340248359256279, 0.002699999998907525074 ) ) ;
#631 = CARTESIAN_POINT ( 'NONE',  ( 0.001111340248359256495, 0.002683012700000000916, 0.002799999998907524903 ) ) ;
#632 = CARTESIAN_POINT ( 'NONE',  ( -0.002249999999999999830, 2.755455298081544393E-19, 0.008400000000000001216 ) ) ;
#633 = CARTESIAN_POINT ( 'NONE',  ( 0.002683012700000000916, 0.001111340248359256279, 0.01079999999890752550 ) ) ;
#634 = EDGE_CURVE ( 'NONE', #3256, #3440, #1744, .T. ) ;
#635 = CARTESIAN_POINT ( 'NONE',  ( 1.642871457563348924E-19, 0.002683012700000000049, 0.01334999999890752569 ) ) ;
#636 = CARTESIAN_POINT ( 'NONE',  ( -0.0009319805153394637070, 0.002250000000000000697, 0.01124999999781504945 ) ) ;
#637 = CARTESIAN_POINT ( 'NONE',  ( 0.000000000000000000, 0.000000000000000000, 0.01799999999999999864 ) ) ;
#638 = CARTESIAN_POINT ( 'NONE',  ( -0.002249999999999999830, 0.000000000000000000, 0.01799999999999999864 ) ) ;
#639 = CARTESIAN_POINT ( 'NONE',  ( -0.001897176474179627838, 0.001897176474179628272, 0.006149999998907525016 ) ) ;
#640 = CARTESIAN_POINT ( 'NONE',  ( -0.002683012700000000916, -0.001111340248359255845, 0.003199999998907525518 ) ) ;
#641 = CARTESIAN_POINT ( 'NONE',  ( 0.002683012700000000049, 0.000000000000000000, 0.01634999999890752662 ) ) ;
#642 = CARTESIAN_POINT ( 'NONE',  ( -0.002683012700000000049, 3.285742915126697848E-19, 0.003149999998907524953 ) ) ;
#643 = CARTESIAN_POINT ( 'NONE',  ( -0.0009319805153394637070, 0.002250000000000000697, 0.01225000000000000047 ) ) ;
#644 = CARTESIAN_POINT ( 'NONE',  ( 0.001897176474179628272, 0.001897176474179628272, 0.01324999999890752456 ) ) ;
#645 = CARTESIAN_POINT ( 'NONE',  ( 0.000000000000000000, 0.000000000000000000, 0.01799999999999999864 ) ) ;
#646 = CARTESIAN_POINT ( 'NONE',  ( 0.0009319805153394645743, -0.002249999999999999830, 0.007050000000000001578 ) ) ;
#647 = CARTESIAN_POINT ( 'NONE',  ( -0.002683012700000000049, 3.285742915126697848E-19, 0.003949999998907525317 ) ) ;
#648 = CARTESIAN_POINT ( 'NONE',  ( -0.001897176474179627838, 0.001897176474179628272, 0.01494999999890752641 ) ) ;
#649 = CARTESIAN_POINT ( 'NONE',  ( 0.002250000000000000697, 0.0009319805153394639238, 0.002449999999999999921 ) ) ;
#650 = ORIENTED_EDGE ( 'NONE', *, *, #897, .F. ) ;
#651 = CARTESIAN_POINT ( 'NONE',  ( 0.001590990257669731497, -0.001590990257669732148, 0.003699999997815050894 ) ) ;
#652 = CARTESIAN_POINT ( 'NONE',  ( -0.002249999999999999830, 2.755455298081544393E-19, 0.01400000000000000029 ) ) ;
#653 = CARTESIAN_POINT ( 'NONE',  ( -0.002683012700000000916, -0.001111340248359255845, 0.003099999998907525256 ) ) ;
#654 = CARTESIAN_POINT ( 'NONE',  ( 0.002683012700000000916, 0.001111340248359256279, 0.001099999998907525214 ) ) ;
#655 = CARTESIAN_POINT ( 'NONE',  ( 1.642871457563348924E-19, 0.002683012700000000049, 0.01174999999890752496 ) ) ;
#656 = ORIENTED_EDGE ( 'NONE', *, *, #4476, .F. ) ;
#657 = CARTESIAN_POINT ( 'NONE',  ( 0.001111340248359257146, -0.002683012700000000049, 0.01059999999890752498 ) ) ;
#658 = CARTESIAN_POINT ( 'NONE',  ( 0.002249999999999999830, -0.0009319805153394653333, 0.01254999999781505025 ) ) ;
#659 = CARTESIAN_POINT ( 'NONE',  ( 0.0009319805153394640322, 0.002250000000000000697, 0.008150000000000000994 ) ) ;
#660 = DIRECTION ( 'NONE',  ( -1.000000000000000000, 0.000000000000000000, 0.000000000000000000 ) ) ;
#661 = CARTESIAN_POINT ( 'NONE',  ( -0.002683012700000000916, 0.001111340248359256495, 0.005399999998907526085 ) ) ;
#662 = CARTESIAN_POINT ( 'NONE',  ( 0.001111340248359256495, 0.002683012700000000916, 0.003699999998907525095 ) ) ;
#663 = CARTESIAN_POINT ( 'NONE',  ( -0.001111340248359257796, -0.002683012700000000049, 0.01449999999890752567 ) ) ;
#664 = CARTESIAN_POINT ( 'NONE',  ( 0.002683012700000000049, -0.001111340248359258013, 0.004299999998907525801 ) ) ;
#665 = CARTESIAN_POINT ( 'NONE',  ( -0.002249999999999999830, 2.755455298081544393E-19, 0.01160000000000000094 ) ) ;
#666 = CARTESIAN_POINT ( 'NONE',  ( -0.001590990257669732148, -0.001590990257669731714, 0.001899999997815050509 ) ) ;
#667 = DIRECTION ( 'NONE',  ( 0.000000000000000000, -0.000000000000000000, -1.000000000000000000 ) ) ;
#668 = CARTESIAN_POINT ( 'NONE',  ( 0.002249999999999999830, 0.000000000000000000, 0.007200000000000000670 ) ) ;
#669 = CARTESIAN_POINT ( 'NONE',  ( -0.002683012700000000049, 3.285742915126697848E-19, 0.006349999998907525540 ) ) ;
#670 = CARTESIAN_POINT ( 'NONE',  ( 0.002683012700000000049, -0.001111340248359258013, 0.01459999999890752506 ) ) ;
#671 = CARTESIAN_POINT ( 'NONE',  ( 0.0009319805153394640322, 0.002250000000000000697, 0.001750000000000000036 ) ) ;
#672 = ORIENTED_EDGE ( 'NONE', *, *, #1599, .T. ) ;
#673 = CYLINDRICAL_SURFACE ( 'NONE', #4070, 0.002249999999999999830 ) ;
#674 = CARTESIAN_POINT ( 'NONE',  ( -4.133182947122316589E-19, -0.002249999999999999830, 0.002799999997815050268 ) ) ;
#675 = CARTESIAN_POINT ( 'NONE',  ( 0.002683012700000000916, 0.001111340248359256279, 0.005099999998907525298 ) ) ;
#676 = CARTESIAN_POINT ( 'NONE',  ( 0.002683012700000000049, 0.000000000000000000, 0.01154999999890752443 ) ) ;
#677 = ORIENTED_EDGE ( 'NONE', *, *, #1618, .F. ) ;
#678 = CARTESIAN_POINT ( 'NONE',  ( -0.001111340248359256062, 0.002683012700000000916, 0.01259999999890752502 ) ) ;
#679 = CARTESIAN_POINT ( 'NONE',  ( -0.002250000000000000697, -0.0009319805153394634901, 0.01064999999781505134 ) ) ;
#680 = CARTESIAN_POINT ( 'NONE',  ( 0.000000000000000000, 0.000000000000000000, 0.01799999999999999864 ) ) ;
#681 = DIRECTION ( 'NONE',  ( -1.000000000000000000, 0.000000000000000000, 0.000000000000000000 ) ) ;
#682 = CARTESIAN_POINT ( 'NONE',  ( -4.928614372690046772E-19, -0.002683012700000000049, 0.01044999999890752589 ) ) ;
#683 = EDGE_CURVE ( 'NONE', #4685, #3744, #2910, .T. ) ;
#684 = AXIS2_PLACEMENT_3D ( 'NONE', #4496, #2699, #3810 ) ;
#685 = CARTESIAN_POINT ( 'NONE',  ( 0.002683012700000000049, 0.000000000000000000, 0.001149999998907525346 ) ) ;
#686 = FACE_OUTER_BOUND ( 'NONE', #1124, .T. ) ;
#687 = CARTESIAN_POINT ( 'NONE',  ( -0.002683012700000000049, 3.285742915126697848E-19, 0.003949999998907525317 ) ) ;
#688 = CARTESIAN_POINT ( 'NONE',  ( -0.002250000000000000697, -0.0009319805153394634901, 0.01565000000000000072 ) ) ;
#689 = CARTESIAN_POINT ( 'NONE',  ( -0.001897176474179627838, 0.001897176474179628272, 0.007749999998907525743 ) ) ;
#690 = EDGE_CURVE ( 'NONE', #3088, #3791, #2074, .T. ) ;
#691 = ORIENTED_EDGE ( 'NONE', *, *, #1751, .F. ) ;
#692 = CARTESIAN_POINT ( 'NONE',  ( 0.0009319805153394640322, 0.002250000000000000697, 0.003149999997815050752 ) ) ;
#693 = CARTESIAN_POINT ( 'NONE',  ( 0.002249999999999999830, -0.0009319805153394653333, 0.003749999997815050591 ) ) ;
#694 = CARTESIAN_POINT ( 'NONE',  ( 0.0009319805153394640322, 0.002250000000000000697, 0.0007499999978150503118 ) ) ;
#695 = CIRCLE ( 'NONE', #4392, 0.005000000000000000104 ) ;
#696 = CARTESIAN_POINT ( 'NONE',  ( -0.002683012700000000916, 0.001111340248359256495, 0.009499999998907524695 ) ) ;
#697 = CARTESIAN_POINT ( 'NONE',  ( -0.002683012700000000916, 0.001111340248359256495, 0.01419999999890752575 ) ) ;
#698 = CARTESIAN_POINT ( 'NONE',  ( 0.0009319805153394640322, 0.002250000000000000697, 0.004150000000000000043 ) ) ;
#699 = ADVANCED_FACE ( 'NONE', ( #2099 ), #1354, .T. ) ;
#700 = ORIENTED_EDGE ( 'NONE', *, *, #690, .T. ) ;
#701 = CARTESIAN_POINT ( 'NONE',  ( -0.001111340248359256062, 0.002683012700000000916, 0.01249999999890752563 ) ) ;
#702 = CARTESIAN_POINT ( 'NONE',  ( -0.002249999999999998529, -0.0009319805153394651164, 0.001250000000000000026 ) ) ;
#703 = CARTESIAN_POINT ( 'NONE',  ( -0.002249999999999999830, 2.755455298081544393E-19, 0.01240000000000000130 ) ) ;
#704 = CARTESIAN_POINT ( 'NONE',  ( -0.001897176474179628489, -0.001897176474179627838, 0.003149999998907525387 ) ) ;
#705 = CARTESIAN_POINT ( 'NONE',  ( -0.001897176474179627838, 0.001897176474179628272, 0.01264999999890752472 ) ) ;
#706 = CARTESIAN_POINT ( 'NONE',  ( 0.0009319805153394645743, -0.002249999999999999830, 0.01244999999781505086 ) ) ;
#707 = CYLINDRICAL_SURFACE ( 'NONE', #4150, 0.002249999999999999830 ) ;
#708 = CYLINDRICAL_SURFACE ( 'NONE', #4063, 0.002249999999999999830 ) ;
#709 = CARTESIAN_POINT ( 'NONE',  ( -0.002683012700000000916, 0.001111340248359256495, 0.008599999998907526672 ) ) ;
#710 = CARTESIAN_POINT ( 'NONE',  ( -0.002683012700000000049, 3.285742915126697848E-19, 0.003949999998907525317 ) ) ;
#711 = CYLINDRICAL_SURFACE ( 'NONE', #1294, 0.002249999999999999830 ) ;
#712 = CARTESIAN_POINT ( 'NONE',  ( -0.002683012700000000916, 0.001111340248359256495, 0.007099999998907525339 ) ) ;
#713 = CARTESIAN_POINT ( 'NONE',  ( 0.0009319805153394640322, 0.002250000000000000697, 0.01455000000000000043 ) ) ;
#714 = CARTESIAN_POINT ( 'NONE',  ( 0.001897176474179627622, -0.001897176474179628489, 0.005749999998907525701 ) ) ;
#715 =( BOUNDED_CURVE ( )  B_SPLINE_CURVE ( 2, ( #3797, #134, #181, #574, #2002, #908, #2345, #1661, #2325 ),
 .UNSPECIFIED., .F., .F. ) 
 B_SPLINE_CURVE_WITH_KNOTS ( ( 3, 2, 2, 2, 3 ),
 ( 0.6000000000000000888, 0.6062500000000000666, 0.6125000000000000444, 0.6187500000000000222, 0.6250000000000000000 ),
 .UNSPECIFIED. ) 
 CURVE ( )  GEOMETRIC_REPRESENTATION_ITEM ( )  RATIONAL_B_SPLINE_CURVE ( ( 0.9999999999999986677, 0.9238795325112880708, 1.000000000000000000, 0.9238795325112867385, 1.000000000000000000, 0.9238795325112867385, 1.000000000000000000, 0.9238795325112867385, 1.000000000000000000 ) ) 
 REPRESENTATION_ITEM ( '' )  );
#716 = CARTESIAN_POINT ( 'NONE',  ( -0.002683012700000000049, 3.285742915126697848E-19, 0.01594999999890752557 ) ) ;
#717 = CARTESIAN_POINT ( 'NONE',  ( 0.002249999999999999830, -0.0009319805153394653333, 0.004549999997815051822 ) ) ;
#718 = CARTESIAN_POINT ( 'NONE',  ( 0.002683012700000000916, 0.001111340248359256279, 0.009999999998907525139 ) ) ;
#719 = CARTESIAN_POINT ( 'NONE',  ( 0.002683012700000000049, 0.000000000000000000, 0.01224999999890752540 ) ) ;
#720 = CARTESIAN_POINT ( 'NONE',  ( 0.001590990257669731497, -0.001590990257669732148, 0.005500000000000000548 ) ) ;
#721 = EDGE_LOOP ( 'NONE', ( #433, #1682, #3676, #2361 ) ) ;
#722 = VERTEX_POINT ( 'NONE', #4334 ) ;
#723 = CARTESIAN_POINT ( 'NONE',  ( 0.001897176474179628272, 0.001897176474179628272, 0.01314999999890752516 ) ) ;
#724 = CARTESIAN_POINT ( 'NONE',  ( -4.133182947122316589E-19, -0.002249999999999999830, 0.008399999997815051078 ) ) ;
#725 = CARTESIAN_POINT ( 'NONE',  ( 0.002249999999999999830, 0.000000000000000000, 0.006400000000000000307 ) ) ;
#726 = CARTESIAN_POINT ( 'NONE',  ( -0.002683012700000000049, 3.285742915126697848E-19, 0.005449999998907525782 ) ) ;
#727 = ORIENTED_EDGE ( 'NONE', *, *, #136, .T. ) ;
#728 = CARTESIAN_POINT ( 'NONE',  ( -4.928614372690046772E-19, -0.002683012700000000049, 0.01134999999890752564 ) ) ;
#729 = CARTESIAN_POINT ( 'NONE',  ( -0.0009319805153394651164, -0.002249999999999999830, 0.01314999999781505183 ) ) ;
#730 = CARTESIAN_POINT ( 'NONE',  ( 1.377727649040772196E-19, 0.002249999999999999830, 0.0002000000000000000096 ) ) ;
#731 = CARTESIAN_POINT ( 'NONE',  ( -4.928614372690046772E-19, -0.002683012700000000049, 0.009649999998907525522 ) ) ;
#732 = CARTESIAN_POINT ( 'NONE',  ( 0.001111340248359256495, 0.002683012700000000916, 0.001299999998907525305 ) ) ;
#733 = FACE_OUTER_BOUND ( 'NONE', #4283, .T. ) ;
#734 = CARTESIAN_POINT ( 'NONE',  ( -0.001111340248359257796, -0.002683012700000000049, 0.007299999998907525864 ) ) ;
#735 = CARTESIAN_POINT ( 'NONE',  ( -0.0009319805153394637070, 0.002250000000000000697, 0.01465000000000000156 ) ) ;
#736 = CARTESIAN_POINT ( 'NONE',  ( -0.002683012700000000049, 3.285742915126697848E-19, 0.005449999998907525782 ) ) ;
#737 = VERTEX_POINT ( 'NONE', #1029 ) ;
#738 = CARTESIAN_POINT ( 'NONE',  ( 0.001897176474179627622, -0.001897176474179628489, 0.01624999999890752722 ) ) ;
#739 = CARTESIAN_POINT ( 'NONE',  ( 0.001111340248359257146, -0.002683012700000000049, 0.008899999998907524856 ) ) ;
#740 = CARTESIAN_POINT ( 'NONE',  ( 1.377727649040772196E-19, 0.002249999999999999830, 0.005599999997815050673 ) ) ;
#741 = CARTESIAN_POINT ( 'NONE',  ( -0.002683012700000000916, 0.001111340248359256495, 0.007899999998907525703 ) ) ;
#742 = CARTESIAN_POINT ( 'NONE',  ( -0.0009319805153394637070, 0.002250000000000000697, 0.01284999999781505017 ) ) ;
#743 = CARTESIAN_POINT ( 'NONE',  ( 0.001590990257669731931, 0.001590990257669731931, 0.005700000000000000205 ) ) ;
#744 =( BOUNDED_CURVE ( )  B_SPLINE_CURVE ( 2, ( #1316, #1720, #4725, #2449, #674, #3919, #629, #1404, #1355 ),
 .UNSPECIFIED., .F., .T. ) 
 B_SPLINE_CURVE_WITH_KNOTS ( ( 3, 2, 2, 2, 3 ),
 ( 0.1250000000000000000, 0.1312500000000000056, 0.1375000000000000111, 0.1437500000000000167, 0.1500000000000000222 ),
 .UNSPECIFIED. ) 
 CURVE ( )  GEOMETRIC_REPRESENTATION_ITEM ( )  RATIONAL_B_SPLINE_CURVE ( ( 1.000000000000000000, 0.9238795325112867385, 1.000000000000000000, 0.9238795325112867385, 1.000000000000000000, 0.9238795325112867385, 1.000000000000000000, 0.9238795325112864054, 1.000000000000000444 ) ) 
 REPRESENTATION_ITEM ( '' )  );
#745 = EDGE_LOOP ( 'NONE', ( #1461, #3153, #4193, #375 ) ) ;
#746 = CARTESIAN_POINT ( 'NONE',  ( -0.002683012700000000916, 0.001111340248359256495, 0.01419999999890752575 ) ) ;
#747 = CARTESIAN_POINT ( 'NONE',  ( -0.0009319805153394651164, -0.002249999999999999830, 0.009149999997815050010 ) ) ;
#748 = CARTESIAN_POINT ( 'NONE',  ( 0.001590990257669731931, 0.001590990257669731931, 0.01210000000000000138 ) ) ;
#749 = CARTESIAN_POINT ( 'NONE',  ( -0.002683012700000000049, 3.285742915126697848E-19, 0.008649999998907526369 ) ) ;
#750 = CARTESIAN_POINT ( 'NONE',  ( -0.002249999999999999830, 0.000000000000000000, 0.01799999999999999864 ) ) ;
#751 = ORIENTED_EDGE ( 'NONE', *, *, #3664, .T. ) ;
#752 = ORIENTED_EDGE ( 'NONE', *, *, #4667, .F. ) ;
#753 = ADVANCED_FACE ( 'NONE', ( #3967 ), #673, .F. ) ;
#754 = CARTESIAN_POINT ( 'NONE',  ( 0.001897176474179628272, 0.001897176474179628272, 0.01404999999890752492 ) ) ;
#755 = CARTESIAN_POINT ( 'NONE',  ( -0.002249999999999999830, 2.755455298081544393E-19, 0.01539999999781505036 ) ) ;
#756 = CARTESIAN_POINT ( 'NONE',  ( 0.002249999999999999830, 0.000000000000000000, 0.008599999997815049868 ) ) ;
#757 = DIRECTION ( 'NONE',  ( -0.000000000000000000, -0.000000000000000000, -1.000000000000000000 ) ) ;
#758 = CARTESIAN_POINT ( 'NONE',  ( 0.001111340248359257146, -0.002683012700000000049, 0.01049999999890752558 ) ) ;
#759 = CARTESIAN_POINT ( 'NONE',  ( -0.001897176474179628489, -0.001897176474179627838, 0.005649999998907525439 ) ) ;
#760 = CARTESIAN_POINT ( 'NONE',  ( 0.002249999999999999830, 2.755455298081544393E-19, 0.01799999999999999864 ) ) ;
#761 = CARTESIAN_POINT ( 'NONE',  ( 0.002683012700000000049, -0.001111340248359258013, 0.005899999998907526529 ) ) ;
#762 = CARTESIAN_POINT ( 'NONE',  ( -0.001897176474179628489, -0.001897176474179627838, 0.0007499999989075251637 ) ) ;
#763 = CARTESIAN_POINT ( 'NONE',  ( 0.002683012700000000049, -0.001111340248359258013, 0.006599999998907525763 ) ) ;
#764 = AXIS2_PLACEMENT_3D ( 'NONE', #521, #1967, #3495 ) ;
#765 = EDGE_CURVE ( 'NONE', #917, #4056, #319, .T. ) ;
#766 = VERTEX_POINT ( 'NONE', #1528 ) ;
#767 = CARTESIAN_POINT ( 'NONE',  ( -0.0009319805153394651164, -0.002249999999999999830, 0.002749999997815050570 ) ) ;
#768 = CARTESIAN_POINT ( 'NONE',  ( 0.001111340248359257146, -0.002683012700000000049, 0.008099999998907526227 ) ) ;
#769 = CARTESIAN_POINT ( 'NONE',  ( 0.0009319805153394640322, 0.002250000000000000697, 0.004749999997815050612 ) ) ;
#770 = CARTESIAN_POINT ( 'NONE',  ( 0.002683012700000000049, -0.001111340248359258013, 0.008299999998907525017 ) ) ;
#771 = DIRECTION ( 'NONE',  ( -0.000000000000000000, -0.000000000000000000, -1.000000000000000000 ) ) ;
#772 = CARTESIAN_POINT ( 'NONE',  ( -0.001590990257669731714, 0.001590990257669731931, 0.005899999999999999863 ) ) ;
#773 = AXIS2_PLACEMENT_3D ( 'NONE', #1647, #2689, #1963 ) ;
#774 = CARTESIAN_POINT ( 'NONE',  ( 0.002683012700000000049, -0.001111340248359258013, 0.01299999999890752607 ) ) ;
#775 = CARTESIAN_POINT ( 'NONE',  ( -4.133182947122316589E-19, -0.002249999999999999830, 0.01100000000000000110 ) ) ;
#776 = CARTESIAN_POINT ( 'NONE',  ( -4.133182947122316589E-19, -0.002249999999999999830, 0.01179999999999999973 ) ) ;
#777 = CARTESIAN_POINT ( 'NONE',  ( 1.642871457563348924E-19, 0.002683012700000000049, 0.008449999998907525844 ) ) ;
#778 = CYLINDRICAL_SURFACE ( 'NONE', #4543, 0.004000000000000000083 ) ;
#779 = ORIENTED_EDGE ( 'NONE', *, *, #2335, .F. ) ;
#780 = CARTESIAN_POINT ( 'NONE',  ( 0.002683012700000000916, 0.001111340248359256279, 0.01399999999890752522 ) ) ;
#781 = CARTESIAN_POINT ( 'NONE',  ( -0.0009319805153394637070, 0.002250000000000000697, 0.01364999999781505227 ) ) ;
#782 = CARTESIAN_POINT ( 'NONE',  ( 0.002249999999999999830, 0.000000000000000000, 0.0002999999989075251760 ) ) ;
#783 = CARTESIAN_POINT ( 'NONE',  ( -0.001897176474179627838, 0.001897176474179628272, 0.008549999998907525239 ) ) ;
#784 = EDGE_CURVE ( 'NONE', #3370, #402, #4741, .T. ) ;
#785 = CARTESIAN_POINT ( 'NONE',  ( -0.002683012700000000916, 0.001111340248359256495, 0.006299999998907525843 ) ) ;
#786 = CARTESIAN_POINT ( 'NONE',  ( 0.002249999999999999830, 0.000000000000000000, 0.01099999999781505096 ) ) ;
#787 = CARTESIAN_POINT ( 'NONE',  ( -0.002683012700000000916, 0.001111340248359256495, 0.005499999998907525479 ) ) ;
#788 = CARTESIAN_POINT ( 'NONE',  ( 0.001590990257669731497, -0.001590990257669732148, 0.01590000000000000094 ) ) ;
#789 = CARTESIAN_POINT ( 'NONE',  ( -0.001897176474179628489, -0.001897176474179627838, 0.007149999998907525904 ) ) ;
#790 = CARTESIAN_POINT ( 'NONE',  ( 0.002683012700000000916, 0.001111340248359256279, 0.01149999999890752647 ) ) ;
#791 = CARTESIAN_POINT ( 'NONE',  ( 0.001111340248359256495, 0.002683012700000000916, 0.009999999998907525139 ) ) ;
#792 = CARTESIAN_POINT ( 'NONE',  ( 0.0009319805153394640322, 0.002250000000000000697, 0.007149999997815049968 ) ) ;
#793 = CARTESIAN_POINT ( 'NONE',  ( -0.001897176474179627838, 0.001897176474179628272, 0.009449999998907524998 ) ) ;
#794 = DIRECTION ( 'NONE',  ( -0.000000000000000000, -0.000000000000000000, -1.000000000000000000 ) ) ;
#795 = CARTESIAN_POINT ( 'NONE',  ( 0.001590990257669731931, 0.001590990257669731931, 0.004899999999999999842 ) ) ;
#796 = CARTESIAN_POINT ( 'NONE',  ( -0.002683012700000000049, 3.285742915126697848E-19, 0.01344999999890752508 ) ) ;
#797 = CARTESIAN_POINT ( 'NONE',  ( -0.002250000000000000697, -0.0009319805153394634901, 0.01084999999999999853 ) ) ;
#798 = CARTESIAN_POINT ( 'NONE',  ( -0.002249999999999999830, 2.755455298081544393E-19, 0.007599999999999999985 ) ) ;
#799 = CARTESIAN_POINT ( 'NONE',  ( -0.001897176474179627838, 0.001897176474179628272, 0.006949999998907525380 ) ) ;
#800 = CARTESIAN_POINT ( 'NONE',  ( -0.001111340248359257796, -0.002683012700000000049, 0.01609999999890752639 ) ) ;
#801 = CARTESIAN_POINT ( 'NONE',  ( -0.0009319805153394651164, -0.002249999999999999830, 0.01394999999781505046 ) ) ;
#802 = CYLINDRICAL_SURFACE ( 'NONE', #1758, 0.002249999999999999830 ) ;
#803 = CARTESIAN_POINT ( 'NONE',  ( 0.001111340248359257146, -0.002683012700000000049, 0.01129999999890752595 ) ) ;
#804 = ORIENTED_EDGE ( 'NONE', *, *, #3167, .T. ) ;
#805 = CARTESIAN_POINT ( 'NONE',  ( 0.002683012700000000049, 0.000000000000000000, 0.005149999998907525862 ) ) ;
#806 = CARTESIAN_POINT ( 'NONE',  ( 1.377727649040772196E-19, 0.002249999999999999830, 0.001800000000000000168 ) ) ;
#807 = CARTESIAN_POINT ( 'NONE',  ( -0.0009319805153394651164, -0.002249999999999999830, 0.01575000000000000011 ) ) ;
#808 = CARTESIAN_POINT ( 'NONE',  ( 0.001111340248359256495, 0.002683012700000000916, 0.005299999998907525822 ) ) ;
#809 = CARTESIAN_POINT ( 'NONE',  ( -0.002683012700000000049, 3.285742915126697848E-19, 0.003049999998907525125 ) ) ;
#810 = ORIENTED_EDGE ( 'NONE', *, *, #331, .F. ) ;
#811 = CARTESIAN_POINT ( 'NONE',  ( -0.002683012700000000049, 3.285742915126697848E-19, 0.01184999999890752609 ) ) ;
#812 = CARTESIAN_POINT ( 'NONE',  ( -0.0009319805153394651164, -0.002249999999999999830, 0.008349999997815049646 ) ) ;
#813 = CARTESIAN_POINT ( 'NONE',  ( -0.002683012700000000916, -0.001111340248359255845, 0.01279999999890752728 ) ) ;
#814 = CARTESIAN_POINT ( 'NONE',  ( 0.000000000000000000, 0.000000000000000000, 0.01799999999999999864 ) ) ;
#815 = CARTESIAN_POINT ( 'NONE',  ( 0.002249999999999999830, -0.0009319805153394653333, 0.005549999999999999378 ) ) ;
#816 = CARTESIAN_POINT ( 'NONE',  ( 0.002249999999999999830, 0.000000000000000000, 0.01339999999781505031 ) ) ;
#817 = CARTESIAN_POINT ( 'NONE',  ( 0.001590990257669731497, -0.001590990257669732148, 0.01110000000000000049 ) ) ;
#818 = CARTESIAN_POINT ( 'NONE',  ( -0.002249999999999999830, 0.000000000000000000, 0.01799999999999999864 ) ) ;
#819 = CARTESIAN_POINT ( 'NONE',  ( -0.001897176474179628489, -0.001897176474179627838, 0.007949999998907525400 ) ) ;
#820 = VERTEX_POINT ( 'NONE', #3288 ) ;
#821 = CARTESIAN_POINT ( 'NONE',  ( 0.001897176474179627622, -0.001897176474179628489, 0.01544999999890752512 ) ) ;
#822 = CARTESIAN_POINT ( 'NONE',  ( -0.002250000000000000697, 0.0009319805153394642491, 0.01294999999781504957 ) ) ;
#823 = CARTESIAN_POINT ( 'NONE',  ( 0.002249999999999987253, 0.0009319805153394767174, 0.009650000000000002326 ) ) ;
#824 = CARTESIAN_POINT ( 'NONE',  ( -0.001111340248359256062, 0.002683012700000000916, 0.01169999999890752700 ) ) ;
#825 = VERTEX_POINT ( 'NONE', #4065 ) ;
#826 = CARTESIAN_POINT ( 'NONE',  ( 0.001111340248359256495, 0.002683012700000000916, 0.005299999998907525822 ) ) ;
#827 = CARTESIAN_POINT ( 'NONE',  ( 0.002249999999999999830, -0.0009319805153394653333, 0.01254999999781505025 ) ) ;
#828 = CARTESIAN_POINT ( 'NONE',  ( -0.001590990257669732148, -0.001590990257669731714, 0.01490000000000000005 ) ) ;
#829 = CARTESIAN_POINT ( 'NONE',  ( -0.001897176474179628489, -0.001897176474179627838, 0.008849999998907525159 ) ) ;
#830 = CARTESIAN_POINT ( 'NONE',  ( 0.002683012700000000049, -0.001111340248359258013, 0.001799999998907525099 ) ) ;
#831 = EDGE_CURVE ( 'NONE', #2771, #1220, #4712, .T. ) ;
#832 = EDGE_LOOP ( 'NONE', ( #2573, #1955, #3481, #42 ) ) ;
#833 = CARTESIAN_POINT ( 'NONE',  ( -0.001111340248359257796, -0.002683012700000000049, 0.01199999999890752518 ) ) ;
#834 = CARTESIAN_POINT ( 'NONE',  ( -0.001111340248359257796, -0.002683012700000000049, 0.009599999998907527560 ) ) ;
#835 = CARTESIAN_POINT ( 'NONE',  ( 0.0009319805153394645743, -0.002249999999999999830, 0.007649999997815050412 ) ) ;
#836 = CARTESIAN_POINT ( 'NONE',  ( -0.001897176474179628489, -0.001897176474179627838, 0.01284999999890752524 ) ) ;
#837 = CARTESIAN_POINT ( 'NONE',  ( 0.002249999999999999830, 0.000000000000000000, 0.01259999999781504995 ) ) ;
#838 = CARTESIAN_POINT ( 'NONE',  ( 1.377727649040772196E-19, 0.002249999999999999830, 0.01060000000000000005 ) ) ;
#839 = VECTOR ( 'NONE', #1583, 1.000000000000000000 ) ;
#840 = AXIS2_PLACEMENT_3D ( 'NONE', #3170, #2497, #1337 ) ;
#841 = LINE ( 'NONE', #2327, #239 ) ;
#842 = LINE ( 'NONE', #3075, #2612 ) ;
#843 = CARTESIAN_POINT ( 'NONE',  ( 0.001897176474179627622, -0.001897176474179628489, 0.003449999998907525740 ) ) ;
#844 = CARTESIAN_POINT ( 'NONE',  ( 0.002683012700000000049, -0.001111340248359258013, 0.006599999998907525763 ) ) ;
#845 = CARTESIAN_POINT ( 'NONE',  ( -4.133182947122316589E-19, -0.002249999999999999830, 0.0006000000000000000559 ) ) ;
#846 = VECTOR ( 'NONE', #2331, 1.000000000000000000 ) ;
#847 = CARTESIAN_POINT ( 'NONE',  ( -0.001897176474179628489, -0.001897176474179627838, 0.01524999999890752460 ) ) ;
#848 = CARTESIAN_POINT ( 'NONE',  ( 0.002466506349999999723, 0.000000000000000000, 0.0001249999994537626038 ) ) ;
#849 = CARTESIAN_POINT ( 'NONE',  ( 0.002249999999999999830, 0.000000000000000000, 0.009600000000000000894 ) ) ;
#850 = CARTESIAN_POINT ( 'NONE',  ( -0.002249999999999999830, 2.755455298081544393E-19, 0.01299999999781505100 ) ) ;
#851 = EDGE_CURVE ( 'NONE', #766, #3844, #448, .T. ) ;
#852 = VERTEX_POINT ( 'NONE', #114 ) ;
#853 = CARTESIAN_POINT ( 'NONE',  ( -0.001111340248359256062, 0.002683012700000000916, 0.005399999998907527819 ) ) ;
#854 = CARTESIAN_POINT ( 'NONE',  ( 1.377727649040772196E-19, 0.002249999999999999830, 0.01119999999781504975 ) ) ;
#855 = CARTESIAN_POINT ( 'NONE',  ( -0.0009319805153394637070, 0.002250000000000000697, 0.01305000000000000084 ) ) ;
#856 = CARTESIAN_POINT ( 'NONE',  ( 0.001111340248359257146, -0.002683012700000000049, 0.01059999999890752498 ) ) ;
#857 = CARTESIAN_POINT ( 'NONE',  ( 0.001111340248359256495, 0.002683012700000000916, 0.004399999998907525196 ) ) ;
#858 = ORIENTED_EDGE ( 'NONE', *, *, #1040, .F. ) ;
#859 = VERTEX_POINT ( 'NONE', #20 ) ;
#860 = CARTESIAN_POINT ( 'NONE',  ( 0.001897176474179627622, -0.001897176474179628489, 0.01294999999890752637 ) ) ;
#861 = CARTESIAN_POINT ( 'NONE',  ( -0.002250000000000000697, -0.0009319805153394634901, 0.006649999997815051259 ) ) ;
#862 = CARTESIAN_POINT ( 'NONE',  ( 1.642871457563348924E-19, 0.002683012700000000049, 0.01174999999890752496 ) ) ;
#863 = CARTESIAN_POINT ( 'NONE',  ( -0.002683012700000000916, 0.001111340248359256495, 0.0006999999989075252494 ) ) ;
#864 = CARTESIAN_POINT ( 'NONE',  ( -0.002250000000000000697, 0.0009319805153394642491, 0.009150000000000000147 ) ) ;
#865 = ORIENTED_EDGE ( 'NONE', *, *, #4607, .F. ) ;
#866 = CARTESIAN_POINT ( 'NONE',  ( -0.002249999999999999830, 2.755455298081544393E-19, 0.001799999997815050464 ) ) ;
#867 = CARTESIAN_POINT ( 'NONE',  ( 0.005000000000000000104, 0.000000000000000000, 0.03100000000000000325 ) ) ;
#868 = CARTESIAN_POINT ( 'NONE',  ( 0.002683012700000000049, -0.001111340248359258013, 0.001899999998907525361 ) ) ;
#869 = CARTESIAN_POINT ( 'NONE',  ( -4.928614372690046772E-19, -0.002683012700000000049, 0.01204999999890752488 ) ) ;
#870 = CARTESIAN_POINT ( 'NONE',  ( 0.0009319805153394645743, -0.002249999999999999830, 0.0006500000000000000786 ) ) ;
#871 = LINE ( 'NONE', #2425, #2373 ) ;
#872 = CARTESIAN_POINT ( 'NONE',  ( -0.001590990257669732148, -0.001590990257669731714, 0.004299999997815050733 ) ) ;
#873 = CARTESIAN_POINT ( 'NONE',  ( 0.002683012700000000916, 0.001111340248359256279, 0.001099999998907525214 ) ) ;
#874 = CARTESIAN_POINT ( 'NONE',  ( 1.642871457563348924E-19, 0.002683012700000000049, 0.0004499999989075252442 ) ) ;
#875 = CARTESIAN_POINT ( 'NONE',  ( -0.001111340248359256062, 0.002683012700000000916, 0.007799999998907525441 ) ) ;
#876 = CARTESIAN_POINT ( 'NONE',  ( -0.0009319805153394637070, 0.002250000000000000697, 0.006449999997815050734 ) ) ;
#877 = CARTESIAN_POINT ( 'NONE',  ( 0.002249999999999999830, 0.000000000000000000, 0.01280000000000000061 ) ) ;
#878 = CARTESIAN_POINT ( 'NONE',  ( -0.001897176474179627838, 0.001897176474179628272, 0.007849999998907526005 ) ) ;
#879 = CARTESIAN_POINT ( 'NONE',  ( -0.001111340248359256062, 0.002683012700000000916, 0.004499999998907525459 ) ) ;
#880 = ORIENTED_EDGE ( 'NONE', *, *, #75, .T. ) ;
#881 = VERTEX_POINT ( 'NONE', #1455 ) ;
#882 = CARTESIAN_POINT ( 'NONE',  ( -0.002683012700000000916, -0.001111340248359255845, 0.01189999999890752579 ) ) ;
#883 = CARTESIAN_POINT ( 'NONE',  ( -0.002250000000000000697, -0.0009319805153394634901, 0.008249999997815050251 ) ) ;
#884 = CARTESIAN_POINT ( 'NONE',  ( 0.001111340248359257146, -0.002683012700000000049, 0.01219999999890752744 ) ) ;
#885 = CARTESIAN_POINT ( 'NONE',  ( -0.001590990257669731714, 0.001590990257669731931, 0.01549999999999999989 ) ) ;
#886 = CARTESIAN_POINT ( 'NONE',  ( -0.002250000000000000697, -0.0009319805153394634901, 0.01004999999999999991 ) ) ;
#887 = CARTESIAN_POINT ( 'NONE',  ( 0.002249999999999999830, 0.000000000000000000, 0.002400000000000000223 ) ) ;
#888 = CARTESIAN_POINT ( 'NONE',  ( -0.002249999999999999830, 2.755455298081544393E-19, 0.008400000000000001216 ) ) ;
#889 = CARTESIAN_POINT ( 'NONE',  ( 0.002249999999999999830, 0.000000000000000000, 0.004000000000000000083 ) ) ;
#890 = CARTESIAN_POINT ( 'NONE',  ( 1.642871457563348924E-19, 0.002683012700000000049, 0.002949999998907525296 ) ) ;
#891 = CARTESIAN_POINT ( 'NONE',  ( 0.002683012700000000916, 0.001111340248359256279, 0.01149999999890752647 ) ) ;
#892 = CARTESIAN_POINT ( 'NONE',  ( 0.002249999999999987253, 0.0009319805153394767174, 0.01184999999781505275 ) ) ;
#893 = CARTESIAN_POINT ( 'NONE',  ( 0.000000000000000000, 0.000000000000000000, 0.01799999999999999864 ) ) ;
#894 = CARTESIAN_POINT ( 'NONE',  ( -0.001590990257669731714, 0.001590990257669731931, 0.01609999999781504959 ) ) ;
#895 = CARTESIAN_POINT ( 'NONE',  ( -4.928614372690046772E-19, -0.002683012700000000049, 0.002449999998907525286 ) ) ;
#896 =( BOUNDED_CURVE ( )  B_SPLINE_CURVE ( 2, ( #3591, #3668, #1828, #3976, #311, #4344, #29, #2135, #3620 ),
 .UNSPECIFIED., .F., .F. ) 
 B_SPLINE_CURVE_WITH_KNOTS ( ( 3, 2, 2, 2, 3 ),
 ( 0.2500000000000000000, 0.2562499999999999778, 0.2625000000000000111, 0.2687499999999999889, 0.2750000000000000222 ),
 .UNSPECIFIED. ) 
 CURVE ( )  GEOMETRIC_REPRESENTATION_ITEM ( )  RATIONAL_B_SPLINE_CURVE ( ( 1.000000000000000000, 0.9238795325112867385, 1.000000000000000000, 0.9238795325112867385, 1.000000000000000000, 0.9238795325112867385, 1.000000000000000000, 0.9238795325112867385, 1.000000000000000000 ) ) 
 REPRESENTATION_ITEM ( '' )  );
#897 = EDGE_CURVE ( 'NONE', #1143, #2631, #2580, .T. ) ;
#898 = CARTESIAN_POINT ( 'NONE',  ( -0.001897176474179628489, -0.001897176474179627838, 0.009649999998907525522 ) ) ;
#899 = DIRECTION ( 'NONE',  ( 1.000000000000000000, 0.000000000000000000, 0.000000000000000000 ) ) ;
#900 = FACE_OUTER_BOUND ( 'NONE', #3154, .T. ) ;
#901 = CARTESIAN_POINT ( 'NONE',  ( 0.001111340248359257146, -0.002683012700000000049, 0.008199999998907525622 ) ) ;
#902 = CARTESIAN_POINT ( 'NONE',  ( -0.001897176474179627838, 0.001897176474179628272, 0.003749999998907525226 ) ) ;
#903 = VERTEX_POINT ( 'NONE', #4039 ) ;
#904 = ORIENTED_EDGE ( 'NONE', *, *, #2890, .F. ) ;
#905 = CARTESIAN_POINT ( 'NONE',  ( 0.001111340248359257146, -0.002683012700000000049, 0.01369999999890752704 ) ) ;
#906 = CARTESIAN_POINT ( 'NONE',  ( 0.002250000000000000697, 0.0009319805153394639238, 0.01104999999781505239 ) ) ;
#907 = CARTESIAN_POINT ( 'NONE',  ( -0.001897176474179628489, -0.001897176474179627838, 0.01044999999890752589 ) ) ;
#908 = CARTESIAN_POINT ( 'NONE',  ( -0.0009319805153394637070, 0.002250000000000000697, 0.01044999999781505082 ) ) ;
#909 = CARTESIAN_POINT ( 'NONE',  ( 0.0009319805153394645743, -0.002249999999999999830, 0.008649999999999999703 ) ) ;
#910 = CARTESIAN_POINT ( 'NONE',  ( -0.002249999999999999830, 2.755455298081544393E-19, 0.01139999999781505027 ) ) ;
#911 = EDGE_CURVE ( 'NONE', #2898, #852, #3072, .T. ) ;
#912 = CARTESIAN_POINT ( 'NONE',  ( -0.002683012700000000916, 0.001111340248359256495, 0.01579999999890752821 ) ) ;
#913 = CARTESIAN_POINT ( 'NONE',  ( 0.002249999999999999830, 0.000000000000000000, 0.006999999997815050876 ) ) ;
#914 = CARTESIAN_POINT ( 'NONE',  ( -0.001897176474179627838, 0.001897176474179628272, 0.0006499999989075252267 ) ) ;
#915 = CARTESIAN_POINT ( 'NONE',  ( -0.002683012700000000916, -0.001111340248359255845, 0.009499999998907526430 ) ) ;
#916 = CARTESIAN_POINT ( 'NONE',  ( 0.004000000000000000083, 4.898587196589412574E-19, 0.03400000000000000244 ) ) ;
#917 = VERTEX_POINT ( 'NONE', #4626 ) ;
#918 = AXIS2_PLACEMENT_3D ( 'NONE', #2974, #338, #3275 ) ;
#919 = CARTESIAN_POINT ( 'NONE',  ( 0.0009319805153394640322, 0.002250000000000000697, 0.01455000000000000043 ) ) ;
#920 = CARTESIAN_POINT ( 'NONE',  ( 0.002249999999999999830, 0.000000000000000000, 0.01659999999781505003 ) ) ;
#921 = CYLINDRICAL_SURFACE ( 'NONE', #999, 0.002249999999999999830 ) ;
#922 = VECTOR ( 'NONE', #4301, 1.000000000000000000 ) ;
#923 = AXIS2_PLACEMENT_3D ( 'NONE', #2438, #3888, #3909 ) ;
#924 = ORIENTED_EDGE ( 'NONE', *, *, #1248, .T. ) ;
#925 = CARTESIAN_POINT ( 'NONE',  ( -0.002683012700000000916, -0.001111340248359255845, 0.007999999998907525098 ) ) ;
#926 = CARTESIAN_POINT ( 'NONE',  ( -0.001590990257669732148, -0.001590990257669731714, 0.002100000000000000304 ) ) ;
#927 = CARTESIAN_POINT ( 'NONE',  ( 0.002683012700000000049, -0.001111340248359258013, 0.008299999998907525017 ) ) ;
#928 =( BOUNDED_CURVE ( )  B_SPLINE_CURVE ( 2, ( #887, #1626, #2729, #4207, #3095, #1663, #3138, #4580, #1308 ),
 .UNSPECIFIED., .F., .F. ) 
 B_SPLINE_CURVE_WITH_KNOTS ( ( 3, 2, 2, 2, 3 ),
 ( 0.1500000000000000222, 0.1562500000000000278, 0.1625000000000000333, 0.1687500000000000389, 0.1750000000000000167 ),
 .UNSPECIFIED. ) 
 CURVE ( )  GEOMETRIC_REPRESENTATION_ITEM ( )  RATIONAL_B_SPLINE_CURVE ( ( 0.9999999999999996669, 0.9238795325112870716, 1.000000000000000000, 0.9238795325112867385, 1.000000000000000000, 0.9238795325112867385, 1.000000000000000000, 0.9238795325112864054, 1.000000000000000444 ) ) 
 REPRESENTATION_ITEM ( '' )  );
#929 = CARTESIAN_POINT ( 'NONE',  ( -0.001897176474179628489, -0.001897176474179627838, 0.007149999998907525904 ) ) ;
#930 = ORIENTED_EDGE ( 'NONE', *, *, #1537, .T. ) ;
#931 = CARTESIAN_POINT ( 'NONE',  ( 0.002683012700000000049, 0.000000000000000000, 0.01384999999890752613 ) ) ;
#932 = CARTESIAN_POINT ( 'NONE',  ( -0.001111340248359256062, 0.002683012700000000916, 0.01339999999890752538 ) ) ;
#933 = CARTESIAN_POINT ( 'NONE',  ( 0.001111340248359256495, 0.002683012700000000916, 0.0004999999989075251585 ) ) ;
#934 = CARTESIAN_POINT ( 'NONE',  ( -0.0009319805153394651164, -0.002249999999999999830, 0.007749999999999999944 ) ) ;
#935 =( BOUNDED_CURVE ( )  B_SPLINE_CURVE ( 2, ( #4658, #3128, #3108, #1342, #1612, #4613, #2811, #4290, #992 ),
 .UNSPECIFIED., .F., .F. ) 
 B_SPLINE_CURVE_WITH_KNOTS ( ( 3, 2, 2, 2, 3 ),
 ( 0.3000000000000000444, 0.3062500000000000777, 0.3125000000000000555, 0.3187500000000000333, 0.3250000000000000666 ),
 .UNSPECIFIED. ) 
 CURVE ( )  GEOMETRIC_REPRESENTATION_ITEM ( )  RATIONAL_B_SPLINE_CURVE ( ( 0.9999999999999993339, 0.9238795325112874046, 1.000000000000000000, 0.9238795325112867385, 1.000000000000000000, 0.9238795325112867385, 1.000000000000000000, 0.9238795325112860723, 1.000000000000000666 ) ) 
 REPRESENTATION_ITEM ( '' )  );
#936 = CARTESIAN_POINT ( 'NONE',  ( -0.002683012700000000049, 3.285742915126697848E-19, 0.01434999999890752484 ) ) ;
#937 = CARTESIAN_POINT ( 'NONE',  ( 1.377727649040772196E-19, 0.002249999999999999830, 0.005800000000000000468 ) ) ;
#938 = FACE_OUTER_BOUND ( 'NONE', #1912, .T. ) ;
#939 = CARTESIAN_POINT ( 'NONE',  ( -0.002683012700000000916, 0.001111340248359256495, 0.004699999998907525983 ) ) ;
#940 = CARTESIAN_POINT ( 'NONE',  ( -4.928614372690046772E-19, -0.002683012700000000049, 0.009649999998907525522 ) ) ;
#941 = CARTESIAN_POINT ( 'NONE',  ( 1.377727649040772196E-19, 0.002249999999999999830, 0.0002000000000000000096 ) ) ;
#942 = CARTESIAN_POINT ( 'NONE',  ( -0.002249999999999999830, 2.755455298081544393E-19, 0.01539999999781505036 ) ) ;
#943 = CARTESIAN_POINT ( 'NONE',  ( -0.002249999999999999830, 2.755455298081544393E-19, 0.01379999999781504963 ) ) ;
#944 = CARTESIAN_POINT ( 'NONE',  ( 0.001590990257669731931, 0.001590990257669731931, 0.01589999999781505080 ) ) ;
#945 = CARTESIAN_POINT ( 'NONE',  ( 1.642871457563348924E-19, 0.002683012700000000049, 0.002849999998907525468 ) ) ;
#946 = CARTESIAN_POINT ( 'NONE',  ( 0.001111340248359257146, -0.002683012700000000049, 0.009799999998907524615 ) ) ;
#947 = CARTESIAN_POINT ( 'NONE',  ( 0.001590990257669731497, -0.001590990257669732148, 0.01510000000000000057 ) ) ;
#948 = CARTESIAN_POINT ( 'NONE',  ( -0.001897176474179627838, 0.001897176474179628272, 0.006949999998907525380 ) ) ;
#949 = CARTESIAN_POINT ( 'NONE',  ( -0.002683012700000000916, 0.001111340248359256495, 0.01499999999890752611 ) ) ;
#950 = CARTESIAN_POINT ( 'NONE',  ( 0.001897176474179628272, 0.001897176474179628272, 0.01404999999890752492 ) ) ;
#951 = CARTESIAN_POINT ( 'NONE',  ( 0.002683012700000000049, -0.001111340248359258013, 0.001899999998907525361 ) ) ;
#952 = CARTESIAN_POINT ( 'NONE',  ( 0.0009319805153394645743, -0.002249999999999999830, 0.01345000000000000015 ) ) ;
#953 = CARTESIAN_POINT ( 'NONE',  ( 1.377727649040772196E-19, 0.002249999999999999830, 0.007999999997815050029 ) ) ;
#954 = CARTESIAN_POINT ( 'NONE',  ( 0.002683012700000000049, -0.001111340248359258013, 0.01549999999890752482 ) ) ;
#955 =( NAMED_UNIT ( * ) PLANE_ANGLE_UNIT ( ) SI_UNIT ( $, .RADIAN. ) );
#956 = CARTESIAN_POINT ( 'NONE',  ( 0.002249999999999987253, 0.0009319805153394767174, 0.01045000000000000269 ) ) ;
#957 = CARTESIAN_POINT ( 'NONE',  ( 0.002683012700000000049, 0.000000000000000000, 0.005949999998907525359 ) ) ;
#958 = CARTESIAN_POINT ( 'NONE',  ( 0.001897176474179627622, -0.001897176474179628489, 0.009749999998907524917 ) ) ;
#959 = CARTESIAN_POINT ( 'NONE',  ( 1.642871457563348924E-19, 0.002683012700000000049, 0.004449999998907525761 ) ) ;
#960 = CARTESIAN_POINT ( 'NONE',  ( 0.0009319805153394645743, -0.002249999999999999830, 0.001450000000000000334 ) ) ;
#961 = CARTESIAN_POINT ( 'NONE',  ( -0.002249999999999999830, 2.755455298081544393E-19, 0.01619999999781505245 ) ) ;
#962 = CARTESIAN_POINT ( 'NONE',  ( 0.002249999999999999830, -0.0009319805153394653333, 0.01275000000000000092 ) ) ;
#963 = CARTESIAN_POINT ( 'NONE',  ( 0.002683012700000000916, 0.001111340248359256279, 0.0002999999989075252302 ) ) ;
#964 = CARTESIAN_POINT ( 'NONE',  ( 0.001897176474179628272, 0.001897176474179628272, 0.003549999998907525135 ) ) ;
#965 = CARTESIAN_POINT ( 'NONE',  ( 0.002249999999999999830, 2.755455298081544393E-19, 0.01799999999999999864 ) ) ;
#966 = ORIENTED_EDGE ( 'NONE', *, *, #1132, .T. ) ;
#967 = EDGE_CURVE ( 'NONE', #722, #1566, #3851, .T. ) ;
#968 = CARTESIAN_POINT ( 'NONE',  ( 0.001111340248359256495, 0.002683012700000000916, 0.009299999998907524171 ) ) ;
#969 = DIRECTION ( 'NONE',  ( -0.000000000000000000, -0.000000000000000000, -1.000000000000000000 ) ) ;
#970 = DIRECTION ( 'NONE',  ( 0.000000000000000000, 0.000000000000000000, 1.000000000000000000 ) ) ;
#971 = CARTESIAN_POINT ( 'NONE',  ( -0.001111340248359257796, -0.002683012700000000049, 0.006399999998907525238 ) ) ;
#972 = CARTESIAN_POINT ( 'NONE',  ( -0.002683012700000000916, -0.001111340248359255845, 0.01429999999890752688 ) ) ;
#973 = CARTESIAN_POINT ( 'NONE',  ( -4.928614372690046772E-19, -0.002683012700000000049, 0.01534999999890752573 ) ) ;
#974 = CARTESIAN_POINT ( 'NONE',  ( 0.002683012700000000049, 0.000000000000000000, 0.001949999998907525275 ) ) ;
#975 = CARTESIAN_POINT ( 'NONE',  ( 0.002250000000000000697, 0.0009319805153394639238, 0.01285000000000000378 ) ) ;
#976 = ORIENTED_EDGE ( 'NONE', *, *, #1736, .T. ) ;
#977 = CARTESIAN_POINT ( 'NONE',  ( 1.642871457563348924E-19, 0.002683012700000000049, 0.01574999999890752678 ) ) ;
#978 = CARTESIAN_POINT ( 'NONE',  ( 0.0009319805153394645743, -0.002249999999999999830, 0.005449999999999999983 ) ) ;
#979 = CARTESIAN_POINT ( 'NONE',  ( -0.004000000000000000083, 0.000000000000000000, 0.03100000000000000325 ) ) ;
#980 = CARTESIAN_POINT ( 'NONE',  ( -0.001111340248359256062, 0.002683012700000000916, 0.005399999998907527819 ) ) ;
#981 = CARTESIAN_POINT ( 'NONE',  ( 0.001111340248359257146, -0.002683012700000000049, 0.01369999999890752704 ) ) ;
#982 = CARTESIAN_POINT ( 'NONE',  ( -0.001590990257669732148, -0.001590990257669731714, 0.003700000000000000164 ) ) ;
#983 = ADVANCED_FACE ( 'NONE', ( #938 ), #4159, .F. ) ;
#984 = ORIENTED_EDGE ( 'NONE', *, *, #2389, .F. ) ;
#985 = CARTESIAN_POINT ( 'NONE',  ( -4.133182947122316589E-19, -0.002249999999999999830, 0.003599999997815050631 ) ) ;
#986 = EDGE_CURVE ( 'NONE', #2771, #766, #842, .T. ) ;
#987 = FACE_OUTER_BOUND ( 'NONE', #3315, .T. ) ;
#988 = CARTESIAN_POINT ( 'NONE',  ( -0.002683012700000000916, -0.001111340248359255845, 0.004699999998907525116 ) ) ;
#989 = CARTESIAN_POINT ( 'NONE',  ( 0.001897176474179628272, 0.001897176474179628272, 0.001949999998907525275 ) ) ;
#990 = CARTESIAN_POINT ( 'NONE',  ( 0.001111340248359256495, 0.002683012700000000916, 0.01329999999890752772 ) ) ;
#991 = CARTESIAN_POINT ( 'NONE',  ( -0.002250000000000000697, 0.0009319805153394642491, 0.009749999997815049849 ) ) ;
#992 = CARTESIAN_POINT ( 'NONE',  ( -0.002249999999999999830, 2.755455298081544393E-19, 0.005799999997815051198 ) ) ;
#993 = CYLINDRICAL_SURFACE ( 'NONE', #4381, 0.002249999999999999830 ) ;
#994 = CARTESIAN_POINT ( 'NONE',  ( 0.001897176474179628272, 0.001897176474179628272, 0.006749999998907525722 ) ) ;
#995 = VECTOR ( 'NONE', #563, 1.000000000000000000 ) ;
#996 = CARTESIAN_POINT ( 'NONE',  ( -0.001111340248359257796, -0.002683012700000000049, 0.01519999999890752664 ) ) ;
#997 = CARTESIAN_POINT ( 'NONE',  ( 0.002683012700000000049, -0.001111340248359258013, 0.01389999999890752583 ) ) ;
#998 = CARTESIAN_POINT ( 'NONE',  ( 0.001111340248359256495, 0.002683012700000000916, 0.002899999998907526032 ) ) ;
#999 = AXIS2_PLACEMENT_3D ( 'NONE', #583, #1990, #3126 ) ;
#1000 = CARTESIAN_POINT ( 'NONE',  ( 0.001590990257669731931, 0.001590990257669731931, 0.01210000000000000138 ) ) ;
#1001 = ORIENTED_EDGE ( 'NONE', *, *, #3842, .F. ) ;
#1002 = CARTESIAN_POINT ( 'NONE',  ( -0.002683012700000000916, 0.001111340248359256495, 0.01429999999890752688 ) ) ;
#1003 = DIRECTION ( 'NONE',  ( -0.000000000000000000, -0.000000000000000000, -1.000000000000000000 ) ) ;
#1004 = CARTESIAN_POINT ( 'NONE',  ( -0.001897176474179627838, 0.001897176474179628272, 0.004649999998907525418 ) ) ;
#1005 = CARTESIAN_POINT ( 'NONE',  ( -0.001897176474179627838, 0.001897176474179628272, 0.01334999999890752569 ) ) ;
#1006 = CARTESIAN_POINT ( 'NONE',  ( -0.002250000000000000697, 0.0009319805153394642491, 0.001950000000000000344 ) ) ;
#1007 = VERTEX_POINT ( 'NONE', #185 ) ;
#1008 = CARTESIAN_POINT ( 'NONE',  ( -0.002249999999999999830, 2.755455298081544393E-19, 0.003399999997815050107 ) ) ;
#1009 = CARTESIAN_POINT ( 'NONE',  ( -4.928614372690046772E-19, -0.002683012700000000049, 0.005649999998907525439 ) ) ;
#1010 = CARTESIAN_POINT ( 'NONE',  ( -0.001897176474179627838, 0.001897176474179628272, 0.003749999998907525226 ) ) ;
#1011 = CARTESIAN_POINT ( 'NONE',  ( 0.002683012700000000049, 0.000000000000000000, 0.01234999999890752480 ) ) ;
#1012 = CARTESIAN_POINT ( 'NONE',  ( -0.001897176474179628489, -0.001897176474179627838, 0.01284999999890752524 ) ) ;
#1013 = CARTESIAN_POINT ( 'NONE',  ( 0.001590990257669731497, -0.001590990257669732148, 0.01089999999781504983 ) ) ;
#1014 = CARTESIAN_POINT ( 'NONE',  ( 0.001590990257669731931, 0.001590990257669731931, 0.008699999997815049263 ) ) ;
#1015 = DIRECTION ( 'NONE',  ( -0.000000000000000000, -0.000000000000000000, -1.000000000000000000 ) ) ;
#1016 = APPLICATION_PROTOCOL_DEFINITION ( 'draft international standard', 'automotive_design', 1998, #1874 ) ;
#1017 = CARTESIAN_POINT ( 'NONE',  ( -0.002683012700000000049, 3.285742915126697848E-19, 0.005449999998907525782 ) ) ;
#1018 = CARTESIAN_POINT ( 'NONE',  ( -0.001111340248359256062, 0.002683012700000000916, 0.001399999998907525568 ) ) ;
#1019 = CARTESIAN_POINT ( 'NONE',  ( -0.002683012700000000049, 3.285742915126697848E-19, 0.01434999999890752484 ) ) ;
#1020 = CARTESIAN_POINT ( 'NONE',  ( -0.001897176474179627838, 0.001897176474179628272, 0.003849999998907525055 ) ) ;
#1021 = CARTESIAN_POINT ( 'NONE',  ( 0.002249999999999999830, -0.0009319805153394653333, 0.01355000000000000128 ) ) ;
#1022 = CARTESIAN_POINT ( 'NONE',  ( 0.002249999999999999830, 0.000000000000000000, 0.0005999999978150503521 ) ) ;
#1023 = LINE ( 'NONE', #3960, #4144 ) ;
#1024 = CARTESIAN_POINT ( 'NONE',  ( -0.0009319805153394637070, 0.002250000000000000697, 0.01064999999999999974 ) ) ;
#1025 = CARTESIAN_POINT ( 'NONE',  ( -0.002683012700000000916, -0.001111340248359255845, 0.003999999998907525015 ) ) ;
#1026 = CARTESIAN_POINT ( 'NONE',  ( -0.001111340248359256062, 0.002683012700000000916, 0.01329999999890752772 ) ) ;
#1027 = CARTESIAN_POINT ( 'NONE',  ( 0.0009319805153394640322, 0.002250000000000000697, 0.003350000000000000113 ) ) ;
#1028 = ORIENTED_EDGE ( 'NONE', *, *, #485, .F. ) ;
#1029 = CARTESIAN_POINT ( 'NONE',  ( 0.002249999999999999830, 0.000000000000000000, 0.001399999997815050499 ) ) ;
#1030 = CYLINDRICAL_SURFACE ( 'NONE', #840, 0.002249999999999999830 ) ;
#1031 = CARTESIAN_POINT ( 'NONE',  ( -0.002683012700000000916, -0.001111340248359255845, 0.003899999998907525186 ) ) ;
#1032 = CARTESIAN_POINT ( 'NONE',  ( 0.001897176474179628272, 0.001897176474179628272, 0.001149999998907525346 ) ) ;
#1033 = CARTESIAN_POINT ( 'NONE',  ( 0.002683012700000000916, 0.001111340248359256279, 0.01239999999890752450 ) ) ;
#1034 = ADVANCED_FACE ( 'NONE', ( #3097, #4557 ), #138, .F. ) ;
#1035 = CARTESIAN_POINT ( 'NONE',  ( -0.002683012700000000916, -0.001111340248359255845, 0.01119999999890752655 ) ) ;
#1036 = CARTESIAN_POINT ( 'NONE',  ( 1.377727649040772196E-19, 0.002249999999999999830, 0.01199999999781505011 ) ) ;
#1037 = CARTESIAN_POINT ( 'NONE',  ( 0.002250000000000000697, 0.0009319805153394639238, 0.008649999997815049566 ) ) ;
#1038 = DIRECTION ( 'NONE',  ( -1.000000000000000000, 0.000000000000000000, 0.000000000000000000 ) ) ;
#1039 = DIRECTION ( 'NONE',  ( 1.000000000000000000, 0.000000000000000000, 0.000000000000000000 ) ) ;
#1040 = EDGE_CURVE ( 'NONE', #1718, #4287, #2305, .T. ) ;
#1041 = CARTESIAN_POINT ( 'NONE',  ( 0.001111340248359256495, 0.002683012700000000916, 0.01079999999890752550 ) ) ;
#1042 = CARTESIAN_POINT ( 'NONE',  ( -0.001897176474179627838, 0.001897176474179628272, 0.003849999998907525055 ) ) ;
#1043 = CARTESIAN_POINT ( 'NONE',  ( -0.002249999999999999830, 2.755455298081544393E-19, 0.009799999997815049546 ) ) ;
#1044 = CARTESIAN_POINT ( 'NONE',  ( 0.002683012700000000049, -0.001111340248359258013, 0.002699999998907525074 ) ) ;
#1045 = CARTESIAN_POINT ( 'NONE',  ( 0.0009319805153394645743, -0.002249999999999999830, 0.01105000000000000079 ) ) ;
#1046 = CARTESIAN_POINT ( 'NONE',  ( -0.001111340248359256062, 0.002683012700000000916, 0.007699999998907526046 ) ) ;
#1047 =( BOUNDED_CURVE ( )  B_SPLINE_CURVE ( 2, ( #456, #103, #828, #2290, #3406, #174, #947, #287, #3129 ),
 .UNSPECIFIED., .F., .F. ) 
 B_SPLINE_CURVE_WITH_KNOTS ( ( 3, 2, 2, 2, 3 ),
 ( 0.9250000000000000444, 0.9312500000000000222, 0.9375000000000001110, 0.9437500000000000888, 0.9500000000000000666 ),
 .UNSPECIFIED. ) 
 CURVE ( )  GEOMETRIC_REPRESENTATION_ITEM ( )  RATIONAL_B_SPLINE_CURVE ( ( 1.000000000000000000, 0.9238795325112867385, 1.000000000000000000, 0.9238795325112867385, 1.000000000000000000, 0.9238795325112867385, 1.000000000000000000, 0.9238795325112854062, 1.000000000000001332 ) ) 
 REPRESENTATION_ITEM ( '' )  );
#1048 = ORIENTED_EDGE ( 'NONE', *, *, #851, .T. ) ;
#1049 = CARTESIAN_POINT ( 'NONE',  ( 0.0009319805153394645743, -0.002249999999999999830, 0.002049999997815050469 ) ) ;
#1050 = CARTESIAN_POINT ( 'NONE',  ( -0.0009319805153394651164, -0.002249999999999999830, 0.003549999997815050067 ) ) ;
#1051 = CARTESIAN_POINT ( 'NONE',  ( -0.001590990257669732148, -0.001590990257669731714, 0.006900000000000000751 ) ) ;
#1052 = CARTESIAN_POINT ( 'NONE',  ( 1.642871457563348924E-19, 0.002683012700000000049, 0.007749999998907525743 ) ) ;
#1053 = CARTESIAN_POINT ( 'NONE',  ( -0.001897176474179628489, -0.001897176474179627838, 0.01514999999890752520 ) ) ;
#1054 = CARTESIAN_POINT ( 'NONE',  ( 0.002249999999999999830, 0.000000000000000000, 0.002400000000000000223 ) ) ;
#1055 = EDGE_CURVE ( 'NONE', #1619, #881, #4433, .T. ) ;
#1056 = EDGE_LOOP ( 'NONE', ( #3433, #1214, #4008, #2224, #4019 ) ) ;
#1057 = CARTESIAN_POINT ( 'NONE',  ( 0.002683012700000000049, 0.000000000000000000, 0.01544999999890752512 ) ) ;
#1058 = CARTESIAN_POINT ( 'NONE',  ( 0.002249999999999999830, -0.0009319805153394653333, 0.001550000000000000162 ) ) ;
#1059 = DIRECTION ( 'NONE',  ( -0.000000000000000000, -0.000000000000000000, -1.000000000000000000 ) ) ;
#1060 = CARTESIAN_POINT ( 'NONE',  ( -0.002683012700000000049, 3.285742915126697848E-19, 0.004649999998907525418 ) ) ;
#1061 = CARTESIAN_POINT ( 'NONE',  ( 0.002249999999999996794, 0.0009319805153394671764, 0.003049999997815050923 ) ) ;
#1062 = CARTESIAN_POINT ( 'NONE',  ( -0.001897176474179627838, 0.001897176474179628272, 0.01184999999890752435 ) ) ;
#1063 = CARTESIAN_POINT ( 'NONE',  ( -4.133182947122316589E-19, -0.002249999999999999830, 0.01159999999781505080 ) ) ;
#1064 = CARTESIAN_POINT ( 'NONE',  ( -0.002249999999999999830, 2.755455298081544393E-19, 0.01379999999781504963 ) ) ;
#1065 = CARTESIAN_POINT ( 'NONE',  ( 0.002250000000000002866, -0.0009319805153394621891, 0.002350000000000000092 ) ) ;
#1066 = CARTESIAN_POINT ( 'NONE',  ( 0.001111340248359257146, -0.002683012700000000049, 0.008099999998907526227 ) ) ;
#1067 = VECTOR ( 'NONE', #1059, 1.000000000000000000 ) ;
#1068 = CARTESIAN_POINT ( 'NONE',  ( 0.001897176474179628272, 0.001897176474179628272, 0.003649999998907525398 ) ) ;
#1069 = CARTESIAN_POINT ( 'NONE',  ( -0.0009319805153394651164, -0.002249999999999999830, 0.01335000000000000249 ) ) ;
#1070 = CARTESIAN_POINT ( 'NONE',  ( 0.002683012700000000049, -0.001111340248359258013, 0.006699999998907527760 ) ) ;
#1071 = CARTESIAN_POINT ( 'NONE',  ( 0.001111340248359256495, 0.002683012700000000916, 0.001199999998907525260 ) ) ;
#1072 = VECTOR ( 'NONE', #3101, 1.000000000000000000 ) ;
#1073 = CARTESIAN_POINT ( 'NONE',  ( 0.001897176474179628272, 0.001897176474179628272, 0.005149999998907524995 ) ) ;
#1074 = CARTESIAN_POINT ( 'NONE',  ( -0.002249999999999999830, 2.755455298081544393E-19, 0.0009999999978150503170 ) ) ;
#1075 = CARTESIAN_POINT ( 'NONE',  ( 0.0009319805153394640322, 0.002250000000000000697, 0.006349999997815052206 ) ) ;
#1076 = CARTESIAN_POINT ( 'NONE',  ( 0.002683012700000000049, -0.001111340248359258013, 0.009899999998907525744 ) ) ;
#1077 = CARTESIAN_POINT ( 'NONE',  ( 0.001111340248359256495, 0.002683012700000000916, 0.01399999999890752522 ) ) ;
#1078 = CARTESIAN_POINT ( 'NONE',  ( -0.001590990257669732148, -0.001590990257669731714, 0.005300000000000000024 ) ) ;
#1079 =( BOUNDED_CURVE ( )  B_SPLINE_CURVE ( 2, ( #3429, #1233, #4169, #78, #3740, #2997, #4124, #4472, #2263 ),
 .UNSPECIFIED., .F., .T. ) 
 B_SPLINE_CURVE_WITH_KNOTS ( ( 3, 2, 2, 2, 3 ),
 ( 0.8750000000000000000, 0.8812499999999999778, 0.8874999999999999556, 0.8937500000000000444, 0.9000000000000000222 ),
 .UNSPECIFIED. ) 
 CURVE ( )  GEOMETRIC_REPRESENTATION_ITEM ( )  RATIONAL_B_SPLINE_CURVE ( ( 1.000000000000000000, 0.9238795325112867385, 1.000000000000000000, 0.9238795325112867385, 1.000000000000000000, 0.9238795325112867385, 1.000000000000000000, 0.9238795325112867385, 1.000000000000000000 ) ) 
 REPRESENTATION_ITEM ( '' )  );
#1080 = ORIENTED_EDGE ( 'NONE', *, *, #152, .F. ) ;
#1081 = CARTESIAN_POINT ( 'NONE',  ( 0.001897176474179628272, 0.001897176474179628272, 0.01394999999890752553 ) ) ;
#1082 = DIRECTION ( 'NONE',  ( -0.000000000000000000, -0.000000000000000000, -1.000000000000000000 ) ) ;
#1083 = CARTESIAN_POINT ( 'NONE',  ( -0.002249999999999994192, -0.0009319805153394696701, 0.007650000000000000550 ) ) ;
#1084 = CARTESIAN_POINT ( 'NONE',  ( -0.001897176474179628489, -0.001897176474179627838, 0.003949999998907525317 ) ) ;
#1085 = DIRECTION ( 'NONE',  ( -1.000000000000000000, 0.000000000000000000, 0.000000000000000000 ) ) ;
#1086 = VERTEX_POINT ( 'NONE', #2731 ) ;
#1087 =( BOUNDED_CURVE ( )  B_SPLINE_CURVE ( 2, ( #3832, #1608, #3473, #3125, #4609, #2716, #190, #1634, #1296 ),
 .UNSPECIFIED., .F., .F. ) 
 B_SPLINE_CURVE_WITH_KNOTS ( ( 3, 2, 2, 2, 3 ),
 ( 0.05000000000000000278, 0.05625000000000000833, 0.06250000000000001388, 0.06875000000000001943, 0.07500000000000001110 ),
 .UNSPECIFIED. ) 
 CURVE ( )  GEOMETRIC_REPRESENTATION_ITEM ( )  RATIONAL_B_SPLINE_CURVE ( ( 1.000000000000000000, 0.9238795325112867385, 1.000000000000000000, 0.9238795325112867385, 1.000000000000000000, 0.9238795325112867385, 1.000000000000000000, 0.9238795325112865164, 1.000000000000000222 ) ) 
 REPRESENTATION_ITEM ( '' )  );
#1088 = CARTESIAN_POINT ( 'NONE',  ( -4.928614372690046772E-19, -0.002683012700000000049, 0.01294999999890752464 ) ) ;
#1089 = CARTESIAN_POINT ( 'NONE',  ( 0.002250000000000000697, 0.0009319805153394639238, 0.01584999999781505284 ) ) ;
#1090 = CARTESIAN_POINT ( 'NONE',  ( -0.0009319805153394637070, 0.002250000000000000697, 0.008849999997815050090 ) ) ;
#1091 = CARTESIAN_POINT ( 'NONE',  ( 0.002683012700000000049, -0.001111340248359258013, 0.009799999998907526350 ) ) ;
#1092 = CARTESIAN_POINT ( 'NONE',  ( -0.002683012700000000916, -0.001111340248359255845, 0.001599999998907525658 ) ) ;
#1093 = CARTESIAN_POINT ( 'NONE',  ( -0.002683012700000000916, 0.001111340248359256495, 0.004699999998907525983 ) ) ;
#1094 = CARTESIAN_POINT ( 'NONE',  ( -0.0009319805153394637070, 0.002250000000000000697, 0.01545000000000000366 ) ) ;
#1095 = CARTESIAN_POINT ( 'NONE',  ( 0.001897176474179627622, -0.001897176474179628489, 0.004949999998907525338 ) ) ;
#1096 = CARTESIAN_POINT ( 'NONE',  ( -0.001590990257669731714, 0.001590990257669731931, 0.002499999997815050348 ) ) ;
#1097 = CARTESIAN_POINT ( 'NONE',  ( -0.002250000000000000697, 0.0009319805153394642491, 0.004149999997815050773 ) ) ;
#1098 = CARTESIAN_POINT ( 'NONE',  ( 1.642871457563348924E-19, 0.002683012700000000049, 0.006949999998907525380 ) ) ;
#1099 = CARTESIAN_POINT ( 'NONE',  ( -0.001111340248359257796, -0.002683012700000000049, 0.01599999999890752700 ) ) ;
#1100 = CARTESIAN_POINT ( 'NONE',  ( 0.0009319805153394645743, -0.002249999999999999830, 0.004650000000000000487 ) ) ;
#1101 = EDGE_CURVE ( 'NONE', #1507, #3991, #2395, .T. ) ;
#1102 = VERTEX_POINT ( 'NONE', #4209 ) ;
#1103 = CARTESIAN_POINT ( 'NONE',  ( 0.001897176474179627622, -0.001897176474179628489, 0.01534999999890752573 ) ) ;
#1104 = CARTESIAN_POINT ( 'NONE',  ( 0.001897176474179628272, 0.001897176474179628272, 0.008349999998907524715 ) ) ;
#1105 = CARTESIAN_POINT ( 'NONE',  ( -4.133182947122316589E-19, -0.002249999999999999830, 0.007599999997815050715 ) ) ;
#1106 = EDGE_LOOP ( 'NONE', ( #2428, #2015, #12, #4043 ) ) ;
#1107 = CARTESIAN_POINT ( 'NONE',  ( -0.001111340248359256062, 0.002683012700000000916, 0.01419999999890752575 ) ) ;
#1108 = CARTESIAN_POINT ( 'NONE',  ( -0.001590990257669732148, -0.001590990257669731714, 0.01309999999781505040 ) ) ;
#1109 = CARTESIAN_POINT ( 'NONE',  ( 0.000000000000000000, 0.000000000000000000, 0.01799999999999999864 ) ) ;
#1110 = CYLINDRICAL_SURFACE ( 'NONE', #4536, 0.002249999999999999830 ) ;
#1111 = CARTESIAN_POINT ( 'NONE',  ( -0.002683012700000000049, 3.285742915126697848E-19, 0.01024999999890752536 ) ) ;
#1112 = EDGE_CURVE ( 'NONE', #3321, #4151, #2328, .T. ) ;
#1113 = CARTESIAN_POINT ( 'NONE',  ( 0.001111340248359256495, 0.002683012700000000916, 0.002899999998907526032 ) ) ;
#1114 = CARTESIAN_POINT ( 'NONE',  ( -0.002249999999999999830, 2.755455298081544393E-19, 0.01319999999999999993 ) ) ;
#1115 = CARTESIAN_POINT ( 'NONE',  ( 0.001897176474179627622, -0.001897176474179628489, 0.005849999998907525964 ) ) ;
#1116 = CARTESIAN_POINT ( 'NONE',  ( 0.002683012700000000049, 0.000000000000000000, 0.001049999998907525300 ) ) ;
#1117 = CARTESIAN_POINT ( 'NONE',  ( -0.001897176474179627838, 0.001897176474179628272, 0.005349999998907525520 ) ) ;
#1118 = CARTESIAN_POINT ( 'NONE',  ( 1.377727649040772196E-19, 0.002249999999999999830, 0.002399999997815050520 ) ) ;
#1119 = CARTESIAN_POINT ( 'NONE',  ( 0.001897176474179628272, 0.001897176474179628272, 0.009949999998907525442 ) ) ;
#1120 = CARTESIAN_POINT ( 'NONE',  ( -4.133182947122316589E-19, -0.002249999999999999830, 0.003599999997815050631 ) ) ;
#1121 = CARTESIAN_POINT ( 'NONE',  ( 0.001111340248359256495, 0.002683012700000000916, 0.007699999998907526913 ) ) ;
#1122 = CARTESIAN_POINT ( 'NONE',  ( -0.002683012700000000916, 0.001111340248359256495, 0.01579999999890752821 ) ) ;
#1123 = CARTESIAN_POINT ( 'NONE',  ( -0.0009319805153394637070, 0.002250000000000000697, 0.007450000000000000025 ) ) ;
#1124 = EDGE_LOOP ( 'NONE', ( #3793, #2143, #4104, #3376 ) ) ;
#1125 = EDGE_CURVE ( 'NONE', #1007, #2843, #3825, .T. ) ;
#1126 = VERTEX_POINT ( 'NONE', #1983 ) ;
#1127 = CARTESIAN_POINT ( 'NONE',  ( -0.001897176474179628489, -0.001897176474179627838, 0.01274999999890752585 ) ) ;
#1128 = CARTESIAN_POINT ( 'NONE',  ( -0.001590990257669732148, -0.001590990257669731714, 0.01089999999999999997 ) ) ;
#1129 = LINE ( 'NONE', #4437, #1980 ) ;
#1130 = CARTESIAN_POINT ( 'NONE',  ( -0.002683012700000000916, 0.001111340248359256495, 0.006999999998907525944 ) ) ;
#1131 = CARTESIAN_POINT ( 'NONE',  ( 0.0009319805153394640322, 0.002250000000000000697, 0.003149999997815050752 ) ) ;
#1132 = EDGE_CURVE ( 'NONE', #3501, #1007, #3383, .T. ) ;
#1133 = ORIENTED_EDGE ( 'NONE', *, *, #2097, .T. ) ;
#1134 = CARTESIAN_POINT ( 'NONE',  ( 0.001111340248359256495, 0.002683012700000000916, 0.01569999999890752534 ) ) ;
#1135 = CARTESIAN_POINT ( 'NONE',  ( -0.002250000000000000697, 0.0009319805153394642491, 0.01454999999781505030 ) ) ;
#1136 = CARTESIAN_POINT ( 'NONE',  ( -0.0009319805153394651164, -0.002249999999999999830, 0.009949999997815050373 ) ) ;
#1137 = CARTESIAN_POINT ( 'NONE',  ( -4.928614372690046772E-19, -0.002683012700000000049, 0.008849999998907525159 ) ) ;
#1138 = CARTESIAN_POINT ( 'NONE',  ( -0.002683012700000000049, 3.285742915126697848E-19, 0.007149999998907525904 ) ) ;
#1139 = CYLINDRICAL_SURFACE ( 'NONE', #2523, 0.002249999999999999830 ) ;
#1140 = CARTESIAN_POINT ( 'NONE',  ( -0.001111340248359257796, -0.002683012700000000049, 0.006499999998907525500 ) ) ;
#1141 = CARTESIAN_POINT ( 'NONE',  ( -4.133182947122316589E-19, -0.002249999999999999830, 0.01420000000000000082 ) ) ;
#1142 = CARTESIAN_POINT ( 'NONE',  ( 0.001897176474179628272, 0.001897176474179628272, 0.005949999998907525359 ) ) ;
#1143 = VERTEX_POINT ( 'NONE', #535 ) ;
#1144 = CARTESIAN_POINT ( 'NONE',  ( 0.001111340248359256495, 0.002683012700000000916, 0.01239999999890752623 ) ) ;
#1145 = CARTESIAN_POINT ( 'NONE',  ( -0.001111340248359256062, 0.002683012700000000916, 0.008499999998907525542 ) ) ;
#1146 = CARTESIAN_POINT ( 'NONE',  ( 0.001590990257669731497, -0.001590990257669732148, 0.005299999997815050753 ) ) ;
#1147 = CARTESIAN_POINT ( 'NONE',  ( -0.001111340248359256062, 0.002683012700000000916, 0.006999999998907525944 ) ) ;
#1148 = CYLINDRICAL_SURFACE ( 'NONE', #3524, 0.005000000000000000104 ) ;
#1149 = VECTOR ( 'NONE', #4590, 1.000000000000000000 ) ;
#1150 = CARTESIAN_POINT ( 'NONE',  ( -0.001590990257669731714, 0.001590990257669731931, 0.005100000000000000366 ) ) ;
#1151 = AXIS2_PLACEMENT_3D ( 'NONE', #3549, #2060, #3519 ) ;
#1152 = CARTESIAN_POINT ( 'NONE',  ( 0.001111340248359256495, 0.002683012700000000916, 0.01319999999890752833 ) ) ;
#1153 = CARTESIAN_POINT ( 'NONE',  ( -0.0009319805153394651164, -0.002249999999999999830, 0.01074999999781505074 ) ) ;
#1154 = CARTESIAN_POINT ( 'NONE',  ( 0.002249999999999999830, 2.755455298081544393E-19, 0.01799999999999999864 ) ) ;
#1155 = CARTESIAN_POINT ( 'NONE',  ( 0.002683012700000000049, 0.000000000000000000, 0.006649999998907525460 ) ) ;
#1156 = ORIENTED_EDGE ( 'NONE', *, *, #2317, .F. ) ;
#1157 = CARTESIAN_POINT ( 'NONE',  ( 0.001897176474179627622, -0.001897176474179628489, 0.01464999999890752476 ) ) ;
#1158 = CARTESIAN_POINT ( 'NONE',  ( 0.001590990257669731497, -0.001590990257669732148, 0.01489999999781504991 ) ) ;
#1159 = CARTESIAN_POINT ( 'NONE',  ( 0.001590990257669731931, 0.001590990257669731931, 0.009700000000000000289 ) ) ;
#1160 = CARTESIAN_POINT ( 'NONE',  ( 0.002683012700000000916, 0.001111340248359256279, 0.01229999999890752337 ) ) ;
#1161 = CARTESIAN_POINT ( 'NONE',  ( 0.001111340248359257146, -0.002683012700000000049, 0.006599999998907525763 ) ) ;
#1162 = CARTESIAN_POINT ( 'NONE',  ( 0.002250000000000000697, 0.0009319805153394639238, 0.01504999999781505074 ) ) ;
#1163 = CARTESIAN_POINT ( 'NONE',  ( 1.377727649040772196E-19, 0.002249999999999999830, 0.01300000000000000114 ) ) ;
#1164 = CARTESIAN_POINT ( 'NONE',  ( -0.001897176474179628489, -0.001897176474179627838, 0.004849999998907525943 ) ) ;
#1165 = CARTESIAN_POINT ( 'NONE',  ( 0.002683012700000000049, 0.000000000000000000, 0.002649999998907525377 ) ) ;
#1166 = ORIENTED_EDGE ( 'NONE', *, *, #1544, .T. ) ;
#1167 = CARTESIAN_POINT ( 'NONE',  ( 1.642871457563348924E-19, 0.002683012700000000049, 0.01164999999890752556 ) ) ;
#1168 = CARTESIAN_POINT ( 'NONE',  ( -4.928614372690046772E-19, -0.002683012700000000049, 0.008849999998907525159 ) ) ;
#1169 = CARTESIAN_POINT ( 'NONE',  ( -0.001590990257669731714, 0.001590990257669731931, 0.008899999997815049788 ) ) ;
#1170 = CARTESIAN_POINT ( 'NONE',  ( -0.001897176474179627838, 0.001897176474179628272, 0.01264999999890752472 ) ) ;
#1171 = CARTESIAN_POINT ( 'NONE',  ( 0.001111340248359257146, -0.002683012700000000049, 0.01609999999890752639 ) ) ;
#1172 = CARTESIAN_POINT ( 'NONE',  ( -0.0009319805153394637070, 0.002250000000000000697, 0.005050000000000000669 ) ) ;
#1173 = ORIENTED_EDGE ( 'NONE', *, *, #2239, .F. ) ;
#1174 = CARTESIAN_POINT ( 'NONE',  ( -0.001111340248359257796, -0.002683012700000000049, 0.01599999999890752700 ) ) ;
#1175 = CARTESIAN_POINT ( 'NONE',  ( 0.002250000000000011973, -0.0009319805153394526481, 0.01094999999781505126 ) ) ;
#1176 = DIRECTION ( 'NONE',  ( -0.000000000000000000, -0.000000000000000000, -1.000000000000000000 ) ) ;
#1177 = CARTESIAN_POINT ( 'NONE',  ( 0.002683012700000000049, -0.001111340248359258013, 0.007399999998907525259 ) ) ;
#1178 = CARTESIAN_POINT ( 'NONE',  ( 0.001897176474179628272, 0.001897176474179628272, 0.01484999999890752528 ) ) ;
#1179 = CARTESIAN_POINT ( 'NONE',  ( -0.001590990257669731714, 0.001590990257669731931, 0.01529999999781505096 ) ) ;
#1180 = CARTESIAN_POINT ( 'NONE',  ( -0.0009319805153394637070, 0.002250000000000000697, 0.004049999997815050511 ) ) ;
#1181 = CARTESIAN_POINT ( 'NONE',  ( 0.002683012700000000049, -0.001111340248359258013, 0.01219999999890752744 ) ) ;
#1182 = ORIENTED_EDGE ( 'NONE', *, *, #503, .T. ) ;
#1183 = CARTESIAN_POINT ( 'NONE',  ( 0.002683012700000000916, 0.001111340248359256279, 0.005199999998907525560 ) ) ;
#1184 = CARTESIAN_POINT ( 'NONE',  ( 0.0009319805153394640322, 0.002250000000000000697, 0.01114999999781505179 ) ) ;
#1185 = EDGE_CURVE ( 'NONE', #3656, #903, #171, .T. ) ;
#1186 = DIRECTION ( 'NONE',  ( -0.000000000000000000, -0.000000000000000000, -1.000000000000000000 ) ) ;
#1187 = CARTESIAN_POINT ( 'NONE',  ( 1.642871457563348924E-19, 0.002683012700000000049, 0.01094999999890752460 ) ) ;
#1188 = CARTESIAN_POINT ( 'NONE',  ( 0.001897176474179628272, 0.001897176474179628272, 0.004349999998907525499 ) ) ;
#1189 = ORIENTED_EDGE ( 'NONE', *, *, #2971, .F. ) ;
#1190 = CARTESIAN_POINT ( 'NONE',  ( 0.002683012700000000049, 0.000000000000000000, 0.01224999999890752540 ) ) ;
#1191 = CARTESIAN_POINT ( 'NONE',  ( -0.002683012700000000049, 3.285742915126697848E-19, 0.009449999998907524998 ) ) ;
#1192 = EDGE_CURVE ( 'NONE', #1566, #4422, #2047, .T. ) ;
#1193 = CARTESIAN_POINT ( 'NONE',  ( -0.001590990257669731714, 0.001590990257669731931, 0.007299999997815050795 ) ) ;
#1194 = CARTESIAN_POINT ( 'NONE',  ( 0.001111340248359256495, 0.002683012700000000916, 0.01009999999890752453 ) ) ;
#1195 = CARTESIAN_POINT ( 'NONE',  ( 0.002249999999999999830, 2.755455298081544393E-19, 0.01799999999999999864 ) ) ;
#1196 = CARTESIAN_POINT ( 'NONE',  ( -0.001590990257669731714, 0.001590990257669731931, 0.009100000000000000450 ) ) ;
#1197 = CARTESIAN_POINT ( 'NONE',  ( -0.001897176474179628489, -0.001897176474179627838, 0.01594999999890752904 ) ) ;
#1198 = CARTESIAN_POINT ( 'NONE',  ( -0.001590990257669732148, -0.001590990257669731714, 0.006100000000000000387 ) ) ;
#1199 = CARTESIAN_POINT ( 'NONE',  ( -4.928614372690046772E-19, -0.002683012700000000049, 0.003349999998907525478 ) ) ;
#1200 = CARTESIAN_POINT ( 'NONE',  ( -0.001897176474179628489, -0.001897176474179627838, 0.007149999998907525904 ) ) ;
#1201 = FACE_OUTER_BOUND ( 'NONE', #3662, .T. ) ;
#1202 = ORIENTED_EDGE ( 'NONE', *, *, #4192, .T. ) ;
#1203 =( BOUNDED_CURVE ( )  B_SPLINE_CURVE ( 2, ( #725, #2178, #1456, #4461, #3368, #92, #1529, #3009, #2937 ),
 .UNSPECIFIED., .F., .F. ) 
 B_SPLINE_CURVE_WITH_KNOTS ( ( 3, 2, 2, 2, 3 ),
 ( 0.4000000000000000222, 0.4062500000000000000, 0.4125000000000000333, 0.4187500000000000666, 0.4250000000000000444 ),
 .UNSPECIFIED. ) 
 CURVE ( )  GEOMETRIC_REPRESENTATION_ITEM ( )  RATIONAL_B_SPLINE_CURVE ( ( 1.000000000000000000, 0.9238795325112867385, 1.000000000000000000, 0.9238795325112867385, 1.000000000000000000, 0.9238795325112867385, 1.000000000000000000, 0.9238795325112860723, 1.000000000000000666 ) ) 
 REPRESENTATION_ITEM ( '' )  );
#1204 = CARTESIAN_POINT ( 'NONE',  ( 0.001111340248359257146, -0.002683012700000000049, 0.01299999999890752433 ) ) ;
#1205 = CARTESIAN_POINT ( 'NONE',  ( -0.002683012700000000916, 0.001111340248359256495, 0.01589999999890752760 ) ) ;
#1206 = DIRECTION ( 'NONE',  ( -0.000000000000000000, -0.000000000000000000, -1.000000000000000000 ) ) ;
#1207 = CARTESIAN_POINT ( 'NONE',  ( 0.000000000000000000, 0.000000000000000000, 0.01799999999999999864 ) ) ;
#1208 = ORIENTED_EDGE ( 'NONE', *, *, #2688, .F. ) ;
#1209 = CARTESIAN_POINT ( 'NONE',  ( 0.001111340248359257146, -0.002683012700000000049, 0.005799999998907525399 ) ) ;
#1210 = CARTESIAN_POINT ( 'NONE',  ( 0.002249999999999999830, 0.000000000000000000, 0.002199999997815050429 ) ) ;
#1211 = FACE_OUTER_BOUND ( 'NONE', #2972, .T. ) ;
#1212 = CARTESIAN_POINT ( 'NONE',  ( -0.002683012700000000916, -0.001111340248359255845, 0.01039999999890752445 ) ) ;
#1213 = CARTESIAN_POINT ( 'NONE',  ( 1.642871457563348924E-19, 0.002683012700000000049, 0.003649999998907525398 ) ) ;
#1214 = ORIENTED_EDGE ( 'NONE', *, *, #1314, .T. ) ;
#1215 = CARTESIAN_POINT ( 'NONE',  ( 0.001111340248359257146, -0.002683012700000000049, 0.01289999999890752494 ) ) ;
#1216 = CARTESIAN_POINT ( 'NONE',  ( 0.001590990257669731497, -0.001590990257669732148, 0.009299999997815050837 ) ) ;
#1217 = CARTESIAN_POINT ( 'NONE',  ( 0.001897176474179627622, -0.001897176474179628489, 0.01144999999890752504 ) ) ;
#1218 = DIRECTION ( 'NONE',  ( -1.000000000000000000, 0.000000000000000000, 0.000000000000000000 ) ) ;
#1219 = CARTESIAN_POINT ( 'NONE',  ( 0.002249999999999999830, -0.0009319805153394653333, 0.008750000000000002567 ) ) ;
#1220 = VERTEX_POINT ( 'NONE', #3259 ) ;
#1221 = CARTESIAN_POINT ( 'NONE',  ( 0.0009319805153394640322, 0.002250000000000000697, 0.001549999997815050459 ) ) ;
#1222 = CARTESIAN_POINT ( 'NONE',  ( 0.002249999999999999830, 0.000000000000000000, 0.01040000000000000126 ) ) ;
#1223 = CARTESIAN_POINT ( 'NONE',  ( 1.642871457563348924E-19, 0.002683012700000000049, 0.002149999998907525366 ) ) ;
#1224 = CARTESIAN_POINT ( 'NONE',  ( -0.002683012700000000049, 3.285742915126697848E-19, 0.01184999999890752609 ) ) ;
#1225 = CARTESIAN_POINT ( 'NONE',  ( -0.002250000000000000697, -0.0009319805153394634901, 0.001250000000000000243 ) ) ;
#1226 = DIRECTION ( 'NONE',  ( -0.000000000000000000, -0.000000000000000000, -1.000000000000000000 ) ) ;
#1227 = CARTESIAN_POINT ( 'NONE',  ( 0.0009319805153394645743, -0.002249999999999999830, 0.004449999997815050692 ) ) ;
#1228 = AXIS2_PLACEMENT_3D ( 'NONE', #160, #4155, #1597 ) ;
#1229 =( BOUNDED_CURVE ( )  B_SPLINE_CURVE ( 2, ( #315, #4447, #4028, #2583, #3698, #1760, #4737, #3227, #2532 ),
 .UNSPECIFIED., .F., .T. ) 
 B_SPLINE_CURVE_WITH_KNOTS ( ( 3, 2, 2, 2, 3 ),
 ( 0.7000000000000000666, 0.7062500000000001554, 0.7125000000000001332, 0.7187500000000001110, 0.7250000000000000888 ),
 .UNSPECIFIED. ) 
 CURVE ( )  GEOMETRIC_REPRESENTATION_ITEM ( )  RATIONAL_B_SPLINE_CURVE ( ( 0.9999999999999986677, 0.9238795325112880708, 1.000000000000000000, 0.9238795325112867385, 1.000000000000000000, 0.9238795325112867385, 1.000000000000000000, 0.9238795325112854062, 1.000000000000001332 ) ) 
 REPRESENTATION_ITEM ( '' )  );
#1230 = VERTEX_POINT ( 'NONE', #979 ) ;
#1231 = CARTESIAN_POINT ( 'NONE',  ( 0.001897176474179628272, 0.001897176474179628272, 0.006849999998907525985 ) ) ;
#1232 = CARTESIAN_POINT ( 'NONE',  ( -0.0009319805153394651164, -0.002249999999999999830, 0.001949999997815050424 ) ) ;
#1233 = CARTESIAN_POINT ( 'NONE',  ( -0.002250000000000000697, -0.0009319805153394634901, 0.01464999999781505143 ) ) ;
#1234 = CARTESIAN_POINT ( 'NONE',  ( -0.001111340248359257796, -0.002683012700000000049, 0.009699999998907526955 ) ) ;
#1235 = CARTESIAN_POINT ( 'NONE',  ( 0.001111340248359256495, 0.002683012700000000916, 0.001999999998907525407 ) ) ;
#1236 = VERTEX_POINT ( 'NONE', #668 ) ;
#1237 = ORIENTED_EDGE ( 'NONE', *, *, #3421, .F. ) ;
#1238 = CARTESIAN_POINT ( 'NONE',  ( 0.001897176474179628272, 0.001897176474179628272, 0.01074999999890752581 ) ) ;
#1239 = CARTESIAN_POINT ( 'NONE',  ( 0.0009319805153394645743, -0.002249999999999999830, 0.006849999997815051783 ) ) ;
#1240 = CARTESIAN_POINT ( 'NONE',  ( -0.001897176474179627838, 0.001897176474179628272, 0.01184999999890752435 ) ) ;
#1241 = CARTESIAN_POINT ( 'NONE',  ( 0.002683012700000000049, 0.000000000000000000, 0.001149999998907525346 ) ) ;
#1242 = CARTESIAN_POINT ( 'NONE',  ( -0.001590990257669732148, -0.001590990257669731714, 0.01010000000000000134 ) ) ;
#1243 = VERTEX_POINT ( 'NONE', #3210 ) ;
#1244 = CARTESIAN_POINT ( 'NONE',  ( -0.0009319805153394637070, 0.002250000000000000697, 0.004849999997815050874 ) ) ;
#1245 = DIRECTION ( 'NONE',  ( 0.000000000000000000, 0.000000000000000000, 1.000000000000000000 ) ) ;
#1246 = CARTESIAN_POINT ( 'NONE',  ( 0.002683012700000000049, -0.001111340248359258013, 0.002699999998907525074 ) ) ;
#1247 = CARTESIAN_POINT ( 'NONE',  ( -0.002683012700000000049, 3.285742915126697848E-19, 0.01104999999890752573 ) ) ;
#1248 = EDGE_CURVE ( 'NONE', #1619, #3088, #2441, .T. ) ;
#1249 = LINE ( 'NONE', #4586, #2211 ) ;
#1250 = CARTESIAN_POINT ( 'NONE',  ( -0.002250000000000012840, 0.0009319805153394514555, 0.009150000000000001882 ) ) ;
#1251 = CARTESIAN_POINT ( 'NONE',  ( -0.001111340248359256062, 0.002683012700000000916, 0.001299999998907525305 ) ) ;
#1252 = CARTESIAN_POINT ( 'NONE',  ( -0.001897176474179627838, 0.001897176474179628272, 0.009449999998907524998 ) ) ;
#1253 = DIRECTION ( 'NONE',  ( 0.000000000000000000, 0.000000000000000000, 1.000000000000000000 ) ) ;
#1254 = CARTESIAN_POINT ( 'NONE',  ( 0.002249999999999999830, 0.000000000000000000, 0.006999999997815050876 ) ) ;
#1255 = CARTESIAN_POINT ( 'NONE',  ( 0.002683012700000000049, 0.000000000000000000, 0.009149999998907525078 ) ) ;
#1256 = EDGE_CURVE ( 'NONE', #2125, #4573, #1622, .T. ) ;
#1257 = CARTESIAN_POINT ( 'NONE',  ( 0.001111340248359257146, -0.002683012700000000049, 0.003299999998907525781 ) ) ;
#1258 = ORIENTED_EDGE ( 'NONE', *, *, #634, .T. ) ;
#1259 = EDGE_LOOP ( 'NONE', ( #2933, #3207, #1401, #4440 ) ) ;
#1260 = CARTESIAN_POINT ( 'NONE',  ( 0.002683012700000000049, -0.001111340248359258013, 0.01539999999890752369 ) ) ;
#1261 = CARTESIAN_POINT ( 'NONE',  ( -4.133182947122316589E-19, -0.002249999999999999830, 0.008399999997815051078 ) ) ;
#1262 = CARTESIAN_POINT ( 'NONE',  ( 0.001897176474179628272, 0.001897176474179628272, 0.01084999999890752520 ) ) ;
#1263 = CARTESIAN_POINT ( 'NONE',  ( -0.0009319805153394637070, 0.002250000000000000697, 0.01545000000000000366 ) ) ;
#1264 = CARTESIAN_POINT ( 'NONE',  ( 1.377727649040772196E-19, 0.002249999999999999830, 0.008200000000000000691 ) ) ;
#1265 = CARTESIAN_POINT ( 'NONE',  ( 0.002250000000000000697, 0.0009319805153394639238, 0.007849999997815050937 ) ) ;
#1266 = CARTESIAN_POINT ( 'NONE',  ( 0.001111340248359257146, -0.002683012700000000049, 0.01609999999890752639 ) ) ;
#1267 = CARTESIAN_POINT ( 'NONE',  ( -0.002249999999999999830, 2.755455298081544393E-19, 0.01000000000000000021 ) ) ;
#1268 = CARTESIAN_POINT ( 'NONE',  ( -0.002683012700000000049, 3.285742915126697848E-19, 0.003149999998907524953 ) ) ;
#1269 = CARTESIAN_POINT ( 'NONE',  ( 0.002683012700000000049, -0.001111340248359258013, 0.01139999999890752534 ) ) ;
#1270 = EDGE_CURVE ( 'NONE', #825, #1236, #2102, .T. ) ;
#1271 = CARTESIAN_POINT ( 'NONE',  ( 0.002250000000000000697, 0.0009319805153394639238, 5.000000000000000240E-05 ) ) ;
#1272 = DIRECTION ( 'NONE',  ( -0.000000000000000000, -0.000000000000000000, -1.000000000000000000 ) ) ;
#1273 = CARTESIAN_POINT ( 'NONE',  ( -0.001590990257669732148, -0.001590990257669731714, 0.01629999999781505185 ) ) ;
#1274 = CARTESIAN_POINT ( 'NONE',  ( 0.001897176474179627622, -0.001897176474179628489, 0.0009499999989075252546 ) ) ;
#1275 = CARTESIAN_POINT ( 'NONE',  ( 0.002683012700000000049, 0.000000000000000000, 0.0002999999989075251760 ) ) ;
#1276 = CARTESIAN_POINT ( 'NONE',  ( -0.002683012700000000916, -0.001111340248359255845, 0.007199999998907526469 ) ) ;
#1277 = LINE ( 'NONE', #2035, #3073 ) ;
#1278 = CARTESIAN_POINT ( 'NONE',  ( 1.377727649040772196E-19, 0.002249999999999999830, 0.005000000000000000104 ) ) ;
#1279 = CARTESIAN_POINT ( 'NONE',  ( -0.002683012700000000916, 0.001111340248359256495, 0.01029999999890752506 ) ) ;
#1280 = CARTESIAN_POINT ( 'NONE',  ( 0.001111340248359257146, -0.002683012700000000049, 0.006499999998907525500 ) ) ;
#1281 = CARTESIAN_POINT ( 'NONE',  ( 0.001111340248359257146, -0.002683012700000000049, 0.01529999999890752777 ) ) ;
#1282 = CARTESIAN_POINT ( 'NONE',  ( 0.001897176474179627622, -0.001897176474179628489, 0.01544999999890752512 ) ) ;
#1283 = CARTESIAN_POINT ( 'NONE',  ( -0.001897176474179627838, 0.001897176474179628272, 0.0006499999989075252267 ) ) ;
#1284 = CARTESIAN_POINT ( 'NONE',  ( -0.002249999999999999830, 2.755455298081544393E-19, 0.01000000000000000021 ) ) ;
#1285 = CARTESIAN_POINT ( 'NONE',  ( -0.002250000000000000697, -0.0009319805153394634901, 0.01144999999781504997 ) ) ;
#1286 = CARTESIAN_POINT ( 'NONE',  ( 1.642871457563348924E-19, 0.002683012700000000049, 0.01494999999890752468 ) ) ;
#1287 = CARTESIAN_POINT ( 'NONE',  ( -0.001897176474179628489, -0.001897176474179627838, 0.007949999998907525400 ) ) ;
#1288 = CARTESIAN_POINT ( 'NONE',  ( 0.002683012700000000049, 0.000000000000000000, 0.0002999999989075251760 ) ) ;
#1289 = CARTESIAN_POINT ( 'NONE',  ( 0.001590990257669731931, 0.001590990257669731931, 0.007099999997815051138 ) ) ;
#1290 = CARTESIAN_POINT ( 'NONE',  ( -0.001897176474179628489, -0.001897176474179627838, 0.001649999998907525356 ) ) ;
#1291 = CARTESIAN_POINT ( 'NONE',  ( 0.001111340248359256495, 0.002683012700000000916, 0.01159999999890752587 ) ) ;
#1292 = DIRECTION ( 'NONE',  ( -0.000000000000000000, -0.000000000000000000, -1.000000000000000000 ) ) ;
#1293 = ORIENTED_EDGE ( 'NONE', *, *, #3302, .F. ) ;
#1294 = AXIS2_PLACEMENT_3D ( 'NONE', #3672, #386, #1835 ) ;
#1295 = DIRECTION ( 'NONE',  ( -0.8660254037844400399, 0.000000000000000000, 0.4999999999999975020 ) ) ;
#1296 = CARTESIAN_POINT ( 'NONE',  ( -0.002249999999999999830, 2.755455298081544393E-19, 0.001200000000000000112 ) ) ;
#1297 = CARTESIAN_POINT ( 'NONE',  ( 0.001111340248359257146, -0.002683012700000000049, 0.001699999998907525270 ) ) ;
#1298 = AXIS2_PLACEMENT_3D ( 'NONE', #2379, #3103, #2404 ) ;
#1299 = CARTESIAN_POINT ( 'NONE',  ( 1.642871457563348924E-19, 0.002683012700000000049, 0.008549999998907525239 ) ) ;
#1300 = VECTOR ( 'NONE', #2901, 1.000000000000000000 ) ;
#1301 = CARTESIAN_POINT ( 'NONE',  ( -0.002250000000000000697, 0.0009319805153394642491, 0.001950000000000000344 ) ) ;
#1302 = CARTESIAN_POINT ( 'NONE',  ( 0.0009319805153394640322, 0.002250000000000000697, 0.004950000000000000407 ) ) ;
#1303 = CARTESIAN_POINT ( 'NONE',  ( -0.001897176474179628489, -0.001897176474179627838, 0.004749999998907525681 ) ) ;
#1304 = CARTESIAN_POINT ( 'NONE',  ( -0.001897176474179627838, 0.001897176474179628272, 0.01494999999890752641 ) ) ;
#1305 = LINE ( 'NONE', #4253, #4458 ) ;
#1306 = CARTESIAN_POINT ( 'NONE',  ( 0.002683012700000000049, -0.001111340248359258013, 0.001099999998907525214 ) ) ;
#1307 = CARTESIAN_POINT ( 'NONE',  ( -0.0009319805153394637070, 0.002250000000000000697, 0.01145000000000000011 ) ) ;
#1308 = CARTESIAN_POINT ( 'NONE',  ( -0.002249999999999999830, 2.755455298081544393E-19, 0.002799999999999999972 ) ) ;
#1309 = CARTESIAN_POINT ( 'NONE',  ( 0.001111340248359257146, -0.002683012700000000049, 0.01539999999890752369 ) ) ;
#1310 = CARTESIAN_POINT ( 'NONE',  ( 0.002249999999999999830, 2.755455298081544393E-19, 0.01799999999999999864 ) ) ;
#1311 = CARTESIAN_POINT ( 'NONE',  ( 0.002683012700000000049, 0.000000000000000000, 0.006749999998907525722 ) ) ;
#1312 = CARTESIAN_POINT ( 'NONE',  ( -0.001897176474179627838, 0.001897176474179628272, 0.01094999999890752633 ) ) ;
#1313 = CARTESIAN_POINT ( 'NONE',  ( 0.001590990257669731497, -0.001590990257669732148, 0.003900000000000000255 ) ) ;
#1314 = EDGE_CURVE ( 'NONE', #1992, #4601, #4329, .T. ) ;
#1315 = DIRECTION ( 'NONE',  ( -1.000000000000000000, 0.000000000000000000, 0.000000000000000000 ) ) ;
#1316 = CARTESIAN_POINT ( 'NONE',  ( -0.002249999999999999830, 2.755455298081544393E-19, 0.002599999997815050611 ) ) ;
#1317 = CARTESIAN_POINT ( 'NONE',  ( 0.001111340248359256495, 0.002683012700000000916, 0.001199999998907525260 ) ) ;
#1318 = CARTESIAN_POINT ( 'NONE',  ( -4.133182947122316589E-19, -0.002249999999999999830, 0.008600000000000000006 ) ) ;
#1319 = CARTESIAN_POINT ( 'NONE',  ( 0.002683012700000000916, 0.001111340248359256279, 0.009999999998907525139 ) ) ;
#1320 = CARTESIAN_POINT ( 'NONE',  ( -0.0009319805153394651164, -0.002249999999999999830, 0.001149999997815050277 ) ) ;
#1321 = CARTESIAN_POINT ( 'NONE',  ( -0.002249999999999999830, 2.755455298081544393E-19, 0.01400000000000000029 ) ) ;
#1322 = CARTESIAN_POINT ( 'NONE',  ( -0.001111340248359257796, -0.002683012700000000049, 0.005599999998907525742 ) ) ;
#1323 = CARTESIAN_POINT ( 'NONE',  ( -0.002683012700000000049, 3.285742915126697848E-19, 0.0007499999989075251637 ) ) ;
#1324 = CARTESIAN_POINT ( 'NONE',  ( 0.001897176474179628272, 0.001897176474179628272, 0.01564999999890752738 ) ) ;
#1325 = CARTESIAN_POINT ( 'NONE',  ( 0.002683012700000000049, 0.000000000000000000, 0.003549999998907525135 ) ) ;
#1326 = CARTESIAN_POINT ( 'NONE',  ( 0.002250000000000000697, 0.0009319805153394639238, 0.01125000000000000305 ) ) ;
#1327 = CARTESIAN_POINT ( 'NONE',  ( -0.001590990257669732148, -0.001590990257669731714, 0.005899999997815050592 ) ) ;
#1328 = EDGE_CURVE ( 'NONE', #2574, #3688, #3937, .T. ) ;
#1329 = CARTESIAN_POINT ( 'NONE',  ( 0.002683012700000000916, 0.001111340248359256279, 0.01479999999890752732 ) ) ;
#1330 = CARTESIAN_POINT ( 'NONE',  ( 0.002249999999999999830, 0.000000000000000000, 0.005599999999999999943 ) ) ;
#1331 = CARTESIAN_POINT ( 'NONE',  ( -0.002249999999999999830, 2.755455298081544393E-19, 0.01080000000000000057 ) ) ;
#1332 = CARTESIAN_POINT ( 'NONE',  ( -0.001897176474179627838, 0.001897176474179628272, 0.006249999998907525278 ) ) ;
#1333 = CARTESIAN_POINT ( 'NONE',  ( -0.002683012700000000916, 0.001111340248359256495, 0.01339999999890752538 ) ) ;
#1334 = CARTESIAN_POINT ( 'NONE',  ( -4.133182947122316589E-19, -0.002249999999999999830, 0.001399999999999999986 ) ) ;
#1335 = VERTEX_POINT ( 'NONE', #297 ) ;
#1336 = CARTESIAN_POINT ( 'NONE',  ( 0.002249999999999999830, 0.000000000000000000, 0.001600000000000000077 ) ) ;
#1337 = DIRECTION ( 'NONE',  ( -1.000000000000000000, 0.000000000000000000, 0.000000000000000000 ) ) ;
#1338 = CARTESIAN_POINT ( 'NONE',  ( -0.001590990257669731714, 0.001590990257669731931, 0.01609999999781504959 ) ) ;
#1339 = CARTESIAN_POINT ( 'NONE',  ( -0.001897176474179627838, 0.001897176474179628272, 0.001349999998907525220 ) ) ;
#1340 = CARTESIAN_POINT ( 'NONE',  ( 0.002683012700000000049, 0.000000000000000000, 0.01314999999890752516 ) ) ;
#1341 = CARTESIAN_POINT ( 'NONE',  ( 0.002249999999999999830, 0.000000000000000000, 0.01099999999781505096 ) ) ;
#1342 = CARTESIAN_POINT ( 'NONE',  ( 0.0009319805153394640322, 0.002250000000000000697, 0.005549999997815051843 ) ) ;
#1343 = CARTESIAN_POINT ( 'NONE',  ( 0.002249999999999993758, 0.0009319805153394701037, 0.004850000000000000144 ) ) ;
#1344 = CARTESIAN_POINT ( 'NONE',  ( 0.002683012700000000049, -0.001111340248359258013, 0.006599999998907525763 ) ) ;
#1345 = CARTESIAN_POINT ( 'NONE',  ( -0.002683012700000000049, 3.285742915126697848E-19, 0.01504999999890752581 ) ) ;
#1346 = CARTESIAN_POINT ( 'NONE',  ( -0.001897176474179628489, -0.001897176474179627838, 0.01364999999890752561 ) ) ;
#1347 = CARTESIAN_POINT ( 'NONE',  ( 0.002683012700000000049, 0.000000000000000000, 0.002749999998907525639 ) ) ;
#1348 = CARTESIAN_POINT ( 'NONE',  ( -0.0009319805153394651164, -0.002249999999999999830, 0.01175000000000000003 ) ) ;
#1349 = CARTESIAN_POINT ( 'NONE',  ( 0.001897176474179627622, -0.001897176474179628489, 0.01304999999890752577 ) ) ;
#1350 = CARTESIAN_POINT ( 'NONE',  ( 0.002249999999999999830, -0.0009319805153394653333, 0.007150000000000000105 ) ) ;
#1351 = CARTESIAN_POINT ( 'NONE',  ( 0.001111340248359257146, -0.002683012700000000049, 0.006599999998907525763 ) ) ;
#1352 = CARTESIAN_POINT ( 'NONE',  ( 0.002683012700000000049, -0.001111340248359258013, 0.01379999999890752817 ) ) ;
#1353 = CARTESIAN_POINT ( 'NONE',  ( 0.001590990257669731497, -0.001590990257669732148, 0.003100000000000000325 ) ) ;
#1354 = PLANE ( 'NONE',  #4303 ) ;
#1355 = CARTESIAN_POINT ( 'NONE',  ( 0.002249999999999999830, 0.000000000000000000, 0.002999999997815050792 ) ) ;
#1356 = CARTESIAN_POINT ( 'NONE',  ( 0.002683012700000000049, 0.000000000000000000, 0.003449999998907525307 ) ) ;
#1357 = CARTESIAN_POINT ( 'NONE',  ( 1.642871457563348924E-19, 0.002683012700000000049, 0.003649999998907525398 ) ) ;
#1358 = CARTESIAN_POINT ( 'NONE',  ( 0.001111340248359257146, -0.002683012700000000049, 0.01139999999890752534 ) ) ;
#1359 = AXIS2_PLACEMENT_3D ( 'NONE', #4545, #1587, #2638 ) ;
#1360 = CARTESIAN_POINT ( 'NONE',  ( -0.002683012700000000049, 3.285742915126697848E-19, 0.01354999999890752448 ) ) ;
#1361 = CARTESIAN_POINT ( 'NONE',  ( -0.001590990257669732148, -0.001590990257669731714, 0.01149999999781504967 ) ) ;
#1362 = CARTESIAN_POINT ( 'NONE',  ( -0.002249999999999988121, -0.0009319805153394762837, 0.009250000000000003011 ) ) ;
#1363 = VECTOR ( 'NONE', #1601, 1.000000000000000000 ) ;
#1364 = CARTESIAN_POINT ( 'NONE',  ( -0.002249999999999999830, 0.000000000000000000, 0.01799999999999999864 ) ) ;
#1365 = CARTESIAN_POINT ( 'NONE',  ( 0.002683012700000000049, -0.001111340248359258013, 0.004999999998907525035 ) ) ;
#1366 = VERTEX_POINT ( 'NONE', #1397 ) ;
#1367 = VECTOR ( 'NONE', #2093, 1.000000000000000000 ) ;
#1368 = CARTESIAN_POINT ( 'NONE',  ( -0.002683012700000000049, 3.285742915126697848E-19, 0.001549999998907525310 ) ) ;
#1369 = CARTESIAN_POINT ( 'NONE',  ( 0.001111340248359256495, 0.002683012700000000916, 0.01409999999890752462 ) ) ;
#1370 = CARTESIAN_POINT ( 'NONE',  ( 0.002683012700000000049, -0.001111340248359258013, 0.003499999998907525438 ) ) ;
#1371 = CARTESIAN_POINT ( 'NONE',  ( -0.002250000000000000697, 0.0009319805153394642491, 0.01315000000000000023 ) ) ;
#1372 =( BOUNDED_CURVE ( )  B_SPLINE_CURVE ( 2, ( #2284, #3759, #3401, #121, #4142, #3692, #3425, #2604, #145 ),
 .UNSPECIFIED., .F., .F. ) 
 B_SPLINE_CURVE_WITH_KNOTS ( ( 3, 2, 2, 2, 3 ),
 ( 0.2000000000000000111, 0.2062499999999999889, 0.2124999999999999944, 0.2187500000000000000, 0.2250000000000000056 ),
 .UNSPECIFIED. ) 
 CURVE ( )  GEOMETRIC_REPRESENTATION_ITEM ( )  RATIONAL_B_SPLINE_CURVE ( ( 1.000000000000000000, 0.9238795325112867385, 1.000000000000000000, 0.9238795325112867385, 1.000000000000000000, 0.9238795325112867385, 1.000000000000000000, 0.9238795325112867385, 1.000000000000000000 ) ) 
 REPRESENTATION_ITEM ( '' )  );
#1373 = CARTESIAN_POINT ( 'NONE',  ( 0.0009319805153394645743, -0.002249999999999999830, 0.002849999997815050833 ) ) ;
#1374 = DIRECTION ( 'NONE',  ( -1.000000000000000000, 0.000000000000000000, 0.000000000000000000 ) ) ;
#1375 = CARTESIAN_POINT ( 'NONE',  ( 0.002466506349999999723, 0.000000000000000000, 0.01647499999836128659 ) ) ;
#1376 = CARTESIAN_POINT ( 'NONE',  ( -0.001111340248359256062, 0.002683012700000000916, 0.003799999998907525791 ) ) ;
#1377 = CARTESIAN_POINT ( 'NONE',  ( -0.001897176474179627838, 0.001897176474179628272, 0.01254999999890752532 ) ) ;
#1378 = CARTESIAN_POINT ( 'NONE',  ( 0.002249999999999999830, 0.000000000000000000, 0.003200000000000000153 ) ) ;
#1379 = ORIENTED_EDGE ( 'NONE', *, *, #3327, .T. ) ;
#1380 = EDGE_CURVE ( 'NONE', #2588, #1566, #2797, .T. ) ;
#1381 = DIRECTION ( 'NONE',  ( -1.000000000000000000, 0.000000000000000000, 0.000000000000000000 ) ) ;
#1382 = DIRECTION ( 'NONE',  ( 1.000000000000000000, 0.000000000000000000, -0.000000000000000000 ) ) ;
#1383 = CARTESIAN_POINT ( 'NONE',  ( 0.001111340248359257146, -0.002683012700000000049, 0.003299999998907525781 ) ) ;
#1384 = CARTESIAN_POINT ( 'NONE',  ( -0.002683012700000000916, 0.001111340248359256495, 0.001399999998907525134 ) ) ;
#1385 = CARTESIAN_POINT ( 'NONE',  ( -4.928614372690046772E-19, -0.002683012700000000049, 0.01214999999890752427 ) ) ;
#1386 = CARTESIAN_POINT ( 'NONE',  ( 0.001111340248359257146, -0.002683012700000000049, 0.01219999999890752744 ) ) ;
#1387 = CARTESIAN_POINT ( 'NONE',  ( -0.001590990257669731714, 0.001590990257669731931, 0.01129999999781505088 ) ) ;
#1388 = CARTESIAN_POINT ( 'NONE',  ( 0.002249999999999999830, 0.000000000000000000, 0.009600000000000000894 ) ) ;
#1389 = CARTESIAN_POINT ( 'NONE',  ( 0.002683012700000000049, -0.001111340248359258013, 0.008999999998907525986 ) ) ;
#1390 = CARTESIAN_POINT ( 'NONE',  ( -0.002683012700000000916, 0.001111340248359256495, 0.003099999998907525256 ) ) ;
#1391 = DIRECTION ( 'NONE',  ( -0.000000000000000000, -0.000000000000000000, -1.000000000000000000 ) ) ;
#1392 = CARTESIAN_POINT ( 'NONE',  ( 0.001897176474179627622, -0.001897176474179628489, 0.001849999998907525230 ) ) ;
#1393 = CARTESIAN_POINT ( 'NONE',  ( -0.0009319805153394637070, 0.002250000000000000697, 0.01385000000000000293 ) ) ;
#1394 = CARTESIAN_POINT ( 'NONE',  ( 0.001897176474179628272, 0.001897176474179628272, 0.007549999998907525219 ) ) ;
#1395 = CARTESIAN_POINT ( 'NONE',  ( -0.002249999999999999830, 2.755455298081544393E-19, 0.002599999997815050611 ) ) ;
#1396 = CARTESIAN_POINT ( 'NONE',  ( 0.0009319805153394645743, -0.002249999999999999830, 0.006049999997815050552 ) ) ;
#1397 = CARTESIAN_POINT ( 'NONE',  ( 0.002249999999999999830, 0.000000000000000000, 0.01519999999999999997 ) ) ;
#1398 = CARTESIAN_POINT ( 'NONE',  ( -0.001897176474179628489, -0.001897176474179627838, 0.004849999998907525943 ) ) ;
#1399 = CARTESIAN_POINT ( 'NONE',  ( 1.642871457563348924E-19, 0.002683012700000000049, 0.01244999999890752593 ) ) ;
#1400 = CARTESIAN_POINT ( 'NONE',  ( -4.133182947122316589E-19, -0.002249999999999999830, 0.003799999999999999992 ) ) ;
#1401 = ORIENTED_EDGE ( 'NONE', *, *, #4555, .F. ) ;
#1402 = CARTESIAN_POINT ( 'NONE',  ( 0.001111340248359257146, -0.002683012700000000049, 0.01369999999890752704 ) ) ;
#1403 = DIRECTION ( 'NONE',  ( -1.000000000000000000, 0.000000000000000000, 0.000000000000000000 ) ) ;
#1404 = CARTESIAN_POINT ( 'NONE',  ( 0.002250000000000002866, -0.0009319805153394621891, 0.002949999997815050661 ) ) ;
#1405 = CARTESIAN_POINT ( 'NONE',  ( -4.928614372690046772E-19, -0.002683012700000000049, 0.004049999998907525579 ) ) ;
#1406 = CARTESIAN_POINT ( 'NONE',  ( 0.002683012700000000049, -0.001111340248359258013, 0.002599999998907525246 ) ) ;
#1407 = CARTESIAN_POINT ( 'NONE',  ( -0.0009319805153394651164, -0.002249999999999999830, 0.007549999997815051017 ) ) ;
#1408 = CARTESIAN_POINT ( 'NONE',  ( -0.002683012700000000916, -0.001111340248359255845, 0.01119999999890752655 ) ) ;
#1409 = ORIENTED_EDGE ( 'NONE', *, *, #3896, .F. ) ;
#1410 =( BOUNDED_CURVE ( )  B_SPLINE_CURVE ( 2, ( #4328, #2419, #3936, #4645, #2490, #978, #2440, #2820, #1330 ),
 .UNSPECIFIED., .F., .F. ) 
 B_SPLINE_CURVE_WITH_KNOTS ( ( 3, 2, 2, 2, 3 ),
 ( 0.3250000000000000666, 0.3312500000000000444, 0.3375000000000000777, 0.3437500000000000555, 0.3500000000000000333 ),
 .UNSPECIFIED. ) 
 CURVE ( )  GEOMETRIC_REPRESENTATION_ITEM ( )  RATIONAL_B_SPLINE_CURVE ( ( 0.9999999999999993339, 0.9238795325112874046, 1.000000000000000000, 0.9238795325112867385, 1.000000000000000000, 0.9238795325112867385, 1.000000000000000000, 0.9238795325112860723, 1.000000000000000666 ) ) 
 REPRESENTATION_ITEM ( '' )  );
#1411 = CARTESIAN_POINT ( 'NONE',  ( 0.001111340248359257146, -0.002683012700000000049, 0.01139999999890752534 ) ) ;
#1412 = CARTESIAN_POINT ( 'NONE',  ( -0.0009319805153394637070, 0.002250000000000000697, 0.01044999999781505082 ) ) ;
#1413 = CARTESIAN_POINT ( 'NONE',  ( -0.002249999999999988121, -0.0009319805153394762837, 0.01384999999781505106 ) ) ;
#1414 = CARTESIAN_POINT ( 'NONE',  ( -0.002249999999999999830, 2.755455298081544393E-19, 0.0004000000000000000192 ) ) ;
#1415 = CARTESIAN_POINT ( 'NONE',  ( -4.928614372690046772E-19, -0.002683012700000000049, 0.008049999998907526530 ) ) ;
#1416 = CARTESIAN_POINT ( 'NONE',  ( 0.001897176474179628272, 0.001897176474179628272, 0.002849999998907525034 ) ) ;
#1417 = DIRECTION ( 'NONE',  ( -1.000000000000000000, 0.000000000000000000, 0.000000000000000000 ) ) ;
#1418 = CARTESIAN_POINT ( 'NONE',  ( 1.642871457563348924E-19, 0.002683012700000000049, 0.002149999998907525366 ) ) ;
#1419 = CARTESIAN_POINT ( 'NONE',  ( -0.002683012700000000916, -0.001111340248359255845, 0.0006999999989075252494 ) ) ;
#1420 = CARTESIAN_POINT ( 'NONE',  ( -0.001111340248359257796, -0.002683012700000000049, 0.006399999998907525238 ) ) ;
#1421 = ORIENTED_EDGE ( 'NONE', *, *, #2085, .F. ) ;
#1422 = CARTESIAN_POINT ( 'NONE',  ( 0.002250000000000000697, 0.0009319805153394639238, 0.0006499999978150503748 ) ) ;
#1423 = CARTESIAN_POINT ( 'NONE',  ( 0.002249999999999999830, 0.000000000000000000, 0.006199999997815050512 ) ) ;
#1424 = CARTESIAN_POINT ( 'NONE',  ( 0.002683012700000000049, 0.000000000000000000, 0.01629999999890752865 ) ) ;
#1425 = CARTESIAN_POINT ( 'NONE',  ( 0.002683012700000000916, 0.001111340248359256279, 0.009199999998907526511 ) ) ;
#1426 = CARTESIAN_POINT ( 'NONE',  ( -4.928614372690046772E-19, -0.002683012700000000049, 0.01524999999890752633 ) ) ;
#1427 = CARTESIAN_POINT ( 'NONE',  ( 1.377727649040772196E-19, 0.002249999999999999830, 0.005800000000000000468 ) ) ;
#1428 = ORIENTED_EDGE ( 'NONE', *, *, #1592, .F. ) ;
#1429 = CARTESIAN_POINT ( 'NONE',  ( 0.002683012700000000049, -0.001111340248359258013, 0.01379999999890752817 ) ) ;
#1430 = CARTESIAN_POINT ( 'NONE',  ( 0.0009319805153394645743, -0.002249999999999999830, 0.01425000000000000051 ) ) ;
#1431 = LINE ( 'NONE', #1154, #4614 ) ;
#1432 = CARTESIAN_POINT ( 'NONE',  ( 0.001897176474179628272, 0.001897176474179628272, 0.004349999998907525499 ) ) ;
#1433 = CARTESIAN_POINT ( 'NONE',  ( 0.001897176474179628272, 0.001897176474179628272, 0.004349999998907525499 ) ) ;
#1434 = ORIENTED_EDGE ( 'NONE', *, *, #1973, .T. ) ;
#1435 = CARTESIAN_POINT ( 'NONE',  ( -0.001111340248359257796, -0.002683012700000000049, 0.01289999999890752494 ) ) ;
#1436 = CARTESIAN_POINT ( 'NONE',  ( 0.001590990257669731497, -0.001590990257669732148, 0.01009999999781504947 ) ) ;
#1437 = CARTESIAN_POINT ( 'NONE',  ( -4.133182947122316589E-19, -0.002249999999999999830, 0.009400000000000000369 ) ) ;
#1438 = CARTESIAN_POINT ( 'NONE',  ( -0.002250000000000000697, -0.0009319805153394634901, 0.006649999997815051259 ) ) ;
#1439 = CARTESIAN_POINT ( 'NONE',  ( 0.001897176474179628272, 0.001897176474179628272, 0.008349999998907524715 ) ) ;
#1440 = CARTESIAN_POINT ( 'NONE',  ( -0.001897176474179627838, 0.001897176474179628272, 0.001449999998907525265 ) ) ;
#1441 = DIRECTION ( 'NONE',  ( 0.000000000000000000, 0.000000000000000000, -1.000000000000000000 ) ) ;
#1442 = CARTESIAN_POINT ( 'NONE',  ( 1.642871457563348924E-19, 0.002683012700000000049, 0.006949999998907525380 ) ) ;
#1443 = CARTESIAN_POINT ( 'NONE',  ( -0.001590990257669732148, -0.001590990257669731714, 0.01570000000000000215 ) ) ;
#1444 = AXIS2_PLACEMENT_3D ( 'NONE', #3752, #3030, #137 ) ;
#1445 = CLOSED_SHELL ( 'NONE', ( #64, #4229, #2164, #2883, #416, #2619, #4162, #2478, #562, #2384, #3813, #2826, #487, #753, #427, #3546, #4246, #2111, #615, #3600, #3458, #4611, #4044, #2551, #3045, #1832, #2735, #4186, #2026, #2336, #2905, #1949, #4171, #3751, #4389, #4116, #475, #2181, #3552, #2794, #1961, #2473, #265, #3952, #1034, #363, #2893, #3111, #983, #699, #4679, #2601, #345, #4376, #2808 ) ) ;
#1446 = CARTESIAN_POINT ( 'NONE',  ( 0.002683012700000000049, -0.001111340248359258013, 0.004999999998907525035 ) ) ;
#1447 = CARTESIAN_POINT ( 'NONE',  ( 0.001590990257669731931, 0.001590990257669731931, 0.002299999997815050691 ) ) ;
#1448 = CARTESIAN_POINT ( 'NONE',  ( -0.002249999999999999830, 2.755455298081544393E-19, 0.003399999997815050107 ) ) ;
#1449 = VECTOR ( 'NONE', #3534, 1.000000000000000222 ) ;
#1450 = CARTESIAN_POINT ( 'NONE',  ( 0.001111340248359257146, -0.002683012700000000049, 0.008999999998907524251 ) ) ;
#1451 = CARTESIAN_POINT ( 'NONE',  ( 0.002683012700000000049, 0.000000000000000000, 0.01624999999890752722 ) ) ;
#1452 = CARTESIAN_POINT ( 'NONE',  ( -0.0009319805153394651164, -0.002249999999999999830, 0.004550000000000000225 ) ) ;
#1453 = ORIENTED_EDGE ( 'NONE', *, *, #3517, .T. ) ;
#1454 = CARTESIAN_POINT ( 'NONE',  ( 0.001111340248359256495, 0.002683012700000000916, 0.01479999999890752732 ) ) ;
#1455 = CARTESIAN_POINT ( 'NONE',  ( 0.002249999999999999830, 0.000000000000000000, 0.004000000000000000083 ) ) ;
#1456 = CARTESIAN_POINT ( 'NONE',  ( 0.001590990257669731931, 0.001590990257669731931, 0.006500000000000000569 ) ) ;
#1457 = CARTESIAN_POINT ( 'NONE',  ( -0.001111340248359256062, 0.002683012700000000916, 0.003699999998907525095 ) ) ;
#1458 = EDGE_CURVE ( 'NONE', #4601, #2106, #2616, .T. ) ;
#1459 = CARTESIAN_POINT ( 'NONE',  ( -0.002683012700000000916, -0.001111340248359255845, 0.003899999998907525186 ) ) ;
#1460 = CARTESIAN_POINT ( 'NONE',  ( -0.002250000000000000697, 0.0009319805153394642491, 0.01454999999781505030 ) ) ;
#1461 = ORIENTED_EDGE ( 'NONE', *, *, #1055, .T. ) ;
#1462 = CARTESIAN_POINT ( 'NONE',  ( 0.002249999999999999830, 2.755455298081544393E-19, 0.01799999999999999864 ) ) ;
#1463 = CARTESIAN_POINT ( 'NONE',  ( -0.002250000000000000697, -0.0009319805153394634901, 0.01544999999781505005 ) ) ;
#1464 = DIRECTION ( 'NONE',  ( -0.000000000000000000, -0.000000000000000000, -1.000000000000000000 ) ) ;
#1465 = CARTESIAN_POINT ( 'NONE',  ( 0.000000000000000000, 0.000000000000000000, 0.01799999999999999864 ) ) ;
#1466 = CARTESIAN_POINT ( 'NONE',  ( -0.001111340248359256062, 0.002683012700000000916, 0.01009999999890752800 ) ) ;
#1467 = CARTESIAN_POINT ( 'NONE',  ( 0.002683012700000000049, -0.001111340248359258013, 0.002699999998907525074 ) ) ;
#1468 = EDGE_CURVE ( 'NONE', #3991, #2771, #3102, .T. ) ;
#1469 = CARTESIAN_POINT ( 'NONE',  ( 0.002249999999999999830, 0.000000000000000000, 0.01360000000000000098 ) ) ;
#1470 = CARTESIAN_POINT ( 'NONE',  ( -0.001111340248359256062, 0.002683012700000000916, 0.007799999998907525441 ) ) ;
#1471 = CARTESIAN_POINT ( 'NONE',  ( 1.642871457563348924E-19, 0.002683012700000000049, 0.0004499999989075252442 ) ) ;
#1472 = CARTESIAN_POINT ( 'NONE',  ( -0.001897176474179627838, 0.001897176474179628272, 0.006149999998907525016 ) ) ;
#1473 = ORIENTED_EDGE ( 'NONE', *, *, #3664, .F. ) ;
#1474 = CARTESIAN_POINT ( 'NONE',  ( 0.001590990257669731931, 0.001590990257669731931, 0.0006999999978150503975 ) ) ;
#1475 = CARTESIAN_POINT ( 'NONE',  ( -0.002683012700000000916, 0.001111340248359256495, 0.009399999998907525300 ) ) ;
#1476 = CARTESIAN_POINT ( 'NONE',  ( 0.002250000000000000697, 0.0009319805153394639238, 0.004649999997815050350 ) ) ;
#1477 = CARTESIAN_POINT ( 'NONE',  ( -0.002683012700000000916, 0.001111340248359256495, 0.007099999998907525339 ) ) ;
#1478 = CARTESIAN_POINT ( 'NONE',  ( 0.000000000000000000, 0.000000000000000000, 0.01799999999999999864 ) ) ;
#1479 = CARTESIAN_POINT ( 'NONE',  ( 0.0009319805153394640322, 0.002250000000000000697, 0.007349999999999999763 ) ) ;
#1480 = VERTEX_POINT ( 'NONE', #4279 ) ;
#1481 = CARTESIAN_POINT ( 'NONE',  ( -4.928614372690046772E-19, -0.002683012700000000049, 0.01524999999890752633 ) ) ;
#1482 = CARTESIAN_POINT ( 'NONE',  ( -0.001590990257669732148, -0.001590990257669731714, 0.005099999997815051096 ) ) ;
#1483 = CARTESIAN_POINT ( 'NONE',  ( 0.0009319805153394640322, 0.002250000000000000697, 0.01215000000000000108 ) ) ;
#1484 = CARTESIAN_POINT ( 'NONE',  ( 0.001111340248359256495, 0.002683012700000000916, 0.005999999998907525056 ) ) ;
#1485 = CARTESIAN_POINT ( 'NONE',  ( -0.002249999999999996794, 0.0009319805153394673932, 0.003349999997815049976 ) ) ;
#1486 = ORIENTED_EDGE ( 'NONE', *, *, #3022, .T. ) ;
#1487 = ORIENTED_EDGE ( 'NONE', *, *, #1101, .F. ) ;
#1488 = CARTESIAN_POINT ( 'NONE',  ( -0.002683012700000000049, 3.285742915126697848E-19, 0.01594999999890752557 ) ) ;
#1489 = CARTESIAN_POINT ( 'NONE',  ( -4.133182947122316589E-19, -0.002249999999999999830, 0.01479999999781505052 ) ) ;
#1490 = DIRECTION ( 'NONE',  ( -0.000000000000000000, -0.000000000000000000, -1.000000000000000000 ) ) ;
#1491 = CARTESIAN_POINT ( 'NONE',  ( 0.001897176474179628272, 0.001897176474179628272, 0.01074999999890752581 ) ) ;
#1492 = CARTESIAN_POINT ( 'NONE',  ( 1.642871457563348924E-19, 0.002683012700000000049, 0.004549999998907526023 ) ) ;
#1493 = DIRECTION ( 'NONE',  ( -0.000000000000000000, -0.000000000000000000, -1.000000000000000000 ) ) ;
#1494 = CARTESIAN_POINT ( 'NONE',  ( -0.001897176474179628489, -0.001897176474179627838, 0.006449999998907525803 ) ) ;
#1495 = CARTESIAN_POINT ( 'NONE',  ( 0.002249999999999999830, 0.000000000000000000, 0.01600000000000000033 ) ) ;
#1496 = CARTESIAN_POINT ( 'NONE',  ( 0.001111340248359257146, -0.002683012700000000049, 0.007299999998907525864 ) ) ;
#1497 = ORIENTED_EDGE ( 'NONE', *, *, #2542, .T. ) ;
#1498 = CARTESIAN_POINT ( 'NONE',  ( 0.001111340248359256495, 0.002683012700000000916, 0.01319999999890752833 ) ) ;
#1499 = CARTESIAN_POINT ( 'NONE',  ( -0.001590990257669732148, -0.001590990257669731714, 0.005099999997815051096 ) ) ;
#1500 = CARTESIAN_POINT ( 'NONE',  ( 0.002683012700000000049, -0.001111340248359258013, 0.007499999998907526388 ) ) ;
#1501 = CARTESIAN_POINT ( 'NONE',  ( -4.928614372690046772E-19, -0.002683012700000000049, 0.01604999999890752843 ) ) ;
#1502 = CARTESIAN_POINT ( 'NONE',  ( -0.001590990257669732148, -0.001590990257669731714, 0.006900000000000000751 ) ) ;
#1503 = CARTESIAN_POINT ( 'NONE',  ( 0.001897176474179627622, -0.001897176474179628489, 0.01374999999890752500 ) ) ;
#1504 = CARTESIAN_POINT ( 'NONE',  ( 0.001590990257669731497, -0.001590990257669732148, 0.009299999997815050837 ) ) ;
#1505 = DIRECTION ( 'NONE',  ( -0.000000000000000000, -0.000000000000000000, -1.000000000000000000 ) ) ;
#1506 = CARTESIAN_POINT ( 'NONE',  ( -4.928614372690046772E-19, -0.002683012700000000049, 0.007249999998907525299 ) ) ;
#1507 = VERTEX_POINT ( 'NONE', #4378 ) ;
#1508 = CARTESIAN_POINT ( 'NONE',  ( 0.001897176474179628272, 0.001897176474179628272, 0.01564999999890752738 ) ) ;
#1509 = CARTESIAN_POINT ( 'NONE',  ( -0.0009319805153394651164, -0.002249999999999999830, 0.01474999999781505255 ) ) ;
#1510 = CARTESIAN_POINT ( 'NONE',  ( 0.002250000000000011973, -0.0009319805153394526481, 0.01014999999781505263 ) ) ;
#1511 = CARTESIAN_POINT ( 'NONE',  ( 0.001897176474179627622, -0.001897176474179628489, 0.01134999999890752564 ) ) ;
#1512 = CARTESIAN_POINT ( 'NONE',  ( 0.002683012700000000049, 0.000000000000000000, 0.004349999998907525499 ) ) ;
#1513 = CARTESIAN_POINT ( 'NONE',  ( -0.001590990257669732148, -0.001590990257669731714, 0.01229999999781505003 ) ) ;
#1514 = LINE ( 'NONE', #2680, #89 ) ;
#1515 = CARTESIAN_POINT ( 'NONE',  ( -0.002683012700000000916, -0.001111340248359255845, 0.007199999998907526469 ) ) ;
#1516 = CARTESIAN_POINT ( 'NONE',  ( 0.002249999999999999830, 0.000000000000000000, 0.01519999999999999997 ) ) ;
#1517 = EDGE_LOOP ( 'NONE', ( #858, #3770, #1771, #1818 ) ) ;
#1518 = ORIENTED_EDGE ( 'NONE', *, *, #2317, .T. ) ;
#1519 = CARTESIAN_POINT ( 'NONE',  ( -0.001111340248359257796, -0.002683012700000000049, 0.01039999999890752619 ) ) ;
#1520 = CARTESIAN_POINT ( 'NONE',  ( 1.377727649040772196E-19, 0.002249999999999999830, 0.007199999997815050533 ) ) ;
#1521 = CARTESIAN_POINT ( 'NONE',  ( -0.002683012700000000049, 3.285742915126697848E-19, 0.007949999998907525400 ) ) ;
#1522 = CARTESIAN_POINT ( 'NONE',  ( 0.001111340248359256495, 0.002683012700000000916, 0.01559999999890752595 ) ) ;
#1523 = AXIS2_PLACEMENT_3D ( 'NONE', #3124, #1988, #168 ) ;
#1524 = CARTESIAN_POINT ( 'NONE',  ( -4.133182947122316589E-19, -0.002249999999999999830, 0.007000000000000000146 ) ) ;
#1525 = VECTOR ( 'NONE', #3961, 1.000000000000000000 ) ;
#1526 = EDGE_CURVE ( 'NONE', #881, #3791, #124, .T. ) ;
#1527 = CARTESIAN_POINT ( 'NONE',  ( -0.001590990257669731714, 0.001590990257669731931, 0.001699999997815050418 ) ) ;
#1528 = CARTESIAN_POINT ( 'NONE',  ( -0.002249999999999999830, 2.755455298081544393E-19, 0.01059999999781504991 ) ) ;
#1529 = CARTESIAN_POINT ( 'NONE',  ( -0.001590990257669731714, 0.001590990257669731931, 0.006700000000000000226 ) ) ;
#1530 = CARTESIAN_POINT ( 'NONE',  ( -0.001111340248359256062, 0.002683012700000000916, 0.007699999998907526046 ) ) ;
#1531 =( BOUNDED_CURVE ( )  B_SPLINE_CURVE ( 2, ( #877, #2315, #1952, #3038, #1163, #855, #436, #1563, #2720 ),
 .UNSPECIFIED., .F., .F. ) 
 B_SPLINE_CURVE_WITH_KNOTS ( ( 3, 2, 2, 2, 3 ),
 ( 0.8000000000000000444, 0.8062500000000000222, 0.8125000000000001110, 0.8187500000000000888, 0.8250000000000000666 ),
 .UNSPECIFIED. ) 
 CURVE ( )  GEOMETRIC_REPRESENTATION_ITEM ( )  RATIONAL_B_SPLINE_CURVE ( ( 1.000000000000000000, 0.9238795325112867385, 1.000000000000000000, 0.9238795325112867385, 1.000000000000000000, 0.9238795325112867385, 1.000000000000000000, 0.9238795325112854062, 1.000000000000001332 ) ) 
 REPRESENTATION_ITEM ( '' )  );
#1532 = EDGE_CURVE ( 'NONE', #3456, #3688, #3593, .T. ) ;
#1533 = LINE ( 'NONE', #848, #3457 ) ;
#1534 = CARTESIAN_POINT ( 'NONE',  ( 0.002250000000000000697, 0.0009319805153394639238, 0.01504999999781505074 ) ) ;
#1535 = FACE_OUTER_BOUND ( 'NONE', #4393, .T. ) ;
#1536 = CARTESIAN_POINT ( 'NONE',  ( -0.002683012700000000916, -0.001111340248359255845, 0.01109999999890752542 ) ) ;
#1537 = EDGE_CURVE ( 'NONE', #414, #368, #4088, .T. ) ;
#1538 = CARTESIAN_POINT ( 'NONE',  ( -0.001111340248359257796, -0.002683012700000000049, 0.004899999998907527375 ) ) ;
#1539 = CARTESIAN_POINT ( 'NONE',  ( -0.0009319805153394637070, 0.002250000000000000697, 0.01524999999781505300 ) ) ;
#1540 = CARTESIAN_POINT ( 'NONE',  ( 0.002249999999999999830, 2.755455298081544393E-19, 0.01799999999999999864 ) ) ;
#1541 = CARTESIAN_POINT ( 'NONE',  ( 0.001111340248359257146, -0.002683012700000000049, 0.004999999998907525903 ) ) ;
#1542 = CARTESIAN_POINT ( 'NONE',  ( -0.001111340248359256062, 0.002683012700000000916, 0.003699999998907525095 ) ) ;
#1543 = ORIENTED_EDGE ( 'NONE', *, *, #1834, .F. ) ;
#1544 = EDGE_CURVE ( 'NONE', #1889, #3440, #454, .T. ) ;
#1545 = ORIENTED_EDGE ( 'NONE', *, *, #1270, .T. ) ;
#1546 = CARTESIAN_POINT ( 'NONE',  ( 0.002683012700000000916, 0.001111340248359256279, 0.01069999999890752611 ) ) ;
#1547 = CARTESIAN_POINT ( 'NONE',  ( 1.642871457563348924E-19, 0.002683012700000000049, 0.008449999998907525844 ) ) ;
#1548 = CARTESIAN_POINT ( 'NONE',  ( 0.0009319805153394640322, 0.002250000000000000697, 0.008749999997815050695 ) ) ;
#1549 = CARTESIAN_POINT ( 'NONE',  ( 0.001111340248359257146, -0.002683012700000000049, 0.01299999999890752433 ) ) ;
#1550 = CARTESIAN_POINT ( 'NONE',  ( -0.001111340248359256062, 0.002683012700000000916, 0.01569999999890752534 ) ) ;
#1551 = CARTESIAN_POINT ( 'NONE',  ( 0.002249999999999999830, 0.000000000000000000, 0.008800000000000000530 ) ) ;
#1552 = CARTESIAN_POINT ( 'NONE',  ( 0.001590990257669731497, -0.001590990257669732148, 0.01569999999781505201 ) ) ;
#1553 = CARTESIAN_POINT ( 'NONE',  ( -4.928614372690046772E-19, -0.002683012700000000049, 0.001749999998907525185 ) ) ;
#1554 = CARTESIAN_POINT ( 'NONE',  ( 1.642871457563348924E-19, 0.002683012700000000049, 0.006849999998907525117 ) ) ;
#1555 = CARTESIAN_POINT ( 'NONE',  ( -0.002250000000000000697, 0.0009319805153394642491, 0.0003499999999999999964 ) ) ;
#1556 = CARTESIAN_POINT ( 'NONE',  ( -0.001111340248359257796, -0.002683012700000000049, 0.01529999999890752777 ) ) ;
#1557 = DIRECTION ( 'NONE',  ( -0.000000000000000000, -0.000000000000000000, -1.000000000000000000 ) ) ;
#1558 = LINE ( 'NONE', #1904, #2137 ) ;
#1559 =( BOUNDED_CURVE ( )  B_SPLINE_CURVE ( 2, ( #1639, #1343, #2837, #1302, #1278, #4683, #4659, #2358, #2769 ),
 .UNSPECIFIED., .F., .F. ) 
 B_SPLINE_CURVE_WITH_KNOTS ( ( 3, 2, 2, 2, 3 ),
 ( 0.3000000000000000444, 0.3062500000000000777, 0.3125000000000000555, 0.3187500000000000333, 0.3250000000000000666 ),
 .UNSPECIFIED. ) 
 CURVE ( )  GEOMETRIC_REPRESENTATION_ITEM ( )  RATIONAL_B_SPLINE_CURVE ( ( 0.9999999999999993339, 0.9238795325112874046, 1.000000000000000000, 0.9238795325112867385, 1.000000000000000000, 0.9238795325112867385, 1.000000000000000000, 0.9238795325112860723, 1.000000000000000666 ) ) 
 REPRESENTATION_ITEM ( '' )  );
#1560 = ORIENTED_EDGE ( 'NONE', *, *, #4273, .T. ) ;
#1561 = CARTESIAN_POINT ( 'NONE',  ( -0.002683012700000000049, 3.285742915126697848E-19, 0.004749999998907525681 ) ) ;
#1562 = CARTESIAN_POINT ( 'NONE',  ( 0.002249999999999999830, 0.000000000000000000, 0.01259999999781504995 ) ) ;
#1563 = CARTESIAN_POINT ( 'NONE',  ( -0.002250000000000012840, 0.0009319805153394514555, 0.01315000000000000023 ) ) ;
#1564 = CARTESIAN_POINT ( 'NONE',  ( 0.001897176474179627622, -0.001897176474179628489, 0.009849999998907524312 ) ) ;
#1565 = CARTESIAN_POINT ( 'NONE',  ( 0.002683012700000000049, 0.000000000000000000, 0.004249999998907525237 ) ) ;
#1566 = VERTEX_POINT ( 'NONE', #3722 ) ;
#1567 = CARTESIAN_POINT ( 'NONE',  ( -4.928614372690046772E-19, -0.002683012700000000049, 0.01124999999890752625 ) ) ;
#1568 = CARTESIAN_POINT ( 'NONE',  ( 0.001111340248359257146, -0.002683012700000000049, 0.009699999998907526955 ) ) ;
#1569 =( BOUNDED_CURVE ( )  B_SPLINE_CURVE ( 2, ( #1898, #3289, #748, #1483, #2629, #399, #4414, #4753, #21 ),
 .UNSPECIFIED., .F., .F. ) 
 B_SPLINE_CURVE_WITH_KNOTS ( ( 3, 2, 2, 2, 3 ),
 ( 0.7500000000000000000, 0.7562499999999999778, 0.7624999999999999556, 0.7687500000000000444, 0.7750000000000000222 ),
 .UNSPECIFIED. ) 
 CURVE ( )  GEOMETRIC_REPRESENTATION_ITEM ( )  RATIONAL_B_SPLINE_CURVE ( ( 1.000000000000000000, 0.9238795325112867385, 1.000000000000000000, 0.9238795325112867385, 1.000000000000000000, 0.9238795325112867385, 1.000000000000000000, 0.9238795325112867385, 1.000000000000000000 ) ) 
 REPRESENTATION_ITEM ( '' )  );
#1570 = CARTESIAN_POINT ( 'NONE',  ( 0.0009319805153394645743, -0.002249999999999999830, 0.009249999997815049405 ) ) ;
#1571 = CARTESIAN_POINT ( 'NONE',  ( 0.002683012700000000049, -0.001111340248359258013, 0.01069999999890752611 ) ) ;
#1572 = CARTESIAN_POINT ( 'NONE',  ( -0.002249999999999999830, 2.755455298081544393E-19, 0.01459999999781504999 ) ) ;
#1573 = CARTESIAN_POINT ( 'NONE',  ( 0.002250000000000000697, 0.0009319805153394639238, 0.008850000000000000228 ) ) ;
#1574 = ORIENTED_EDGE ( 'NONE', *, *, #1689, .T. ) ;
#1575 = CARTESIAN_POINT ( 'NONE',  ( -4.928614372690046772E-19, -0.002683012700000000049, 0.01604999999890752843 ) ) ;
#1576 = CARTESIAN_POINT ( 'NONE',  ( -0.002250000000000000697, -0.0009319805153394634901, 0.003650000000000000466 ) ) ;
#1577 = CARTESIAN_POINT ( 'NONE',  ( -0.001111340248359257796, -0.002683012700000000049, 0.0008999999989075252319 ) ) ;
#1578 = CARTESIAN_POINT ( 'NONE',  ( -4.928614372690046772E-19, -0.002683012700000000049, 0.01124999999890752625 ) ) ;
#1579 = CARTESIAN_POINT ( 'NONE',  ( -0.0009319805153394637070, 0.002250000000000000697, 0.001050000000000000152 ) ) ;
#1580 = CARTESIAN_POINT ( 'NONE',  ( -0.001111340248359256062, 0.002683012700000000916, 0.01339999999890752538 ) ) ;
#1581 = CARTESIAN_POINT ( 'NONE',  ( -4.133182947122316589E-19, -0.002249999999999999830, 0.01639999999781505124 ) ) ;
#1582 = CARTESIAN_POINT ( 'NONE',  ( -0.002249999999999999830, 2.755455298081544393E-19, 0.0004000000000000000192 ) ) ;
#1583 = DIRECTION ( 'NONE',  ( 0.000000000000000000, 0.000000000000000000, -1.000000000000000000 ) ) ;
#1584 = EDGE_LOOP ( 'NONE', ( #2067, #349, #4489, #1080 ) ) ;
#1585 = CARTESIAN_POINT ( 'NONE',  ( -0.001111340248359257796, -0.002683012700000000049, 0.006499999998907525500 ) ) ;
#1586 = CARTESIAN_POINT ( 'NONE',  ( 0.002249999999999993758, 0.0009319805153394701037, 0.006249999997815051944 ) ) ;
#1587 = DIRECTION ( 'NONE',  ( -0.000000000000000000, -0.000000000000000000, -1.000000000000000000 ) ) ;
#1588 = CARTESIAN_POINT ( 'NONE',  ( 0.001111340248359257146, -0.002683012700000000049, 0.008999999998907524251 ) ) ;
#1589 =( BOUNDED_CURVE ( )  B_SPLINE_CURVE ( 2, ( #3563, #702, #3169, #3636, #327, #1796, #3265, #1058, #1336 ),
 .UNSPECIFIED., .F., .F. ) 
 B_SPLINE_CURVE_WITH_KNOTS ( ( 3, 2, 2, 2, 3 ),
 ( 0.07500000000000001110, 0.08125000000000001665, 0.08749999999999999445, 0.09375000000000000000, 0.1000000000000000056 ),
 .UNSPECIFIED. ) 
 CURVE ( )  GEOMETRIC_REPRESENTATION_ITEM ( )  RATIONAL_B_SPLINE_CURVE ( ( 0.9999999999999997780, 0.9238795325112869605, 1.000000000000000000, 0.9238795325112867385, 1.000000000000000000, 0.9238795325112867385, 1.000000000000000000, 0.9238795325112867385, 1.000000000000000000 ) ) 
 REPRESENTATION_ITEM ( '' )  );
#1590 = CARTESIAN_POINT ( 'NONE',  ( -0.001897176474179628489, -0.001897176474179627838, 0.003149999998907525387 ) ) ;
#1591 = EDGE_LOOP ( 'NONE', ( #1545, #1497, #4226, #3513 ) ) ;
#1592 = EDGE_CURVE ( 'NONE', #3844, #4477, #3354, .T. ) ;
#1593 = ORIENTED_EDGE ( 'NONE', *, *, #2447, .T. ) ;
#1594 = CARTESIAN_POINT ( 'NONE',  ( -4.928614372690046772E-19, -0.002683012700000000049, 0.01044999999890752589 ) ) ;
#1595 = CARTESIAN_POINT ( 'NONE',  ( -0.002250000000000000697, -0.0009319805153394634901, 0.007449999997815050755 ) ) ;
#1596 = CARTESIAN_POINT ( 'NONE',  ( 0.001111340248359257146, -0.002683012700000000049, 0.01139999999890752534 ) ) ;
#1597 = DIRECTION ( 'NONE',  ( -1.000000000000000000, 0.000000000000000000, 0.000000000000000000 ) ) ;
#1598 = CARTESIAN_POINT ( 'NONE',  ( 0.002250000000000000697, 0.0009319805153394639238, 0.01045000000000000095 ) ) ;
#1599 = EDGE_CURVE ( 'NONE', #2255, #63, #2055, .T. ) ;
#1600 = CARTESIAN_POINT ( 'NONE',  ( -0.0009319805153394637070, 0.002250000000000000697, 0.01364999999781505227 ) ) ;
#1601 = DIRECTION ( 'NONE',  ( -0.000000000000000000, -0.000000000000000000, 1.000000000000000000 ) ) ;
#1602 = CARTESIAN_POINT ( 'NONE',  ( -0.001111340248359256062, 0.002683012700000000916, 0.002199999998907525497 ) ) ;
#1603 = CARTESIAN_POINT ( 'NONE',  ( -0.001111340248359257796, -0.002683012700000000049, 0.01199999999890752518 ) ) ;
#1605 = CARTESIAN_POINT ( 'NONE',  ( 0.002683012700000000049, 0.000000000000000000, 0.0002499999989075252075 ) ) ;
#1604 = CARTESIAN_POINT ( 'NONE',  ( -0.002250000000000000697, 0.0009319805153394642491, 0.0003499999999999999964 ) ) ;
#1606 = VECTOR ( 'NONE', #2496, 1.000000000000000000 ) ;
#1607 = EDGE_CURVE ( 'NONE', #4422, #1480, #3451, .T. ) ;
#1608 = CARTESIAN_POINT ( 'NONE',  ( 0.002250000000000000697, 0.0009319805153394639238, 0.0008500000000000001695 ) ) ;
#1609 = CARTESIAN_POINT ( 'NONE',  ( 0.002249999999999987253, 0.0009319805153394767174, 0.01584999999781505284 ) ) ;
#1610 = CIRCLE ( 'NONE', #1842, 0.004000000000000000083 ) ;
#1611 = CARTESIAN_POINT ( 'NONE',  ( 0.002683012700000000049, 0.000000000000000000, 0.007549999998907526086 ) ) ;
#1612 = CARTESIAN_POINT ( 'NONE',  ( 1.377727649040772196E-19, 0.002249999999999999830, 0.005599999997815050673 ) ) ;
#1613 = CARTESIAN_POINT ( 'NONE',  ( 0.002249999999999999830, -0.0009319805153394653333, 0.01595000000000000237 ) ) ;
#1614 = CARTESIAN_POINT ( 'NONE',  ( 1.642871457563348924E-19, 0.002683012700000000049, 0.01014999999890752423 ) ) ;
#1615 = CARTESIAN_POINT ( 'NONE',  ( 0.002683012700000000049, -0.001111340248359258013, 0.002599999998907525246 ) ) ;
#1616 = EDGE_LOOP ( 'NONE', ( #1133, #551, #2870, #2236 ) ) ;
#1617 = ORIENTED_EDGE ( 'NONE', *, *, #3310, .F. ) ;
#1618 = EDGE_CURVE ( 'NONE', #2989, #422, #3018, .T. ) ;
#1619 = VERTEX_POINT ( 'NONE', #4593 ) ;
#1620 = CARTESIAN_POINT ( 'NONE',  ( -0.001111340248359256062, 0.002683012700000000916, 0.01489999999890752672 ) ) ;
#1621 = CARTESIAN_POINT ( 'NONE',  ( 1.377727649040772196E-19, 0.002249999999999999830, 0.009599999997815050756 ) ) ;
#1622 =( BOUNDED_CURVE ( )  B_SPLINE_CURVE ( 2, ( #3579, #2070, #598, #2873, #1739, #4745, #3603, #3559, #322 ),
 .UNSPECIFIED., .F., .F. ) 
 B_SPLINE_CURVE_WITH_KNOTS ( ( 3, 2, 2, 2, 3 ),
 ( 0.7750000000000000222, 0.7812500000000000000, 0.7874999999999999778, 0.7937499999999999556, 0.8000000000000000444 ),
 .UNSPECIFIED. ) 
 CURVE ( )  GEOMETRIC_REPRESENTATION_ITEM ( )  RATIONAL_B_SPLINE_CURVE ( ( 1.000000000000000000, 0.9238795325112867385, 1.000000000000000000, 0.9238795325112867385, 1.000000000000000000, 0.9238795325112867385, 1.000000000000000000, 0.9238795325112867385, 1.000000000000000000 ) ) 
 REPRESENTATION_ITEM ( '' )  );
#1623 = CARTESIAN_POINT ( 'NONE',  ( -0.001111340248359257796, -0.002683012700000000049, 0.01209999999890752458 ) ) ;
#1624 = CARTESIAN_POINT ( 'NONE',  ( -0.002249999999999999830, 2.755455298081544393E-19, 0.01080000000000000057 ) ) ;
#1625 = CARTESIAN_POINT ( 'NONE',  ( -0.001590990257669731714, 0.001590990257669731931, 0.009900000000000000813 ) ) ;
#1626 = CARTESIAN_POINT ( 'NONE',  ( 0.002249999999999996794, 0.0009319805153394671764, 0.002450000000000000355 ) ) ;
#1627 = CARTESIAN_POINT ( 'NONE',  ( -0.002683012700000000916, -0.001111340248359255845, 0.007899999998907525703 ) ) ;
#1628 = CARTESIAN_POINT ( 'NONE',  ( -0.001590990257669731714, 0.001590990257669731931, 0.01369999999781505023 ) ) ;
#1629 = CARTESIAN_POINT ( 'NONE',  ( 0.0009319805153394645743, -0.002249999999999999830, 0.003850000000000000124 ) ) ;
#1630 = CARTESIAN_POINT ( 'NONE',  ( -0.002683012700000000049, 3.285742915126697848E-19, 0.0007499999989075251637 ) ) ;
#1631 = CARTESIAN_POINT ( 'NONE',  ( 0.002683012700000000916, 0.001111340248359256279, 0.009899999998907525744 ) ) ;
#1632 = CARTESIAN_POINT ( 'NONE',  ( 0.002250000000000000697, 0.0009319805153394639238, 0.002249999997815050126 ) ) ;
#1633 = DIRECTION ( 'NONE',  ( -1.000000000000000000, 0.000000000000000000, 0.000000000000000000 ) ) ;
#1634 = CARTESIAN_POINT ( 'NONE',  ( -0.002250000000000001998, 0.0009319805153394626228, 0.001150000000000000197 ) ) ;
#1635 = CARTESIAN_POINT ( 'NONE',  ( -0.001111340248359256062, 0.002683012700000000916, 0.0004999999989075251585 ) ) ;
#1636 = EDGE_LOOP ( 'NONE', ( #4686, #395, #3830, #1421 ) ) ;
#1637 = CARTESIAN_POINT ( 'NONE',  ( 0.001111340248359256495, 0.002683012700000000916, 0.007699999998907526913 ) ) ;
#1638 = CARTESIAN_POINT ( 'NONE',  ( -0.004000000000000000083, 0.000000000000000000, 0.000000000000000000 ) ) ;
#1639 = CARTESIAN_POINT ( 'NONE',  ( 0.002249999999999999830, 0.000000000000000000, 0.004800000000000000447 ) ) ;
#1640 = CARTESIAN_POINT ( 'NONE',  ( -0.002683012700000000916, -0.001111340248359255845, 0.008799999998907525461 ) ) ;
#1641 = CARTESIAN_POINT ( 'NONE',  ( -0.002683012700000000916, 0.001111340248359256495, 0.002199999998907525497 ) ) ;
#1642 = ORIENTED_EDGE ( 'NONE', *, *, #2403, .F. ) ;
#1643 = CARTESIAN_POINT ( 'NONE',  ( 0.001897176474179627622, -0.001897176474179628489, 0.01454999999890752536 ) ) ;
#1644 = CARTESIAN_POINT ( 'NONE',  ( 0.002683012700000000049, -0.001111340248359258013, 0.01469999999890752446 ) ) ;
#1645 = CARTESIAN_POINT ( 'NONE',  ( 0.001590990257669731931, 0.001590990257669731931, 0.009700000000000000289 ) ) ;
#1646 = VERTEX_POINT ( 'NONE', #1638 ) ;
#1647 = CARTESIAN_POINT ( 'NONE',  ( 0.000000000000000000, 0.000000000000000000, 0.03100000000000000325 ) ) ;
#1648 = CARTESIAN_POINT ( 'NONE',  ( 0.002683012700000000916, 0.001111340248359256279, 0.001199999998907525260 ) ) ;
#1649 = CARTESIAN_POINT ( 'NONE',  ( 0.001111340248359257146, -0.002683012700000000049, 0.009699999998907526955 ) ) ;
#1650 = CARTESIAN_POINT ( 'NONE',  ( -0.002249999999999999830, 0.000000000000000000, 0.01799999999999999864 ) ) ;
#1651 = ORIENTED_EDGE ( 'NONE', *, *, #4607, .T. ) ;
#1652 = CARTESIAN_POINT ( 'NONE',  ( -0.0009319805153394651164, -0.002249999999999999830, 0.01634999999781504981 ) ) ;
#1653 = CARTESIAN_POINT ( 'NONE',  ( -4.928614372690046772E-19, -0.002683012700000000049, 0.001649999998907525139 ) ) ;
#1654 = CARTESIAN_POINT ( 'NONE',  ( -0.001897176474179628489, -0.001897176474179627838, 0.008849999998907525159 ) ) ;
#1655 = CARTESIAN_POINT ( 'NONE',  ( 0.002249999999999999830, 0.000000000000000000, 0.007200000000000000670 ) ) ;
#1656 = CARTESIAN_POINT ( 'NONE',  ( -0.0009319805153394651164, -0.002249999999999999830, 0.002150000000000000001 ) ) ;
#1657 = CARTESIAN_POINT ( 'NONE',  ( 0.002683012700000000049, 0.000000000000000000, 0.007449999998907525824 ) ) ;
#1658 = VERTEX_POINT ( 'NONE', #3837 ) ;
#1659 = CARTESIAN_POINT ( 'NONE',  ( 0.001111340248359257146, -0.002683012700000000049, 0.01449999999890752567 ) ) ;
#1660 = CARTESIAN_POINT ( 'NONE',  ( 0.002683012700000000049, 0.000000000000000000, 0.01474999999890752589 ) ) ;
#1661 = CARTESIAN_POINT ( 'NONE',  ( -0.002250000000000000697, 0.0009319805153394642491, 0.01054999999781505195 ) ) ;
#1662 = CARTESIAN_POINT ( 'NONE',  ( 0.001590990257669731497, -0.001590990257669732148, 0.01190000000000000085 ) ) ;
#1663 = CARTESIAN_POINT ( 'NONE',  ( -0.0009319805153394637070, 0.002250000000000000697, 0.002649999999999999578 ) ) ;
#1664 = CARTESIAN_POINT ( 'NONE',  ( -4.928614372690046772E-19, -0.002683012700000000049, 0.01534999999890752573 ) ) ;
#1665 = CARTESIAN_POINT ( 'NONE',  ( -0.002250000000000000697, 0.0009319805153394642491, 0.005950000000000000427 ) ) ;
#1666 = DIRECTION ( 'NONE',  ( -0.000000000000000000, -0.000000000000000000, -1.000000000000000000 ) ) ;
#1667 = CARTESIAN_POINT ( 'NONE',  ( -0.001111340248359256062, 0.002683012700000000916, 0.004599999998907525721 ) ) ;
#1668 = CARTESIAN_POINT ( 'NONE',  ( 0.001111340248359257146, -0.002683012700000000049, 0.008899999998907524856 ) ) ;
#1669 = CARTESIAN_POINT ( 'NONE',  ( 0.000000000000000000, 0.000000000000000000, 0.01799999999999999864 ) ) ;
#1670 = VECTOR ( 'NONE', #3659, 1.000000000000000000 ) ;
#1671 = CARTESIAN_POINT ( 'NONE',  ( 1.377727649040772196E-19, 0.002249999999999999830, 0.01460000000000000013 ) ) ;
#1672 = CARTESIAN_POINT ( 'NONE',  ( 0.001590990257669731497, -0.001590990257669732148, 0.01270000000000000122 ) ) ;
#1673 = DIRECTION ( 'NONE',  ( 1.000000000000000000, 0.000000000000000000, 0.000000000000000000 ) ) ;
#1674 = CARTESIAN_POINT ( 'NONE',  ( 0.002683012700000000049, 0.000000000000000000, 0.003449999998907525307 ) ) ;
#1675 = AXIS2_PLACEMENT_3D ( 'NONE', #893, #2332, #1315 ) ;
#1676 = CARTESIAN_POINT ( 'NONE',  ( -4.928614372690046772E-19, -0.002683012700000000049, 0.008149999998907525925 ) ) ;
#1677 = AXIS2_PLACEMENT_3D ( 'NONE', #4682, #3223, #2481 ) ;
#1678 = CARTESIAN_POINT ( 'NONE',  ( 0.0009319805153394640322, 0.002250000000000000697, 0.007349999999999999763 ) ) ;
#1679 = CARTESIAN_POINT ( 'NONE',  ( -0.0009319805153394651164, -0.002249999999999999830, 0.002949999999999999931 ) ) ;
#1680 = PRODUCT_CONTEXT ( 'NONE', #1874, 'mechanical' ) ;
#1681 = CARTESIAN_POINT ( 'NONE',  ( -0.002683012700000000049, 3.285742915126697848E-19, 0.007849999998907526005 ) ) ;
#1682 = ORIENTED_EDGE ( 'NONE', *, *, #3896, .T. ) ;
#1683 =( BOUNDED_CURVE ( )  B_SPLINE_CURVE ( 2, ( #4095, #4514, #4539, #1136, #73, #2258, #1927, #1510, #4492 ),
 .UNSPECIFIED., .F., .F. ) 
 B_SPLINE_CURVE_WITH_KNOTS ( ( 3, 2, 2, 2, 3 ),
 ( 0.5750000000000000666, 0.5812500000000001554, 0.5875000000000001332, 0.5937500000000001110, 0.6000000000000000888 ),
 .UNSPECIFIED. ) 
 CURVE ( )  GEOMETRIC_REPRESENTATION_ITEM ( )  RATIONAL_B_SPLINE_CURVE ( ( 0.9999999999999986677, 0.9238795325112880708, 1.000000000000000000, 0.9238795325112867385, 1.000000000000000000, 0.9238795325112867385, 1.000000000000000000, 0.9238795325112854062, 1.000000000000001332 ) ) 
 REPRESENTATION_ITEM ( '' )  );
#1684 = CARTESIAN_POINT ( 'NONE',  ( -0.001111340248359256062, 0.002683012700000000916, 0.0005999999989075252040 ) ) ;
#1685 = CARTESIAN_POINT ( 'NONE',  ( 0.002683012700000000916, 0.001111340248359256279, 0.01559999999890752595 ) ) ;
#1686 = CARTESIAN_POINT ( 'NONE',  ( -0.002683012700000000916, -0.001111340248359255845, 0.002399999998907525588 ) ) ;
#1687 = CARTESIAN_POINT ( 'NONE',  ( 0.002250000000000000697, 0.0009319805153394639238, 0.01365000000000000067 ) ) ;
#1688 = CARTESIAN_POINT ( 'NONE',  ( -0.001590990257669731714, 0.001590990257669731931, 0.008099999997815051159 ) ) ;
#1689 = EDGE_CURVE ( 'NONE', #2106, #737, #3854, .T. ) ;
#1690 = CARTESIAN_POINT ( 'NONE',  ( -0.002683012700000000916, -0.001111340248359255845, 0.01519999999890752490 ) ) ;
#1691 = CARTESIAN_POINT ( 'NONE',  ( -0.001590990257669731714, 0.001590990257669731931, 0.01070000000000000118 ) ) ;
#1692 = CARTESIAN_POINT ( 'NONE',  ( -0.001897176474179627838, 0.001897176474179628272, 0.005449999998907525782 ) ) ;
#1693 = CARTESIAN_POINT ( 'NONE',  ( 1.642871457563348924E-19, 0.002683012700000000049, 0.01404999999890752665 ) ) ;
#1694 = CARTESIAN_POINT ( 'NONE',  ( 0.002249999999999999830, -0.0009319805153394653333, 0.003950000000000000386 ) ) ;
#1695 = VERTEX_POINT ( 'NONE', #2743 ) ;
#1696 = CYLINDRICAL_SURFACE ( 'NONE', #3693, 0.002249999999999999830 ) ;
#1697 = DIRECTION ( 'NONE',  ( -0.000000000000000000, -0.000000000000000000, -1.000000000000000000 ) ) ;
#1698 = CARTESIAN_POINT ( 'NONE',  ( -0.002249999999999999830, 2.755455298081544393E-19, 0.01619999999781505245 ) ) ;
#1699 = CARTESIAN_POINT ( 'NONE',  ( 0.001111340248359256495, 0.002683012700000000916, 0.003599999998907525266 ) ) ;
#1700 = ORIENTED_EDGE ( 'NONE', *, *, #1040, .T. ) ;
#1701 = CARTESIAN_POINT ( 'NONE',  ( 0.001897176474179627622, -0.001897176474179628489, 0.009049999998907525683 ) ) ;
#1702 = CARTESIAN_POINT ( 'NONE',  ( -0.001590990257669732148, -0.001590990257669731714, 0.009899999997815050676 ) ) ;
#1703 = CARTESIAN_POINT ( 'NONE',  ( 0.002250000000000000697, 0.0009319805153394639238, 0.007250000000000000368 ) ) ;
#1704 = CARTESIAN_POINT ( 'NONE',  ( 0.001897176474179628272, 0.001897176474179628272, 0.005949999998907525359 ) ) ;
#1705 = CARTESIAN_POINT ( 'NONE',  ( 0.001897176474179627622, -0.001897176474179628489, 0.01534999999890752573 ) ) ;
#1706 = CARTESIAN_POINT ( 'NONE',  ( -4.928614372690046772E-19, -0.002683012700000000049, 0.01614999999890752783 ) ) ;
#1707 = CARTESIAN_POINT ( 'NONE',  ( -0.002683012700000000049, 3.285742915126697848E-19, 0.002349999998907525457 ) ) ;
#1708 = CARTESIAN_POINT ( 'NONE',  ( -0.001590990257669731714, 0.001590990257669731931, 0.01149999999999999981 ) ) ;
#1709 = CARTESIAN_POINT ( 'NONE',  ( 0.002250000000000011973, -0.0009319805153394526481, 0.01174999999781504989 ) ) ;
#1710 =( BOUNDED_CURVE ( )  B_SPLINE_CURVE ( 2, ( #3466, #4485, #1940, #468, #113, #3096, #1552, #3441, #3074 ),
 .UNSPECIFIED., .F., .F. ) 
 B_SPLINE_CURVE_WITH_KNOTS ( ( 3, 2, 2, 2, 3 ),
 ( 0.9250000000000000444, 0.9312500000000000222, 0.9375000000000001110, 0.9437500000000000888, 0.9500000000000000666 ),
 .UNSPECIFIED. ) 
 CURVE ( )  GEOMETRIC_REPRESENTATION_ITEM ( )  RATIONAL_B_SPLINE_CURVE ( ( 1.000000000000000000, 0.9238795325112867385, 1.000000000000000000, 0.9238795325112867385, 1.000000000000000000, 0.9238795325112867385, 1.000000000000000000, 0.9238795325112854062, 1.000000000000001332 ) ) 
 REPRESENTATION_ITEM ( '' )  );
#1711 = PRODUCT_DEFINITION ( 'UNKNOWN', '', #3377, #3933 ) ;
#1712 = CARTESIAN_POINT ( 'NONE',  ( -0.001897176474179627838, 0.001897176474179628272, 0.01344999999890752508 ) ) ;
#1713 = DIRECTION ( 'NONE',  ( -1.000000000000000000, 0.000000000000000000, 0.000000000000000000 ) ) ;
#1714 = CARTESIAN_POINT ( 'NONE',  ( 0.002249999999999999830, 0.000000000000000000, 0.007200000000000000670 ) ) ;
#1715 = CARTESIAN_POINT ( 'NONE',  ( 0.001111340248359256495, 0.002683012700000000916, 0.006099999998907525318 ) ) ;
#1716 = CARTESIAN_POINT ( 'NONE',  ( -0.002683012700000000049, 3.285742915126697848E-19, 0.01264999999890752645 ) ) ;
#1717 = CARTESIAN_POINT ( 'NONE',  ( -0.0009319805153394651164, -0.002249999999999999830, 0.002949999999999999931 ) ) ;
#1718 = VERTEX_POINT ( 'NONE', #2787 ) ;
#1719 = CARTESIAN_POINT ( 'NONE',  ( -0.002250000000000000697, -0.0009319805153394634901, 0.01404999999999999999 ) ) ;
#1720 = CARTESIAN_POINT ( 'NONE',  ( -0.002250000000000000697, -0.0009319805153394634901, 0.002649999997815050308 ) ) ;
#1721 = CARTESIAN_POINT ( 'NONE',  ( -0.002683012700000000916, 0.001111340248359256495, 0.004599999998907525721 ) ) ;
#1722 = CARTESIAN_POINT ( 'NONE',  ( -0.001111340248359256062, 0.002683012700000000916, 0.002899999998907525165 ) ) ;
#1723 = CARTESIAN_POINT ( 'NONE',  ( -0.002683012700000000916, -0.001111340248359255845, 0.01199999999890752518 ) ) ;
#1724 = ORIENTED_EDGE ( 'NONE', *, *, #4240, .T. ) ;
#1725 = CARTESIAN_POINT ( 'NONE',  ( -0.002683012700000000916, -0.001111340248359255845, 0.01279999999890752728 ) ) ;
#1726 = CARTESIAN_POINT ( 'NONE',  ( -0.0009319805153394651164, -0.002249999999999999830, 0.01074999999781505074 ) ) ;
#1727 = CARTESIAN_POINT ( 'NONE',  ( 0.002250000000000011973, -0.0009319805153394526481, 0.009550000000000002931 ) ) ;
#1728 = DIRECTION ( 'NONE',  ( 0.000000000000000000, 0.000000000000000000, -1.000000000000000000 ) ) ;
#1729 = CARTESIAN_POINT ( 'NONE',  ( 0.002683012700000000049, -0.001111340248359258013, 0.005799999998907525399 ) ) ;
#1730 = ORIENTED_EDGE ( 'NONE', *, *, #3517, .F. ) ;
#1731 = CARTESIAN_POINT ( 'NONE',  ( -0.001897176474179628489, -0.001897176474179627838, 0.002449999998907525720 ) ) ;
#1732 = CARTESIAN_POINT ( 'NONE',  ( 0.001111340248359257146, -0.002683012700000000049, 0.01379999999890752817 ) ) ;
#1733 = CARTESIAN_POINT ( 'NONE',  ( 0.001111340248359257146, -0.002683012700000000049, 0.003399999998907525176 ) ) ;
#1734 = CARTESIAN_POINT ( 'NONE',  ( -0.002250000000000000697, 0.0009319805153394642491, 0.01235000000000000334 ) ) ;
#1735 = ORIENTED_EDGE ( 'NONE', *, *, #1888, .T. ) ;
#1736 = EDGE_CURVE ( 'NONE', #1126, #903, #1277, .T. ) ;
#1737 = CARTESIAN_POINT ( 'NONE',  ( 0.002683012700000000049, 0.000000000000000000, 0.01314999999890752516 ) ) ;
#1738 = DIRECTION ( 'NONE',  ( 0.000000000000000000, 0.000000000000000000, -1.000000000000000000 ) ) ;
#1739 = CARTESIAN_POINT ( 'NONE',  ( -4.133182947122316589E-19, -0.002249999999999999830, 0.01319999999781504979 ) ) ;
#1740 = CARTESIAN_POINT ( 'NONE',  ( 0.001111340248359257146, -0.002683012700000000049, 0.004999999998907525903 ) ) ;
#1741 = CARTESIAN_POINT ( 'NONE',  ( 0.001897176474179627622, -0.001897176474179628489, 0.01294999999890752637 ) ) ;
#1742 = CARTESIAN_POINT ( 'NONE',  ( -4.133182947122316589E-19, -0.002249999999999999830, 0.003000000000000000062 ) ) ;
#1743 = VERTEX_POINT ( 'NONE', #545 ) ;
#1744 = LINE ( 'NONE', #2152, #613 ) ;
#1745 = DIRECTION ( 'NONE',  ( 1.000000000000000000, 0.000000000000000000, 0.000000000000000000 ) ) ;
#1746 = CARTESIAN_POINT ( 'NONE',  ( -0.002683012700000000916, 0.001111340248359256495, 0.003799999998907525791 ) ) ;
#1747 = CARTESIAN_POINT ( 'NONE',  ( -0.002683012700000000049, 3.285742915126697848E-19, 0.002249999998907525195 ) ) ;
#1748 = CARTESIAN_POINT ( 'NONE',  ( 0.002466506349999999723, 0.000000000000000000, 0.01612499999945376378 ) ) ;
#1749 = CARTESIAN_POINT ( 'NONE',  ( 0.002683012700000000049, -0.001111340248359258013, 0.01149999999890752474 ) ) ;
#1750 = AXIS2_PLACEMENT_3D ( 'NONE', #4320, #970, #3109 ) ;
#1751 = EDGE_CURVE ( 'NONE', #1974, #2843, #3916, .T. ) ;
#1752 = CARTESIAN_POINT ( 'NONE',  ( -0.001111340248359257796, -0.002683012700000000049, 0.01209999999890752458 ) ) ;
#1753 = CARTESIAN_POINT ( 'NONE',  ( 0.002250000000000000697, 0.0009319805153394639238, 0.01264999999781505138 ) ) ;
#1754 = LINE ( 'NONE', #3590, #2289 ) ;
#1755 = CARTESIAN_POINT ( 'NONE',  ( 0.002250000000000000697, 0.0009319805153394639238, 5.000000000000000240E-05 ) ) ;
#1756 = CARTESIAN_POINT ( 'NONE',  ( 0.001897176474179628272, 0.001897176474179628272, 0.005149999998907524995 ) ) ;
#1757 = CARTESIAN_POINT ( 'NONE',  ( -0.002683012700000000049, 3.285742915126697848E-19, 0.01024999999890752536 ) ) ;
#1758 = AXIS2_PLACEMENT_3D ( 'NONE', #1947, #4468, #97 ) ;
#1759 = CARTESIAN_POINT ( 'NONE',  ( -0.002683012700000000049, 3.285742915126697848E-19, 0.002349999998907525457 ) ) ;
#1760 = CARTESIAN_POINT ( 'NONE',  ( -0.0009319805153394637070, 0.002250000000000000697, 0.01145000000000000011 ) ) ;
#1761 = CARTESIAN_POINT ( 'NONE',  ( -0.001111340248359256062, 0.002683012700000000916, 0.004599999998907525721 ) ) ;
#1762 = CARTESIAN_POINT ( 'NONE',  ( 0.002249999999999999830, -0.0009319805153394653333, 0.01115000000000000019 ) ) ;
#1763 = CARTESIAN_POINT ( 'NONE',  ( -0.001111340248359257796, -0.002683012700000000049, 0.007199999998907526469 ) ) ;
#1764 = ORIENTED_EDGE ( 'NONE', *, *, #3965, .T. ) ;
#1765 = CARTESIAN_POINT ( 'NONE',  ( -0.0009319805153394637070, 0.002250000000000000697, 0.002449999997815050651 ) ) ;
#1766 = CARTESIAN_POINT ( 'NONE',  ( 1.377727649040772196E-19, 0.002249999999999999830, 0.004799999997815051177 ) ) ;
#1767 = CARTESIAN_POINT ( 'NONE',  ( 0.001590990257669731497, -0.001590990257669732148, 0.007100000000000000408 ) ) ;
#1768 = CARTESIAN_POINT ( 'NONE',  ( 0.002683012700000000049, -0.001111340248359258013, 0.005099999998907525298 ) ) ;
#1769 = CARTESIAN_POINT ( 'NONE',  ( 1.642871457563348924E-19, 0.002683012700000000049, 0.01324999999890752629 ) ) ;
#1770 = CARTESIAN_POINT ( 'NONE',  ( -0.002250000000000000697, -0.0009319805153394634901, 0.003650000000000000466 ) ) ;
#1771 = ORIENTED_EDGE ( 'NONE', *, *, #3302, .T. ) ;
#1772 = CARTESIAN_POINT ( 'NONE',  ( 0.004000000000000000083, 4.898587196589412574E-19, 0.03100000000000000325 ) ) ;
#1773 = CARTESIAN_POINT ( 'NONE',  ( -0.001590990257669731714, 0.001590990257669731931, 0.01390000000000000090 ) ) ;
#1774 = CARTESIAN_POINT ( 'NONE',  ( 0.002683012700000000049, 0.000000000000000000, 0.005049999998907525600 ) ) ;
#1775 = CARTESIAN_POINT ( 'NONE',  ( -0.002683012700000000049, 3.285742915126697848E-19, 0.01194999999890752548 ) ) ;
#1776 = ORIENTED_EDGE ( 'NONE', *, *, #3616, .F. ) ;
#1777 = CARTESIAN_POINT ( 'NONE',  ( -0.001111340248359256062, 0.002683012700000000916, 0.01099999999890752429 ) ) ;
#1778 = CARTESIAN_POINT ( 'NONE',  ( 0.002249999999999999830, -0.0009319805153394653333, 0.01094999999781504953 ) ) ;
#1779 = CARTESIAN_POINT ( 'NONE',  ( 0.001590990257669731931, 0.001590990257669731931, 0.008099999999999999561 ) ) ;
#1780 = CARTESIAN_POINT ( 'NONE',  ( 0.002249999999999999830, 0.000000000000000000, 0.000000000000000000 ) ) ;
#1781 = CARTESIAN_POINT ( 'NONE',  ( -0.002683012700000000049, 3.285742915126697848E-19, 0.01104999999890752573 ) ) ;
#1782 = CARTESIAN_POINT ( 'NONE',  ( -4.928614372690046772E-19, -0.002683012700000000049, 0.0009499999989075252546 ) ) ;
#1783 = CARTESIAN_POINT ( 'NONE',  ( -0.002249999999999999830, 2.755455298081544393E-19, 0.01219999999781505064 ) ) ;
#1784 = CARTESIAN_POINT ( 'NONE',  ( 0.002683012700000000916, 0.001111340248359256279, 0.004399999998907525196 ) ) ;
#1785 = CARTESIAN_POINT ( 'NONE',  ( 0.001590990257669731931, 0.001590990257669731931, 0.01530000000000000110 ) ) ;
#1786 = CARTESIAN_POINT ( 'NONE',  ( 1.642871457563348924E-19, 0.002683012700000000049, 0.006049999998907525621 ) ) ;
#1787 = EDGE_LOOP ( 'NONE', ( #2600, #3814 ) ) ;
#1788 = CARTESIAN_POINT ( 'NONE',  ( -0.0009319805153394651164, -0.002249999999999999830, 0.001149999997815050277 ) ) ;
#1789 = CARTESIAN_POINT ( 'NONE',  ( 0.001590990257669731931, 0.001590990257669731931, 0.004699999997815050914 ) ) ;
#1790 = CARTESIAN_POINT ( 'NONE',  ( 0.002250000000000000697, 0.0009319805153394639238, 0.0006499999978150503748 ) ) ;
#1791 = CARTESIAN_POINT ( 'NONE',  ( 0.002683012700000000049, 0.000000000000000000, 0.007549999998907526086 ) ) ;
#1792 = CARTESIAN_POINT ( 'NONE',  ( -0.001111340248359257796, -0.002683012700000000049, 0.01279999999890752728 ) ) ;
#1793 = CARTESIAN_POINT ( 'NONE',  ( -4.133182947122316589E-19, -0.002249999999999999830, 0.005400000000000000286 ) ) ;
#1794 = ORIENTED_EDGE ( 'NONE', *, *, #152, .T. ) ;
#1795 = CARTESIAN_POINT ( 'NONE',  ( -0.001897176474179627838, 0.001897176474179628272, 0.01494999999890752641 ) ) ;
#1796 = CARTESIAN_POINT ( 'NONE',  ( 0.0009319805153394645743, -0.002249999999999999830, 0.001450000000000000334 ) ) ;
#1797 = CARTESIAN_POINT ( 'NONE',  ( 0.002683012700000000916, 0.001111340248359256279, 0.0003999999989075252757 ) ) ;
#1798 = CARTESIAN_POINT ( 'NONE',  ( 0.001111340248359257146, -0.002683012700000000049, 0.004099999998907525277 ) ) ;
#1799 = CARTESIAN_POINT ( 'NONE',  ( 0.002683012700000000049, 0.000000000000000000, 0.004249999998907525237 ) ) ;
#1800 = CARTESIAN_POINT ( 'NONE',  ( 0.002683012700000000049, 0.000000000000000000, 0.01234999999890752480 ) ) ;
#1801 = CARTESIAN_POINT ( 'NONE',  ( 0.001590990257669731931, 0.001590990257669731931, 0.01029999999781504999 ) ) ;
#1802 = CARTESIAN_POINT ( 'NONE',  ( -0.0009319805153394651164, -0.002249999999999999830, 0.01394999999781505046 ) ) ;
#1803 = DIRECTION ( 'NONE',  ( -0.000000000000000000, -0.000000000000000000, -1.000000000000000000 ) ) ;
#1804 = CARTESIAN_POINT ( 'NONE',  ( -0.001111340248359257796, -0.002683012700000000049, 0.008799999998907525461 ) ) ;
#1805 = CARTESIAN_POINT ( 'NONE',  ( -0.001897176474179628489, -0.001897176474179627838, 0.0008499999989075252092 ) ) ;
#1806 = CARTESIAN_POINT ( 'NONE',  ( -0.001590990257669731714, 0.001590990257669731931, 0.009699999997815050151 ) ) ;
#1807 = CARTESIAN_POINT ( 'NONE',  ( 0.001111340248359257146, -0.002683012700000000049, 0.007399999998907526126 ) ) ;
#1808 = CARTESIAN_POINT ( 'NONE',  ( 0.002250000000000000697, 0.0009319805153394639238, 0.01444999999999999930 ) ) ;
#1809 = CARTESIAN_POINT ( 'NONE',  ( -0.002683012700000000916, -0.001111340248359255845, 0.005499999998907525479 ) ) ;
#1810 = ORIENTED_EDGE ( 'NONE', *, *, #4100, .F. ) ;
#1811 = EDGE_CURVE ( 'NONE', #820, #1743, #2012, .T. ) ;
#1812 = EDGE_LOOP ( 'NONE', ( #3583, #1182, #342, #2536 ) ) ;
#1813 = CARTESIAN_POINT ( 'NONE',  ( -4.133182947122316589E-19, -0.002249999999999999830, 0.001199999997815050408 ) ) ;
#1814 = CARTESIAN_POINT ( 'NONE',  ( 0.002250000000000000697, 0.0009319805153394639238, 0.005449999997815050713 ) ) ;
#1815 = CARTESIAN_POINT ( 'NONE',  ( -4.928614372690046772E-19, -0.002683012700000000049, 0.008149999998907525925 ) ) ;
#1816 = CARTESIAN_POINT ( 'NONE',  ( 0.0009319805153394640322, 0.002250000000000000697, 0.01274999999781505078 ) ) ;
#1817 = CARTESIAN_POINT ( 'NONE',  ( 0.002250000000000000697, 0.0009319805153394639238, 0.007250000000000000368 ) ) ;
#1818 = ORIENTED_EDGE ( 'NONE', *, *, #136, .F. ) ;
#1819 = CARTESIAN_POINT ( 'NONE',  ( -0.001111340248359257796, -0.002683012700000000049, 0.01279999999890752728 ) ) ;
#1820 = CARTESIAN_POINT ( 'NONE',  ( 0.002249999999999999830, 0.000000000000000000, 0.008599999997815049868 ) ) ;
#1821 = LINE ( 'NONE', #818, #1670 ) ;
#1822 = CARTESIAN_POINT ( 'NONE',  ( 0.002683012700000000049, -0.001111340248359258013, 0.003399999998907525176 ) ) ;
#1823 = CARTESIAN_POINT ( 'NONE',  ( 0.002249999999999987253, 0.0009319805153394767174, 0.01424999999781505211 ) ) ;
#1824 = ORIENTED_EDGE ( 'NONE', *, *, #4465, .F. ) ;
#1825 = CARTESIAN_POINT ( 'NONE',  ( 0.001897176474179627622, -0.001897176474179628489, 0.01144999999890752504 ) ) ;
#1826 = CARTESIAN_POINT ( 'NONE',  ( 1.377727649040772196E-19, 0.002249999999999999830, 0.01439999999781505120 ) ) ;
#1827 = CARTESIAN_POINT ( 'NONE',  ( -0.002249999999999999830, 2.755455298081544393E-19, 0.008999999997815050917 ) ) ;
#1828 = CARTESIAN_POINT ( 'NONE',  ( 0.001590990257669731931, 0.001590990257669731931, 0.004100000000000000346 ) ) ;
#1829 = VECTOR ( 'NONE', #236, 1.000000000000000000 ) ;
#1830 = CARTESIAN_POINT ( 'NONE',  ( 0.001897176474179628272, 0.001897176474179628272, 0.009949999998907525442 ) ) ;
#1831 = ORIENTED_EDGE ( 'NONE', *, *, #3807, .F. ) ;
#1832 = ADVANCED_FACE ( 'NONE', ( #3498 ), #234, .F. ) ;
#1833 = CARTESIAN_POINT ( 'NONE',  ( 0.002683012700000000049, -0.001111340248359258013, 0.001899999998907525361 ) ) ;
#1834 = EDGE_CURVE ( 'NONE', #1236, #1126, #4345, .T. ) ;
#1835 = DIRECTION ( 'NONE',  ( -1.000000000000000000, 0.000000000000000000, 0.000000000000000000 ) ) ;
#1836 = CARTESIAN_POINT ( 'NONE',  ( 0.001897176474179628272, 0.001897176474179628272, 0.007649999998907525481 ) ) ;
#1837 = CARTESIAN_POINT ( 'NONE',  ( -0.0009319805153394651164, -0.002249999999999999830, 0.01575000000000000011 ) ) ;
#1838 = CARTESIAN_POINT ( 'NONE',  ( 0.002683012700000000049, 0.000000000000000000, 0.005049999998907525600 ) ) ;
#1839 = CARTESIAN_POINT ( 'NONE',  ( 1.377727649040772196E-19, 0.002249999999999999830, 0.001599999997815050373 ) ) ;
#1840 = CARTESIAN_POINT ( 'NONE',  ( 0.001897176474179627622, -0.001897176474179628489, 0.008149999998907525925 ) ) ;
#1841 = CARTESIAN_POINT ( 'NONE',  ( -0.0009319805153394651164, -0.002249999999999999830, 0.004349999997815050430 ) ) ;
#1842 = AXIS2_PLACEMENT_3D ( 'NONE', #4567, #1253, #2719 ) ;
#1843 = CARTESIAN_POINT ( 'NONE',  ( 0.002683012700000000916, 0.001111340248359256279, 0.008399999998907524412 ) ) ;
#1844 = CYLINDRICAL_SURFACE ( 'NONE', #2908, 0.002249999999999999830 ) ;
#1845 = CARTESIAN_POINT ( 'NONE',  ( 0.002249999999999999830, -0.0009319805153394653333, 0.006350000000000000609 ) ) ;
#1846 = ORIENTED_EDGE ( 'NONE', *, *, #3410, .T. ) ;
#1847 = CARTESIAN_POINT ( 'NONE',  ( -0.001897176474179628489, -0.001897176474179627838, 0.01354999999890752621 ) ) ;
#1848 = CARTESIAN_POINT ( 'NONE',  ( -0.0009319805153394651164, -0.002249999999999999830, 0.008349999997815049646 ) ) ;
#1849 = CARTESIAN_POINT ( 'NONE',  ( -0.002249999999999999830, 0.000000000000000000, 0.01799999999999999864 ) ) ;
#1850 = CARTESIAN_POINT ( 'NONE',  ( 0.002683012700000000049, -0.001111340248359258013, 0.005799999998907525399 ) ) ;
#1851 = ORIENTED_EDGE ( 'NONE', *, *, #4410, .T. ) ;
#1852 = CYLINDRICAL_SURFACE ( 'NONE', #3843, 0.005000000000000000104 ) ;
#1853 = CARTESIAN_POINT ( 'NONE',  ( 0.002249999999999999830, -0.0009319805153394653333, 0.01574999999781504997 ) ) ;
#1854 = CYLINDRICAL_SURFACE ( 'NONE', #3769, 0.002249999999999999830 ) ;
#1855 = CARTESIAN_POINT ( 'NONE',  ( 0.002249999999999999830, 0.000000000000000000, 0.006999999997815050876 ) ) ;
#1856 = CARTESIAN_POINT ( 'NONE',  ( 0.001111340248359256495, 0.002683012700000000916, 0.009999999998907525139 ) ) ;
#1857 = CARTESIAN_POINT ( 'NONE',  ( 0.001111340248359257146, -0.002683012700000000049, 0.004999999998907525903 ) ) ;
#1858 = CARTESIAN_POINT ( 'NONE',  ( 0.002249999999999999830, 0.000000000000000000, 0.009399999997815050232 ) ) ;
#1859 = CARTESIAN_POINT ( 'NONE',  ( -4.928614372690046772E-19, -0.002683012700000000049, 0.005749999998907525701 ) ) ;
#1860 = CARTESIAN_POINT ( 'NONE',  ( 0.001590990257669731497, -0.001590990257669732148, 0.01430000000000000021 ) ) ;
#1861 = CARTESIAN_POINT ( 'NONE',  ( 0.001111340248359256495, 0.002683012700000000916, 0.005199999998907525560 ) ) ;
#1862 = ORIENTED_EDGE ( 'NONE', *, *, #3327, .F. ) ;
#1863 = CARTESIAN_POINT ( 'NONE',  ( -0.002249999999999999830, 2.755455298081544393E-19, 0.001799999997815050464 ) ) ;
#1864 = CARTESIAN_POINT ( 'NONE',  ( -0.001897176474179628489, -0.001897176474179627838, 0.009549999998907526128 ) ) ;
#1865 = CARTESIAN_POINT ( 'NONE',  ( -0.002250000000000000697, 0.0009319805153394642491, 0.004949999997815051136 ) ) ;
#1866 = CARTESIAN_POINT ( 'NONE',  ( -0.002683012700000000049, 3.285742915126697848E-19, 0.007149999998907525904 ) ) ;
#1867 = LINE ( 'NONE', #1195, #4621 ) ;
#1868 = CARTESIAN_POINT ( 'NONE',  ( 0.002249999999999999830, -0.0009319805153394653333, 0.004750000000000000749 ) ) ;
#1869 = ORIENTED_EDGE ( 'NONE', *, *, #4273, .F. ) ;
#1870 = CARTESIAN_POINT ( 'NONE',  ( 0.002683012700000000916, 0.001111340248359256279, 0.01309999999890752546 ) ) ;
#1871 = CARTESIAN_POINT ( 'NONE',  ( -0.001590990257669732148, -0.001590990257669731714, 0.009099999997815050312 ) ) ;
#1872 = CARTESIAN_POINT ( 'NONE',  ( -4.133182947122316589E-19, -0.002249999999999999830, 0.007800000000000000509 ) ) ;
#1873 = CARTESIAN_POINT ( 'NONE',  ( -0.001111340248359257796, -0.002683012700000000049, 0.008799999998907525461 ) ) ;
#1874 = APPLICATION_CONTEXT ( 'automotive_design' ) ;
#1875 = CARTESIAN_POINT ( 'NONE',  ( 0.001897176474179628272, 0.001897176474179628272, 0.0003499999989075251988 ) ) ;
#1876 = VERTEX_POINT ( 'NONE', #3176 ) ;
#1877 =( BOUNDED_SURFACE ( )  B_SPLINE_SURFACE ( 1, 2, ( 
 ( #3116, #3070, #2750, #933, #4231, #4599, #1283, #863, #3775, #4553, #2392, #2707, #4178, #3820, #2019, #1306, #1241, #3504, #3135, #2775, #4254, #1938, #269, #3907, #3555, #2463, #2507, #4738, #2841, #3228, #1392, #951, #974, #3253, #3182, #242, #1418, #2140, #4296, #3624, #1707, #1686, #3886, #4641, #4664, #2041, #3932, #1044, #1347, #4714, #2816, #998, #2867, #2089, #2895, #3528, #642, #4690, #3575, #292, #3205, #1733, #2416, #1370, #1325, #4349, #3980, #4325, #4275, #592, #1020, #3158, #687, #2487, #617, #2065, #3956, #339, #2792, #664, #2116, #1784, #2436, #3597, #316, #1761, #3724, #1093, #2998, #4005, #1164, #3329, #2639, #1541, #4425, #3741, #4102, #2264, #457, #808, #3276, #104, #2948, #787, #1910, #2584, #4448, #411, #1859, #54, #1115, #761, #4053, #2561, #2166, #2215, #3381, #2615, #2975, #3699, #4371, #4401, #1494, #1140, #4079, #2241, #437, #1070, #79, #3673, #2533, #4029, #1442, #1885, #3356, #712, #3647, #1515, #4473, #734, #365, #1807, #8, #2924, #2189, #387, #1836, #3304, #33, #1470, #878, #3767, #4569, #4497, #2340, #3789, #4197, #901, #3086, #927, #3811, #506, #3063, #2359, #3840, #484, #525, #547, #4125, #1640, #829, #4170, #1971, #1588, #2291, #3454, #1255, #4546, #175, #1932, #3407, #2721, #3923, #1996, #3479, #4148, #126, #1234, #4224, #3567, #1564, #3110, #1953, #150, #4595, #2316, #1614, #194, #3430, #1279, #4518, #1212, #2681, #3039, #2700, #856, #2745, #283, #2453, #633, #3020, #2080, #1187, #2660, #3614, #2832, #2130, #1408, #3971, #2882, #2105, #1358, #3243, #1749, #676, #4313, #4729, #332, #655, #4704, #2477, #4340, #1775, #1723, #3587, #307, #1385, #3197, #3220, #2858, #1011, #1033, #3946, #2499, #4678, #4644, #498, #143, #2396, #2439, #4668, #246, #3935, #1204, #1349, #272, #1737, #3577, #644, #621, #3187, #1580, #1712, #295, #3910, #3208, #3507, #3422, #2091, #2777, #3558, #3119, #2673, #2819, #2022, #3889, #4234, #3161, #4300, #1002, #936, #3139, #596, #2465, #4624, #222, #2309, #3870, #4602, #1329, #1945, #2795, #1286, #2754, #576, #2068, #4139, #1690, #847, #3783, #1664, #1309, #4258, #954, #2418, #2045, #3532, #4277, #977, #4057, #2589, #370, #716, #2871, #2489, #37, #3651, #415, #738, #4353, #2194 ),
 ( #1022, #1422, #1474, #2144, #3677, #3628, #343, #390, #1074, #3703, #3959, #1788, #1813, #3257, #2537, #2169, #4009, #2218, #4743, #3601, #1839, #2953, #2899, #3231, #1863, #3281, #666, #3308, #4375, #1049, #2511, #13, #4428, #4693, #1447, #4405, #1118, #1765, #1096, #2928, #1395, #4031, #3984, #767, #4327, #1373, #2563, #2844, #2119, #320, #4717, #692, #221, #3282, #14, #4406, #1448, #4454, #2170, #1050, #1120, #2220, #4010, #693, #2623, #2929, #2872, #2591, #3652, #344, #3258, #1097, #4059, #4084, #2564, #1841, #3704, #3985, #3311, #717, #3629, #1476, #1789, #769, #1766, #417, #4033, #1865, #2120, #371, #1499, #3334, #59, #2980, #1146, #2512, #3602, #1814, #38, #321, #740, #2196, #3679, #391, #2955, #4429, #3232, #4718, #4744, #1396, #4354, #2145, #1423, #2900, #4377, #1075, #2538, #3773, #3046, #3412, #2323, #861, #3795, #4525, #2272, #1239, #4176, #2705, #4153, #511, #1891, #792, #1520, #3436, #1193, #2665, #4129, #1595, #3091, #4480, #3747, #835, #3362, #1916, #2725, #109, #463, #3388, #2296, #2343, #4576, #2684, #3068, #883, #2245, #812, #1261, #3026, #84, #3727, #1976, #489, #3460, #1548, #3003, #440, #1169, #4502, #2644, #1936, #3818, #132, #4551, #1570, #1216, #529, #1957, #4107, #158, #179, #1621, #3570, #2501, #991, #2457, #3925, #1702, #285, #260, #4342, #1436, #2157, #3245, #2, #1801, #3642, #3618, #1412, #4657, #4732, #3270, #679, #4203, #1726, #3175, #358, #1013, #1778, #1341, #906, #2887, #3199, #2108, #636, #1387, #4365, #2525, #2082, #1361, #3589, #1063, #2835, #4681, #609, #4317, #2810, #2861, #3548, #1036, #4289, #2480, #3949, #2133, #3998, #3222, #2365, #3846, #706, #2059, #658, #309, #1753, #4707, #3974, #334, #4094, #2283, #822, #3348, #3718, #1108, #729, #3013, #1879, #3400, #3735, #2576, #451, #4046, #3372, #382, #781, #3666, #4467, #4395, #2232, #3691, #801, #2257, #2991, #3758, #431, #404, #2968, #1903, #96, #1826, #72, #120, #1135, #3323, #2183, #4072, #1509, #1489, #3294, #1158, #2633, #4442, #1534, #4021, #27, #4491, #476, #1179, #2654, #755, #1463, #2603, #4119, #2916, #2942, #1926, #1853, #49, #1089, #2208, #2553, #4418, #2695, #894, #2009, #3515, #541, #1273, #1652, #3424, #2737, #169, #3057, #920 ) ),
 .UNSPECIFIED., .F., .F., .T. ) 
 B_SPLINE_SURFACE_WITH_KNOTS ( ( 2, 2 ),
 ( 3, 2, 2, 2, 2, 2, 2, 2, 2, 2, 2, 2, 2, 2, 2, 2, 2, 2, 2, 2, 2, 2, 2, 2, 2, 2, 2, 2, 2, 2, 2, 2, 2, 2, 2, 2, 2, 2, 2, 2, 2, 2, 2, 2, 2, 2, 2, 2, 2, 2, 2, 2, 2, 2, 2, 2, 2, 2, 2, 2, 2, 2, 2, 2, 2, 2, 2, 2, 2, 2, 2, 2, 2, 2, 2, 2, 2, 2, 2, 2, 2, 2, 2, 2, 2, 2, 2, 2, 2, 2, 2, 2, 2, 2, 2, 2, 2, 2, 2, 2, 2, 2, 2, 2, 2, 2, 2, 2, 2, 2, 2, 2, 2, 2, 2, 2, 2, 2, 2, 2, 2, 2, 2, 2, 2, 2, 2, 2, 2, 2, 2, 2, 2, 2, 2, 2, 2, 2, 2, 2, 2, 2, 2, 2, 2, 2, 2, 2, 2, 2, 2, 2, 2, 2, 2, 2, 2, 2, 2, 2, 3 ),
 ( 0.000000000000000000, 1.000000000000000000 ),
 ( 0.000000000000000000, 0.006250000000000000347, 0.01250000000000000069, 0.01874999999999999931, 0.02500000000000000139, 0.03125000000000000000, 0.03749999999999999861, 0.04374999999999999722, 0.05000000000000000278, 0.05625000000000000139, 0.06250000000000000000, 0.06875000000000000555, 0.07499999999999999722, 0.08125000000000000278, 0.08749999999999999445, 0.09375000000000000000, 0.1000000000000000056, 0.1062499999999999972, 0.1125000000000000028, 0.1187499999999999944, 0.1250000000000000000, 0.1312500000000000056, 0.1375000000000000111, 0.1437499999999999889, 0.1499999999999999944, 0.1562500000000000000, 0.1625000000000000056, 0.1687500000000000111, 0.1749999999999999889, 0.1812499999999999944, 0.1875000000000000000, 0.1937500000000000056, 0.2000000000000000111, 0.2062499999999999889, 0.2124999999999999944, 0.2187500000000000000, 0.2250000000000000056, 0.2312500000000000111, 0.2374999999999999889, 0.2437499999999999944, 0.2500000000000000000, 0.2562499999999999778, 0.2625000000000000111, 0.2687499999999999889, 0.2750000000000000222, 0.2812500000000000000, 0.2874999999999999778, 0.2937500000000000111, 0.2999999999999999889, 0.3062500000000000222, 0.3125000000000000000, 0.3187499999999999778, 0.3250000000000000111, 0.3312499999999999889, 0.3375000000000000222, 0.3437500000000000000, 0.3499999999999999778, 0.3562500000000000111, 0.3624999999999999889, 0.3687500000000000222, 0.3750000000000000000, 0.3812499999999999778, 0.3875000000000000111, 0.3937499999999999889, 0.4000000000000000222, 0.4062500000000000000, 0.4124999999999999778, 0.4187500000000000111, 0.4249999999999999889, 0.4312500000000000222, 0.4375000000000000000, 0.4437499999999999778, 0.4500000000000000111, 0.4562499999999999889, 0.4625000000000000222, 0.4687500000000000000, 0.4749999999999999778, 0.4812500000000000111, 0.4874999999999999889, 0.4937500000000000222, 0.5000000000000000000, 0.5062499999999999778, 0.5124999999999999556, 0.5187500000000000444, 0.5250000000000000222, 0.5312500000000000000, 0.5374999999999999778, 0.5437499999999999556, 0.5500000000000000444, 0.5562500000000000222, 0.5625000000000000000, 0.5687499999999999778, 0.5749999999999999556, 0.5812500000000000444, 0.5875000000000000222, 0.5937500000000000000, 0.5999999999999999778, 0.6062499999999999556, 0.6125000000000000444, 0.6187500000000000222, 0.6250000000000000000, 0.6312499999999999778, 0.6374999999999999556, 0.6437500000000000444, 0.6500000000000000222, 0.6562500000000000000, 0.6624999999999999778, 0.6687499999999999556, 0.6750000000000000444, 0.6812500000000000222, 0.6875000000000000000, 0.6937499999999999778, 0.6999999999999999556, 0.7062500000000000444, 0.7125000000000000222, 0.7187500000000000000, 0.7249999999999999778, 0.7312499999999999556, 0.7375000000000000444, 0.7437500000000000222, 0.7500000000000000000, 0.7562499999999999778, 0.7624999999999999556, 0.7687500000000000444, 0.7750000000000000222, 0.7812500000000000000, 0.7874999999999999778, 0.7937499999999999556, 0.8000000000000000444, 0.8062500000000000222, 0.8125000000000000000, 0.8187499999999999778, 0.8249999999999999556, 0.8312500000000000444, 0.8375000000000000222, 0.8437500000000000000, 0.8499999999999999778, 0.8562499999999999556, 0.8625000000000000444, 0.8687500000000000222, 0.8750000000000000000, 0.8812499999999999778, 0.8874999999999999556, 0.8937500000000000444, 0.9000000000000000222, 0.9062500000000000000, 0.9124999999999999778, 0.9187499999999999556, 0.9250000000000000444, 0.9312500000000000222, 0.9375000000000000000, 0.9437499999999999778, 0.9499999999999999556, 0.9562500000000000444, 0.9625000000000000222, 0.9687500000000000000, 0.9749999999999999778, 0.9812499999999999556, 0.9875000000000000444, 0.9937500000000000222, 1.000000000000000000 ),
 .UNSPECIFIED. ) 
 GEOMETRIC_REPRESENTATION_ITEM ( )  RATIONAL_B_SPLINE_SURFACE ( (
 ( 1.000000000000000000, 0.9238795325112867385, 1.000000000000000000, 0.9238795325112867385, 1.000000000000000000, 0.9238795325112867385, 1.000000000000000000, 0.9238795325112867385, 1.000000000000000000, 0.9238795325112867385, 1.000000000000000000, 0.9238795325112867385, 1.000000000000000000, 0.9238795325112867385, 1.000000000000000000, 0.9238795325112867385, 1.000000000000000000, 0.9238795325112867385, 1.000000000000000000, 0.9238795325112867385, 1.000000000000000000, 0.9238795325112867385, 1.000000000000000000, 0.9238795325112867385, 1.000000000000000000, 0.9238795325112867385, 1.000000000000000000, 0.9238795325112867385, 1.000000000000000000, 0.9238795325112867385, 1.000000000000000000, 0.9238795325112867385, 1.000000000000000000, 0.9238795325112867385, 1.000000000000000000, 0.9238795325112867385, 1.000000000000000000, 0.9238795325112867385, 1.000000000000000000, 0.9238795325112867385, 1.000000000000000000, 0.9238795325112867385, 1.000000000000000000, 0.9238795325112867385, 1.000000000000000000, 0.9238795325112867385, 1.000000000000000000, 0.9238795325112867385, 1.000000000000000000, 0.9238795325112867385, 1.000000000000000000, 0.9238795325112867385, 1.000000000000000000, 0.9238795325112867385, 1.000000000000000000, 0.9238795325112867385, 1.000000000000000000, 0.9238795325112867385, 1.000000000000000000, 0.9238795325112867385, 1.000000000000000000, 0.9238795325112867385, 1.000000000000000000, 0.9238795325112867385, 1.000000000000000000, 0.9238795325112867385, 1.000000000000000000, 0.9238795325112867385, 1.000000000000000000, 0.9238795325112867385, 1.000000000000000000, 0.9238795325112867385, 1.000000000000000000, 0.9238795325112867385, 1.000000000000000000, 0.9238795325112867385, 1.000000000000000000, 0.9238795325112867385, 1.000000000000000000, 0.9238795325112867385, 1.000000000000000000, 0.9238795325112867385, 1.000000000000000000, 0.9238795325112867385, 1.000000000000000000, 0.9238795325112867385, 1.000000000000000000, 0.9238795325112867385, 1.000000000000000000, 0.9238795325112867385, 1.000000000000000000, 0.9238795325112867385, 1.000000000000000000, 0.9238795325112867385, 1.000000000000000000, 0.9238795325112867385, 1.000000000000000000, 0.9238795325112867385, 1.000000000000000000, 0.9238795325112867385, 1.000000000000000000, 0.9238795325112867385, 1.000000000000000000, 0.9238795325112867385, 1.000000000000000000, 0.9238795325112867385, 1.000000000000000000, 0.9238795325112867385, 1.000000000000000000, 0.9238795325112867385, 1.000000000000000000, 0.9238795325112867385, 1.000000000000000000, 0.9238795325112867385, 1.000000000000000000, 0.9238795325112867385, 1.000000000000000000, 0.9238795325112867385, 1.000000000000000000, 0.9238795325112867385, 1.000000000000000000, 0.9238795325112867385, 1.000000000000000000, 0.9238795325112867385, 1.000000000000000000, 0.9238795325112867385, 1.000000000000000000, 0.9238795325112867385, 1.000000000000000000, 0.9238795325112867385, 1.000000000000000000, 0.9238795325112867385, 1.000000000000000000, 0.9238795325112867385, 1.000000000000000000, 0.9238795325112867385, 1.000000000000000000, 0.9238795325112867385, 1.000000000000000000, 0.9238795325112867385, 1.000000000000000000, 0.9238795325112867385, 1.000000000000000000, 0.9238795325112867385, 1.000000000000000000, 0.9238795325112867385, 1.000000000000000000, 0.9238795325112867385, 1.000000000000000000, 0.9238795325112867385, 1.000000000000000000, 0.9238795325112867385, 1.000000000000000000, 0.9238795325112867385, 1.000000000000000000, 0.9238795325112867385, 1.000000000000000000, 0.9238795325112867385, 1.000000000000000000, 0.9238795325112867385, 1.000000000000000000, 0.9238795325112867385, 1.000000000000000000, 0.9238795325112867385, 1.000000000000000000, 0.9238795325112867385, 1.000000000000000000, 0.9238795325112867385, 1.000000000000000000, 0.9238795325112867385, 1.000000000000000000, 0.9238795325112867385, 1.000000000000000000, 0.9238795325112867385, 1.000000000000000000, 0.9238795325112867385, 1.000000000000000000, 0.9238795325112867385, 1.000000000000000000, 0.9238795325112867385, 1.000000000000000000, 0.9238795325112867385, 1.000000000000000000, 0.9238795325112867385, 1.000000000000000000, 0.9238795325112867385, 1.000000000000000000, 0.9238795325112867385, 1.000000000000000000, 0.9238795325112867385, 1.000000000000000000, 0.9238795325112867385, 1.000000000000000000, 0.9238795325112867385, 1.000000000000000000, 0.9238795325112867385, 1.000000000000000000, 0.9238795325112867385, 1.000000000000000000, 0.9238795325112867385, 1.000000000000000000, 0.9238795325112867385, 1.000000000000000000, 0.9238795325112867385, 1.000000000000000000, 0.9238795325112867385, 1.000000000000000000, 0.9238795325112867385, 1.000000000000000000, 0.9238795325112867385, 1.000000000000000000, 0.9238795325112867385, 1.000000000000000000, 0.9238795325112867385, 1.000000000000000000, 0.9238795325112867385, 1.000000000000000000, 0.9238795325112867385, 1.000000000000000000, 0.9238795325112867385, 1.000000000000000000, 0.9238795325112867385, 1.000000000000000000, 0.9238795325112867385, 1.000000000000000000, 0.9238795325112867385, 1.000000000000000000, 0.9238795325112867385, 1.000000000000000000, 0.9238795325112867385, 1.000000000000000000, 0.9238795325112867385, 1.000000000000000000, 0.9238795325112867385, 1.000000000000000000, 0.9238795325112867385, 1.000000000000000000, 0.9238795325112867385, 1.000000000000000000, 0.9238795325112867385, 1.000000000000000000, 0.9238795325112867385, 1.000000000000000000, 0.9238795325112867385, 1.000000000000000000, 0.9238795325112867385, 1.000000000000000000, 0.9238795325112867385, 1.000000000000000000, 0.9238795325112867385, 1.000000000000000000, 0.9238795325112867385, 1.000000000000000000, 0.9238795325112867385, 1.000000000000000000, 0.9238795325112867385, 1.000000000000000000, 0.9238795325112867385, 1.000000000000000000, 0.9238795325112867385, 1.000000000000000000, 0.9238795325112867385, 1.000000000000000000, 0.9238795325112867385, 1.000000000000000000, 0.9238795325112867385, 1.000000000000000000, 0.9238795325112867385, 1.000000000000000000, 0.9238795325112867385, 1.000000000000000000, 0.9238795325112867385, 1.000000000000000000, 0.9238795325112867385, 1.000000000000000000, 0.9238795325112867385, 1.000000000000000000, 0.9238795325112867385, 1.000000000000000000, 0.9238795325112867385, 1.000000000000000000, 0.9238795325112867385, 1.000000000000000000, 0.9238795325112867385, 1.000000000000000000, 0.9238795325112867385, 1.000000000000000000, 0.9238795325112867385, 1.000000000000000000, 0.9238795325112867385, 1.000000000000000000, 0.9238795325112867385, 1.000000000000000000, 0.9238795325112867385, 1.000000000000000000, 0.9238795325112867385, 1.000000000000000000, 0.9238795325112867385, 1.000000000000000000, 0.9238795325112867385, 1.000000000000000000, 0.9238795325112867385, 1.000000000000000000, 0.9238795325112867385, 1.000000000000000000, 0.9238795325112867385, 1.000000000000000000, 0.9238795325112867385, 1.000000000000000000, 0.9238795325112867385, 1.000000000000000000, 0.9238795325112867385, 1.000000000000000000, 0.9238795325112867385, 1.000000000000000000, 0.9238795325112867385, 1.000000000000000000, 0.9238795325112867385, 1.000000000000000000, 0.9238795325112867385, 1.000000000000000000),
 ( 1.000000000000000000, 0.9238795325112867385, 1.000000000000000000, 0.9238795325112867385, 1.000000000000000000, 0.9238795325112867385, 1.000000000000000000, 0.9238795325112867385, 1.000000000000000000, 0.9238795325112867385, 1.000000000000000000, 0.9238795325112867385, 1.000000000000000000, 0.9238795325112867385, 1.000000000000000000, 0.9238795325112867385, 1.000000000000000000, 0.9238795325112867385, 1.000000000000000000, 0.9238795325112867385, 1.000000000000000000, 0.9238795325112867385, 1.000000000000000000, 0.9238795325112867385, 1.000000000000000000, 0.9238795325112867385, 1.000000000000000000, 0.9238795325112867385, 1.000000000000000000, 0.9238795325112867385, 1.000000000000000000, 0.9238795325112867385, 1.000000000000000000, 0.9238795325112867385, 1.000000000000000000, 0.9238795325112867385, 1.000000000000000000, 0.9238795325112867385, 1.000000000000000000, 0.9238795325112867385, 1.000000000000000000, 0.9238795325112867385, 1.000000000000000000, 0.9238795325112867385, 1.000000000000000000, 0.9238795325112867385, 1.000000000000000000, 0.9238795325112867385, 1.000000000000000000, 0.9238795325112867385, 1.000000000000000000, 0.9238795325112867385, 1.000000000000000000, 0.9238795325112867385, 1.000000000000000000, 0.9238795325112867385, 1.000000000000000000, 0.9238795325112867385, 1.000000000000000000, 0.9238795325112867385, 1.000000000000000000, 0.9238795325112867385, 1.000000000000000000, 0.9238795325112867385, 1.000000000000000000, 0.9238795325112867385, 1.000000000000000000, 0.9238795325112867385, 1.000000000000000000, 0.9238795325112867385, 1.000000000000000000, 0.9238795325112867385, 1.000000000000000000, 0.9238795325112867385, 1.000000000000000000, 0.9238795325112867385, 1.000000000000000000, 0.9238795325112867385, 1.000000000000000000, 0.9238795325112867385, 1.000000000000000000, 0.9238795325112867385, 1.000000000000000000, 0.9238795325112867385, 1.000000000000000000, 0.9238795325112867385, 1.000000000000000000, 0.9238795325112867385, 1.000000000000000000, 0.9238795325112867385, 1.000000000000000000, 0.9238795325112867385, 1.000000000000000000, 0.9238795325112867385, 1.000000000000000000, 0.9238795325112867385, 1.000000000000000000, 0.9238795325112867385, 1.000000000000000000, 0.9238795325112867385, 1.000000000000000000, 0.9238795325112867385, 1.000000000000000000, 0.9238795325112867385, 1.000000000000000000, 0.9238795325112867385, 1.000000000000000000, 0.9238795325112867385, 1.000000000000000000, 0.9238795325112867385, 1.000000000000000000, 0.9238795325112867385, 1.000000000000000000, 0.9238795325112867385, 1.000000000000000000, 0.9238795325112867385, 1.000000000000000000, 0.9238795325112867385, 1.000000000000000000, 0.9238795325112867385, 1.000000000000000000, 0.9238795325112867385, 1.000000000000000000, 0.9238795325112867385, 1.000000000000000000, 0.9238795325112867385, 1.000000000000000000, 0.9238795325112867385, 1.000000000000000000, 0.9238795325112867385, 1.000000000000000000, 0.9238795325112867385, 1.000000000000000000, 0.9238795325112867385, 1.000000000000000000, 0.9238795325112867385, 1.000000000000000000, 0.9238795325112867385, 1.000000000000000000, 0.9238795325112867385, 1.000000000000000000, 0.9238795325112867385, 1.000000000000000000, 0.9238795325112867385, 1.000000000000000000, 0.9238795325112867385, 1.000000000000000000, 0.9238795325112867385, 1.000000000000000000, 0.9238795325112867385, 1.000000000000000000, 0.9238795325112867385, 1.000000000000000000, 0.9238795325112867385, 1.000000000000000000, 0.9238795325112867385, 1.000000000000000000, 0.9238795325112867385, 1.000000000000000000, 0.9238795325112867385, 1.000000000000000000, 0.9238795325112867385, 1.000000000000000000, 0.9238795325112867385, 1.000000000000000000, 0.9238795325112867385, 1.000000000000000000, 0.9238795325112867385, 1.000000000000000000, 0.9238795325112867385, 1.000000000000000000, 0.9238795325112867385, 1.000000000000000000, 0.9238795325112867385, 1.000000000000000000, 0.9238795325112867385, 1.000000000000000000, 0.9238795325112867385, 1.000000000000000000, 0.9238795325112867385, 1.000000000000000000, 0.9238795325112867385, 1.000000000000000000, 0.9238795325112867385, 1.000000000000000000, 0.9238795325112867385, 1.000000000000000000, 0.9238795325112867385, 1.000000000000000000, 0.9238795325112867385, 1.000000000000000000, 0.9238795325112867385, 1.000000000000000000, 0.9238795325112867385, 1.000000000000000000, 0.9238795325112867385, 1.000000000000000000, 0.9238795325112867385, 1.000000000000000000, 0.9238795325112867385, 1.000000000000000000, 0.9238795325112867385, 1.000000000000000000, 0.9238795325112867385, 1.000000000000000000, 0.9238795325112867385, 1.000000000000000000, 0.9238795325112867385, 1.000000000000000000, 0.9238795325112867385, 1.000000000000000000, 0.9238795325112867385, 1.000000000000000000, 0.9238795325112867385, 1.000000000000000000, 0.9238795325112867385, 1.000000000000000000, 0.9238795325112867385, 1.000000000000000000, 0.9238795325112867385, 1.000000000000000000, 0.9238795325112867385, 1.000000000000000000, 0.9238795325112867385, 1.000000000000000000, 0.9238795325112867385, 1.000000000000000000, 0.9238795325112867385, 1.000000000000000000, 0.9238795325112867385, 1.000000000000000000, 0.9238795325112867385, 1.000000000000000000, 0.9238795325112867385, 1.000000000000000000, 0.9238795325112867385, 1.000000000000000000, 0.9238795325112867385, 1.000000000000000000, 0.9238795325112867385, 1.000000000000000000, 0.9238795325112867385, 1.000000000000000000, 0.9238795325112867385, 1.000000000000000000, 0.9238795325112867385, 1.000000000000000000, 0.9238795325112867385, 1.000000000000000000, 0.9238795325112867385, 1.000000000000000000, 0.9238795325112867385, 1.000000000000000000, 0.9238795325112867385, 1.000000000000000000, 0.9238795325112867385, 1.000000000000000000, 0.9238795325112867385, 1.000000000000000000, 0.9238795325112867385, 1.000000000000000000, 0.9238795325112867385, 1.000000000000000000, 0.9238795325112867385, 1.000000000000000000, 0.9238795325112867385, 1.000000000000000000, 0.9238795325112867385, 1.000000000000000000, 0.9238795325112867385, 1.000000000000000000, 0.9238795325112867385, 1.000000000000000000, 0.9238795325112867385, 1.000000000000000000, 0.9238795325112867385, 1.000000000000000000, 0.9238795325112867385, 1.000000000000000000, 0.9238795325112867385, 1.000000000000000000, 0.9238795325112867385, 1.000000000000000000, 0.9238795325112867385, 1.000000000000000000, 0.9238795325112867385, 1.000000000000000000, 0.9238795325112867385, 1.000000000000000000, 0.9238795325112867385, 1.000000000000000000, 0.9238795325112867385, 1.000000000000000000, 0.9238795325112867385, 1.000000000000000000, 0.9238795325112867385, 1.000000000000000000, 0.9238795325112867385, 1.000000000000000000, 0.9238795325112867385, 1.000000000000000000, 0.9238795325112867385, 1.000000000000000000, 0.9238795325112867385, 1.000000000000000000, 0.9238795325112867385, 1.000000000000000000, 0.9238795325112867385, 1.000000000000000000, 0.9238795325112867385, 1.000000000000000000, 0.9238795325112867385, 1.000000000000000000, 0.9238795325112867385, 1.000000000000000000, 0.9238795325112867385, 1.000000000000000000, 0.9238795325112867385, 1.000000000000000000, 0.9238795325112867385, 1.000000000000000000) ) ) 
 REPRESENTATION_ITEM ( '' )  SURFACE ( )  );
#1878 = CARTESIAN_POINT ( 'NONE',  ( -4.928614372690046772E-19, -0.002683012700000000049, 0.01454999999890752536 ) ) ;
#1879 = CARTESIAN_POINT ( 'NONE',  ( 0.0009319805153394645743, -0.002249999999999999830, 0.01324999999781504775 ) ) ;
#1880 = CARTESIAN_POINT ( 'NONE',  ( 0.001590990257669731931, 0.001590990257669731931, 0.003899999997815050551 ) ) ;
#1881 = CARTESIAN_POINT ( 'NONE',  ( 0.002683012700000000916, 0.001111340248359256279, 0.01149999999890752647 ) ) ;
#1882 = CARTESIAN_POINT ( 'NONE',  ( -0.002683012700000000049, 3.285742915126697848E-19, 0.005549999998907526044 ) ) ;
#1883 = CARTESIAN_POINT ( 'NONE',  ( 0.002249999999999999830, 0.000000000000000000, 0.001600000000000000077 ) ) ;
#1884 = CARTESIAN_POINT ( 'NONE',  ( 0.002249999999999999830, 0.000000000000000000, 0.003799999997815050289 ) ) ;
#1885 = CARTESIAN_POINT ( 'NONE',  ( -0.001111340248359256062, 0.002683012700000000916, 0.006999999998907525944 ) ) ;
#1886 = CARTESIAN_POINT ( 'NONE',  ( -0.002250000000000000697, 0.0009319805153394642491, 0.01475000000000000096 ) ) ;
#1887 = CARTESIAN_POINT ( 'NONE',  ( -0.002683012700000000916, -0.001111340248359255845, 0.004699999998907525116 ) ) ;
#1888 = EDGE_CURVE ( 'NONE', #402, #509, #935, .T. ) ;
#1889 = VERTEX_POINT ( 'NONE', #4247 ) ;
#1890 = CARTESIAN_POINT ( 'NONE',  ( -0.002683012700000000049, 3.285742915126697848E-19, 0.01344999999890752508 ) ) ;
#1891 = CARTESIAN_POINT ( 'NONE',  ( 0.001590990257669731931, 0.001590990257669731931, 0.007099999997815051138 ) ) ;
#1892 = CARTESIAN_POINT ( 'NONE',  ( -4.928614372690046772E-19, -0.002683012700000000049, 0.007349999998907525561 ) ) ;
#1893 = DIRECTION ( 'NONE',  ( -0.000000000000000000, -0.000000000000000000, -1.000000000000000000 ) ) ;
#1894 = CARTESIAN_POINT ( 'NONE',  ( -0.002250000000000000697, -0.0009319805153394634901, 0.006050000000000001557 ) ) ;
#1895 = EDGE_CURVE ( 'NONE', #1230, #612, #1610, .T. ) ;
#1896 = CARTESIAN_POINT ( 'NONE',  ( 0.002683012700000000049, 0.000000000000000000, 0.01384999999890752613 ) ) ;
#1897 = CARTESIAN_POINT ( 'NONE',  ( -0.002249999999999999830, 2.755455298081544393E-19, 0.01059999999781504991 ) ) ;
#1898 = CARTESIAN_POINT ( 'NONE',  ( 0.002249999999999999830, 0.000000000000000000, 0.01200000000000000025 ) ) ;
#1899 = CARTESIAN_POINT ( 'NONE',  ( -0.001897176474179628489, -0.001897176474179627838, 0.008749999998907525764 ) ) ;
#1900 = ORIENTED_EDGE ( 'NONE', *, *, #3238, .T. ) ;
#1901 = ORIENTED_EDGE ( 'NONE', *, *, #2117, .F. ) ;
#1902 = CARTESIAN_POINT ( 'NONE',  ( -4.928614372690046772E-19, -0.002683012700000000049, 0.01614999999890752783 ) ) ;
#1903 = CARTESIAN_POINT ( 'NONE',  ( 0.001590990257669731931, 0.001590990257669731931, 0.01429999999781505007 ) ) ;
#1904 = CARTESIAN_POINT ( 'NONE',  ( -0.005000000000000000104, 6.123233995736765959E-19, 0.03100000000000000325 ) ) ;
#1905 = CARTESIAN_POINT ( 'NONE',  ( 0.002683012700000000049, 0.000000000000000000, 0.01224999999890752540 ) ) ;
#1906 = EDGE_CURVE ( 'NONE', #18, #1646, #4073, .T. ) ;
#1907 = CARTESIAN_POINT ( 'NONE',  ( -0.001111340248359256062, 0.002683012700000000916, 0.004599999998907525721 ) ) ;
#1908 = CARTESIAN_POINT ( 'NONE',  ( 0.0009319805153394640322, 0.002250000000000000697, 0.001750000000000000036 ) ) ;
#1909 = CARTESIAN_POINT ( 'NONE',  ( -0.001590990257669732148, -0.001590990257669731714, 0.01570000000000000215 ) ) ;
#1910 = CARTESIAN_POINT ( 'NONE',  ( -0.002683012700000000049, 3.285742915126697848E-19, 0.005549999998907526044 ) ) ;
#1911 = CARTESIAN_POINT ( 'NONE',  ( 0.001897176474179628272, 0.001897176474179628272, 0.001949999998907525275 ) ) ;
#1912 = EDGE_LOOP ( 'NONE', ( #4050, #2641, #2581, #984, #2517, #3307 ) ) ;
#1913 = ORIENTED_EDGE ( 'NONE', *, *, #157, .F. ) ;
#1914 = CARTESIAN_POINT ( 'NONE',  ( 0.001897176474179627622, -0.001897176474179628489, 0.01054999999890752528 ) ) ;
#1915 = CARTESIAN_POINT ( 'NONE',  ( -0.001111340248359256062, 0.002683012700000000916, 0.009299999998907525905 ) ) ;
#1916 = CARTESIAN_POINT ( 'NONE',  ( 0.002249999999999999830, -0.0009319805153394653333, 0.007749999997815050674 ) ) ;
#1917 = CARTESIAN_POINT ( 'NONE',  ( 0.001111340248359257146, -0.002683012700000000049, 0.01059999999890752498 ) ) ;
#1918 = CARTESIAN_POINT ( 'NONE',  ( 0.002249999999999999830, 0.000000000000000000, 0.01280000000000000061 ) ) ;
#1919 = CARTESIAN_POINT ( 'NONE',  ( 0.002249999999999999830, 0.000000000000000000, 0.01040000000000000126 ) ) ;
#1920 = PRODUCT ( 'Pin_f\X2\00fc\X0\r_Kugellager', 'Pin_f\X2\00fc\X0\r_Kugellager', '', ( #1680 ) ) ;
#1921 = CARTESIAN_POINT ( 'NONE',  ( 0.0009319805153394640322, 0.002250000000000000697, 0.004749999997815050612 ) ) ;
#1922 = CARTESIAN_POINT ( 'NONE',  ( -0.001897176474179628489, -0.001897176474179627838, 0.003249999998907525216 ) ) ;
#1923 = CARTESIAN_POINT ( 'NONE',  ( 0.002683012700000000049, 0.000000000000000000, 0.005849999998907525096 ) ) ;
#1924 = ORIENTED_EDGE ( 'NONE', *, *, #4257, .F. ) ;
#1925 = CARTESIAN_POINT ( 'NONE',  ( -0.001897176474179628489, -0.001897176474179627838, 0.01524999999890752460 ) ) ;
#1926 = CARTESIAN_POINT ( 'NONE',  ( 0.001590990257669731497, -0.001590990257669732148, 0.01569999999781505201 ) ) ;
#1927 = CARTESIAN_POINT ( 'NONE',  ( 0.001590990257669731497, -0.001590990257669732148, 0.01009999999781504947 ) ) ;
#1928 = CARTESIAN_POINT ( 'NONE',  ( -0.001897176474179628489, -0.001897176474179627838, 0.01194999999890752548 ) ) ;
#1929 = CARTESIAN_POINT ( 'NONE',  ( -0.001897176474179627838, 0.001897176474179628272, 0.004649999998907525418 ) ) ;
#1930 = CARTESIAN_POINT ( 'NONE',  ( 0.002249999999999999830, -0.0009319805153394653333, 0.002149999997815051165 ) ) ;
#1931 = CARTESIAN_POINT ( 'NONE',  ( -4.133182947122316589E-19, -0.002249999999999999830, 0.01580000000000000154 ) ) ;
#1932 = CARTESIAN_POINT ( 'NONE',  ( 0.001111340248359256495, 0.002683012700000000916, 0.009299999998907524171 ) ) ;
#1933 = CARTESIAN_POINT ( 'NONE',  ( 0.002683012700000000916, 0.001111340248359256279, 0.001899999998907525144 ) ) ;
#1934 = CARTESIAN_POINT ( 'NONE',  ( -4.928614372690046772E-19, -0.002683012700000000049, 0.01284999999890752524 ) ) ;
#1935 = CARTESIAN_POINT ( 'NONE',  ( -0.001897176474179627838, 0.001897176474179628272, 0.008549999998907525239 ) ) ;
#1936 = CARTESIAN_POINT ( 'NONE',  ( -0.002250000000000000697, -0.0009319805153394634901, 0.009049999997815050615 ) ) ;
#1937 = CARTESIAN_POINT ( 'NONE',  ( 0.002683012700000000049, 0.000000000000000000, 0.01314999999890752516 ) ) ;
#1938 = CARTESIAN_POINT ( 'NONE',  ( -0.001111340248359256062, 0.002683012700000000916, 0.001399999998907525568 ) ) ;
#1939 = CARTESIAN_POINT ( 'NONE',  ( -0.002250000000000000697, -0.0009319805153394634901, 0.01084999999999999853 ) ) ;
#1940 = CARTESIAN_POINT ( 'NONE',  ( -0.001590990257669732148, -0.001590990257669731714, 0.01549999999781504975 ) ) ;
#1941 = CARTESIAN_POINT ( 'NONE',  ( 0.000000000000000000, 0.000000000000000000, 0.01799999999999999864 ) ) ;
#1942 = CARTESIAN_POINT ( 'NONE',  ( 0.002683012700000000049, 0.000000000000000000, 0.003549999998907525135 ) ) ;
#1943 = CARTESIAN_POINT ( 'NONE',  ( -0.001897176474179628489, -0.001897176474179627838, 0.006349999998907525540 ) ) ;
#1944 = CARTESIAN_POINT ( 'NONE',  ( 0.002250000000000000697, 0.0009319805153394639238, 0.0008500000000000001695 ) ) ;
#1945 = CARTESIAN_POINT ( 'NONE',  ( 0.001897176474179628272, 0.001897176474179628272, 0.01484999999890752528 ) ) ;
#1946 = CARTESIAN_POINT ( 'NONE',  ( -0.002683012700000000916, 0.001111340248359256495, 0.01509999999890752551 ) ) ;
#1947 = CARTESIAN_POINT ( 'NONE',  ( 0.000000000000000000, 0.000000000000000000, 0.01799999999999999864 ) ) ;
#1948 = CARTESIAN_POINT ( 'NONE',  ( -0.002683012700000000049, 3.285742915126697848E-19, 0.0006499999989075252267 ) ) ;
#1949 = ADVANCED_FACE ( 'NONE', ( #2357 ), #1994, .F. ) ;
#1950 = CARTESIAN_POINT ( 'NONE',  ( 0.001897176474179627622, -0.001897176474179628489, 0.004249999998907525237 ) ) ;
#1951 = CARTESIAN_POINT ( 'NONE',  ( -0.002249999999999999830, 2.755455298081544393E-19, 0.001799999997815050464 ) ) ;
#1952 = CARTESIAN_POINT ( 'NONE',  ( 0.001590990257669731931, 0.001590990257669731931, 0.01290000000000000001 ) ) ;
#1953 = CARTESIAN_POINT ( 'NONE',  ( 0.002683012700000000049, 0.000000000000000000, 0.009949999998907525442 ) ) ;
#1954 = CARTESIAN_POINT ( 'NONE',  ( 0.002683012700000000916, 0.001111340248359256279, 0.004299999998907524934 ) ) ;
#1955 = ORIENTED_EDGE ( 'NONE', *, *, #683, .T. ) ;
#1956 = CARTESIAN_POINT ( 'NONE',  ( -0.002683012700000000916, -0.001111340248359255845, 0.01109999999890752542 ) ) ;
#1957 = CARTESIAN_POINT ( 'NONE',  ( 0.002249999999999999830, 0.000000000000000000, 0.009399999997815050232 ) ) ;
#1958 = CARTESIAN_POINT ( 'NONE',  ( -0.001111340248359256062, 0.002683012700000000916, 0.01099999999890752429 ) ) ;
#1959 = CYLINDRICAL_SURFACE ( 'NONE', #1228, 0.002249999999999999830 ) ;
#1960 = CARTESIAN_POINT ( 'NONE',  ( -0.001590990257669732148, -0.001590990257669731714, 0.009300000000000000974 ) ) ;
#1961 = ADVANCED_FACE ( 'NONE', ( #3643 ), #4343, .F. ) ;
#1962 = CARTESIAN_POINT ( 'NONE',  ( -0.002250000000000001998, 0.0009319805153394626228, 0.001749999997815050766 ) ) ;
#1963 = DIRECTION ( 'NONE',  ( 1.000000000000000000, 0.000000000000000000, 0.000000000000000000 ) ) ;
#1964 = CARTESIAN_POINT ( 'NONE',  ( 0.002683012700000000049, 0.000000000000000000, 0.002749999998907525639 ) ) ;
#1965 = CARTESIAN_POINT ( 'NONE',  ( -0.001111340248359256062, 0.002683012700000000916, 0.01089999999890752490 ) ) ;
#1966 = CYLINDRICAL_SURFACE ( 'NONE', #2757, 0.002249999999999999830 ) ;
#1967 = DIRECTION ( 'NONE',  ( -0.000000000000000000, -0.000000000000000000, -1.000000000000000000 ) ) ;
#1968 = CARTESIAN_POINT ( 'NONE',  ( -0.002683012700000000916, -0.001111340248359255845, 0.002299999998907525326 ) ) ;
#1969 = CARTESIAN_POINT ( 'NONE',  ( 0.001897176474179628272, 0.001897176474179628272, 0.009249999998907524473 ) ) ;
#1970 = CARTESIAN_POINT ( 'NONE',  ( -4.133182947122316589E-19, -0.002249999999999999830, 0.001999999997815050338 ) ) ;
#1971 = CARTESIAN_POINT ( 'NONE',  ( -4.928614372690046772E-19, -0.002683012700000000049, 0.008949999998907524554 ) ) ;
#1972 = CARTESIAN_POINT ( 'NONE',  ( 1.642871457563348924E-19, 0.002683012700000000049, 0.002849999998907525468 ) ) ;
#1973 = EDGE_CURVE ( 'NONE', #2884, #3744, #588, .T. ) ;
#1974 = VERTEX_POINT ( 'NONE', #3667 ) ;
#1975 = CARTESIAN_POINT ( 'NONE',  ( 0.002683012700000000049, -0.001111340248359258013, 0.01379999999890752817 ) ) ;
#1976 = CARTESIAN_POINT ( 'NONE',  ( 0.002249999999999999830, 0.000000000000000000, 0.008599999997815049868 ) ) ;
#1977 = CARTESIAN_POINT ( 'NONE',  ( 0.002683012700000000916, 0.001111340248359256279, 0.01239999999890752450 ) ) ;
#1978 = CARTESIAN_POINT ( 'NONE',  ( -0.002249999999999999830, 2.755455298081544393E-19, 0.01560000000000000102 ) ) ;
#1979 = CARTESIAN_POINT ( 'NONE',  ( 0.001590990257669731497, -0.001590990257669732148, 0.01030000000000000013 ) ) ;
#1980 = VECTOR ( 'NONE', #1176, 1.000000000000000000 ) ;
#1981 = CARTESIAN_POINT ( 'NONE',  ( 0.004000000000000000083, 4.898587196589412574E-19, 0.000000000000000000 ) ) ;
#1982 = CARTESIAN_POINT ( 'NONE',  ( 0.002683012700000000049, 0.000000000000000000, 0.01634999999890752662 ) ) ;
#1983 = CARTESIAN_POINT ( 'NONE',  ( -0.002249999999999999830, 2.755455298081544393E-19, 0.007599999999999999985 ) ) ;
#1984 = CARTESIAN_POINT ( 'NONE',  ( 0.001111340248359256495, 0.002683012700000000916, 0.0004999999989075251585 ) ) ;
#1985 = CARTESIAN_POINT ( 'NONE',  ( 1.642871457563348924E-19, 0.002683012700000000049, 0.01164999999890752556 ) ) ;
#1986 = CARTESIAN_POINT ( 'NONE',  ( 0.0009319805153394640322, 0.002250000000000000697, 0.01194999999781505041 ) ) ;
#1987 = VECTOR ( 'NONE', #435, 1.000000000000000000 ) ;
#1988 = DIRECTION ( 'NONE',  ( -0.000000000000000000, -0.000000000000000000, -1.000000000000000000 ) ) ;
#1989 = CARTESIAN_POINT ( 'NONE',  ( -0.002250000000000000697, -0.0009319805153394634901, 0.004249999997815050168 ) ) ;
#1990 = DIRECTION ( 'NONE',  ( -0.000000000000000000, -0.000000000000000000, -1.000000000000000000 ) ) ;
#1991 = CARTESIAN_POINT ( 'NONE',  ( 0.001111340248359256495, 0.002683012700000000916, 0.0003999999989075252757 ) ) ;
#1992 = VERTEX_POINT ( 'NONE', #2134 ) ;
#1993 = CARTESIAN_POINT ( 'NONE',  ( 0.002683012700000000049, 0.000000000000000000, 0.009149999998907525078 ) ) ;
#1994 = CYLINDRICAL_SURFACE ( 'NONE', #2456, 0.002249999999999999830 ) ;
#1995 = CARTESIAN_POINT ( 'NONE',  ( 0.001590990257669731497, -0.001590990257669732148, 0.004700000000000000185 ) ) ;
#1996 = CARTESIAN_POINT ( 'NONE',  ( -0.002683012700000000916, 0.001111340248359256495, 0.009499999998907524695 ) ) ;
#1997 = CARTESIAN_POINT ( 'NONE',  ( -4.928614372690046772E-19, -0.002683012700000000049, 0.002449999998907525286 ) ) ;
#1998 = ORIENTED_EDGE ( 'NONE', *, *, #1125, .T. ) ;
#1999 = ORIENTED_EDGE ( 'NONE', *, *, #2693, .F. ) ;
#2000 = CARTESIAN_POINT ( 'NONE',  ( -0.001111340248359257796, -0.002683012700000000049, 0.01599999999890752700 ) ) ;
#2001 = CARTESIAN_POINT ( 'NONE',  ( -0.001111340248359257796, -0.002683012700000000049, 0.01129999999890752248 ) ) ;
#2002 = CARTESIAN_POINT ( 'NONE',  ( 1.377727649040772196E-19, 0.002249999999999999830, 0.01039999999781504939 ) ) ;
#2003 = CARTESIAN_POINT ( 'NONE',  ( -0.0009319805153394651164, -0.002249999999999999830, 0.009350000000000000672 ) ) ;
#2004 = CARTESIAN_POINT ( 'NONE',  ( 0.000000000000000000, 0.000000000000000000, 0.000000000000000000 ) ) ;
#2005 = CARTESIAN_POINT ( 'NONE',  ( -4.928614372690046772E-19, -0.002683012700000000049, 0.0009499999989075252546 ) ) ;
#2006 = CARTESIAN_POINT ( 'NONE',  ( -0.001111340248359257796, -0.002683012700000000049, 0.01039999999890752619 ) ) ;
#2007 = CARTESIAN_POINT ( 'NONE',  ( 0.001590990257669731931, 0.001590990257669731931, 0.002299999997815050691 ) ) ;
#2008 = FACE_OUTER_BOUND ( 'NONE', #301, .T. ) ;
#2009 = CARTESIAN_POINT ( 'NONE',  ( -0.002250000000000000697, 0.0009319805153394642491, 0.01614999999781505102 ) ) ;
#2010 = CARTESIAN_POINT ( 'NONE',  ( 0.002683012700000000049, -0.001111340248359258013, 0.001799999998907525099 ) ) ;
#2011 = CARTESIAN_POINT ( 'NONE',  ( 0.001111340248359256495, 0.002683012700000000916, 0.008499999998907525542 ) ) ;
#2012 = LINE ( 'NONE', #4269, #24 ) ;
#2013 = DIRECTION ( 'NONE',  ( -1.000000000000000000, 0.000000000000000000, 0.000000000000000000 ) ) ;
#2014 = CARTESIAN_POINT ( 'NONE',  ( 0.001111340248359257146, -0.002683012700000000049, 0.007299999998907525864 ) ) ;
#2015 = ORIENTED_EDGE ( 'NONE', *, *, #3404, .T. ) ;
#2016 =( BOUNDED_CURVE ( )  B_SPLINE_CURVE ( 2, ( #1114, #2240, #2214, #1069, #53, #3252, #2139, #7, #1469 ),
 .UNSPECIFIED., .F., .F. ) 
 B_SPLINE_CURVE_WITH_KNOTS ( ( 3, 2, 2, 2, 3 ),
 ( 0.8250000000000000666, 0.8312500000000001554, 0.8375000000000001332, 0.8437500000000001110, 0.8500000000000000888 ),
 .UNSPECIFIED. ) 
 CURVE ( )  GEOMETRIC_REPRESENTATION_ITEM ( )  RATIONAL_B_SPLINE_CURVE ( ( 0.9999999999999986677, 0.9238795325112880708, 1.000000000000000000, 0.9238795325112867385, 1.000000000000000000, 0.9238795325112867385, 1.000000000000000000, 0.9238795325112854062, 1.000000000000001332 ) ) 
 REPRESENTATION_ITEM ( '' )  );
#2017 = CARTESIAN_POINT ( 'NONE',  ( 0.002683012700000000049, 0.000000000000000000, 0.01464999999890752649 ) ) ;
#2018 = CARTESIAN_POINT ( 'NONE',  ( -0.001111340248359256062, 0.002683012700000000916, 0.01579999999890752474 ) ) ;
#2019 = CARTESIAN_POINT ( 'NONE',  ( 0.001897176474179627622, -0.001897176474179628489, 0.001049999998907525083 ) ) ;
#2020 = CARTESIAN_POINT ( 'NONE',  ( -0.002249999999999999830, 2.755455298081544393E-19, 0.01400000000000000029 ) ) ;
#2021 = CARTESIAN_POINT ( 'NONE',  ( -0.002249999999999999830, 2.755455298081544393E-19, 0.006599999997815050694 ) ) ;
#2022 = CARTESIAN_POINT ( 'NONE',  ( 0.001897176474179628272, 0.001897176474179628272, 0.01404999999890752492 ) ) ;
#2023 = CARTESIAN_POINT ( 'NONE',  ( -0.002250000000000000697, -0.0009319805153394634901, 0.01004999999999999991 ) ) ;
#2024 = CARTESIAN_POINT ( 'NONE',  ( -0.001897176474179628489, -0.001897176474179627838, 0.006449999998907525803 ) ) ;
#2025 = CARTESIAN_POINT ( 'NONE',  ( 0.001111340248359256495, 0.002683012700000000916, 0.009999999998907525139 ) ) ;
#2026 = ADVANCED_FACE ( 'NONE', ( #3619 ), #4047, .F. ) ;
#2027 = CARTESIAN_POINT ( 'NONE',  ( -0.001590990257669731714, 0.001590990257669731931, 0.002499999997815050348 ) ) ;
#2028 = ORIENTED_EDGE ( 'NONE', *, *, #1055, .F. ) ;
#2029 = CARTESIAN_POINT ( 'NONE',  ( 0.001590990257669731931, 0.001590990257669731931, 0.008899999999999999925 ) ) ;
#2030 = EDGE_CURVE ( 'NONE', #2631, #2898, #122, .T. ) ;
#2031 = DIRECTION ( 'NONE',  ( -1.000000000000000000, 0.000000000000000000, 0.000000000000000000 ) ) ;
#2032 = CARTESIAN_POINT ( 'NONE',  ( -0.002683012700000000049, 3.285742915126697848E-19, 0.001449999998907525265 ) ) ;
#2033 = CARTESIAN_POINT ( 'NONE',  ( -4.928614372690046772E-19, -0.002683012700000000049, 0.003249999998907525216 ) ) ;
#2034 = CARTESIAN_POINT ( 'NONE',  ( 0.002683012700000000049, -0.001111340248359258013, 0.009899999998907525744 ) ) ;
#2035 = CARTESIAN_POINT ( 'NONE',  ( -0.002249999999999999830, 0.000000000000000000, 0.01799999999999999864 ) ) ;
#2036 = DIRECTION ( 'NONE',  ( -0.000000000000000000, -0.000000000000000000, -1.000000000000000000 ) ) ;
#2037 = EDGE_CURVE ( 'NONE', #1718, #4475, #4534, .T. ) ;
#2038 = CARTESIAN_POINT ( 'NONE',  ( -0.001111340248359256062, 0.002683012700000000916, 0.007699999998907526046 ) ) ;
#2039 = CARTESIAN_POINT ( 'NONE',  ( -0.001897176474179628489, -0.001897176474179627838, 0.01594999999890752904 ) ) ;
#2040 = CARTESIAN_POINT ( 'NONE',  ( -0.001111340248359257796, -0.002683012700000000049, 0.01369999999890752704 ) ) ;
#2041 = CARTESIAN_POINT ( 'NONE',  ( 0.001111340248359257146, -0.002683012700000000049, 0.002599999998907525679 ) ) ;
#2042 = CARTESIAN_POINT ( 'NONE',  ( -0.002250000000000000697, -0.0009319805153394634901, 0.01325000000000000136 ) ) ;
#2043 = CARTESIAN_POINT ( 'NONE',  ( -0.0009319805153394651164, -0.002249999999999999830, 0.01154999999781504937 ) ) ;
#2044 =( BOUNDED_CURVE ( )  B_SPLINE_CURVE ( 2, ( #1780, #1755, #3951, #4734, #730, #3247, #2185, #1555, #1414 ),
 .UNSPECIFIED., .F., .F. ) 
 B_SPLINE_CURVE_WITH_KNOTS ( ( 3, 2, 2, 2, 3 ),
 ( 0.000000000000000000, 0.006250000000000001214, 0.01250000000000000243, 0.01874999999999999931, 0.02500000000000000486 ),
 .UNSPECIFIED. ) 
 CURVE ( )  GEOMETRIC_REPRESENTATION_ITEM ( )  RATIONAL_B_SPLINE_CURVE ( ( 1.000000000000000000, 0.9238795325112867385, 1.000000000000000000, 0.9238795325112867385, 1.000000000000000000, 0.9238795325112867385, 1.000000000000000000, 0.9238795325112867385, 1.000000000000000000 ) ) 
 REPRESENTATION_ITEM ( '' )  );
#2045 = CARTESIAN_POINT ( 'NONE',  ( 0.002683012700000000916, 0.001111340248359256279, 0.01559999999890752595 ) ) ;
#2046 = LINE ( 'NONE', #2796, #922 ) ;
#2047 = LINE ( 'NONE', #1375, #1449 ) ;
#2048 = CARTESIAN_POINT ( 'NONE',  ( 0.001111340248359256495, 0.002683012700000000916, 0.003699999998907525095 ) ) ;
#2049 = CARTESIAN_POINT ( 'NONE',  ( 0.002683012700000000049, -0.001111340248359258013, 0.008999999998907525986 ) ) ;
#2050 = CIRCLE ( 'NONE', #11, 0.002249999999999999830 ) ;
#2051 = CARTESIAN_POINT ( 'NONE',  ( -0.001590990257669731714, 0.001590990257669731931, 0.002700000000000000143 ) ) ;
#2052 = COLOUR_RGB ( '',0.7921568627450980005, 0.8196078431372548767, 0.9333333333333333481 ) ;
#2053 = CARTESIAN_POINT ( 'NONE',  ( 0.002249999999999999830, -0.0009319805153394653333, 0.01654999999781505207 ) ) ;
#2054 = CARTESIAN_POINT ( 'NONE',  ( -0.002249999999999999830, 0.000000000000000000, 0.01799999999999999864 ) ) ;
#2055 =( BOUNDED_CURVE ( )  B_SPLINE_CURVE ( 2, ( #148, #1586, #2996, #4168, #4099, #876, #2238, #2338, #3809 ),
 .UNSPECIFIED., .F., .F. ) 
 B_SPLINE_CURVE_WITH_KNOTS ( ( 3, 2, 2, 2, 3 ),
 ( 0.3500000000000000333, 0.3562500000000000666, 0.3625000000000000444, 0.3687500000000000222, 0.3750000000000000000 ),
 .UNSPECIFIED. ) 
 CURVE ( )  GEOMETRIC_REPRESENTATION_ITEM ( )  RATIONAL_B_SPLINE_CURVE ( ( 0.9999999999999993339, 0.9238795325112874046, 1.000000000000000000, 0.9238795325112867385, 1.000000000000000000, 0.9238795325112867385, 1.000000000000000000, 0.9238795325112867385, 1.000000000000000000 ) ) 
 REPRESENTATION_ITEM ( '' )  );
#2056 = CARTESIAN_POINT ( 'NONE',  ( 0.0009319805153394645743, -0.002249999999999999830, 0.008649999999999999703 ) ) ;
#2057 = CARTESIAN_POINT ( 'NONE',  ( -0.001111340248359257796, -0.002683012700000000049, 0.008899999998907524856 ) ) ;
#2058 = AXIS2_PLACEMENT_3D ( 'NONE', #2004, #1245, #4182 ) ;
#2059 = CARTESIAN_POINT ( 'NONE',  ( 0.001590990257669731497, -0.001590990257669732148, 0.01249999999781505056 ) ) ;
#2060 = DIRECTION ( 'NONE',  ( 0.000000000000000000, 0.000000000000000000, 1.000000000000000000 ) ) ;
#2061 = CARTESIAN_POINT ( 'NONE',  ( -0.002249999999999999830, 2.755455298081544393E-19, 0.004400000000000000265 ) ) ;
#2062 = CARTESIAN_POINT ( 'NONE',  ( 0.002683012700000000049, 0.000000000000000000, 0.005849999998907525096 ) ) ;
#2063 = CARTESIAN_POINT ( 'NONE',  ( -0.001111340248359256062, 0.002683012700000000916, 0.01409999999890752635 ) ) ;
#2064 = CARTESIAN_POINT ( 'NONE',  ( -0.001111340248359257796, -0.002683012700000000049, 0.01609999999890752639 ) ) ;
#2065 = CARTESIAN_POINT ( 'NONE',  ( -0.001111340248359257796, -0.002683012700000000049, 0.004099999998907525277 ) ) ;
#2066 = CARTESIAN_POINT ( 'NONE',  ( 0.0009319805153394645743, -0.002249999999999999830, 0.01185000000000000289 ) ) ;
#2067 = ORIENTED_EDGE ( 'NONE', *, *, #1607, .F. ) ;
#2068 = CARTESIAN_POINT ( 'NONE',  ( -0.002683012700000000916, 0.001111340248359256495, 0.01509999999890752551 ) ) ;
#2069 = DIRECTION ( 'NONE',  ( -0.000000000000000000, -0.000000000000000000, -1.000000000000000000 ) ) ;
#2070 = CARTESIAN_POINT ( 'NONE',  ( -0.002250000000000000697, -0.0009319805153394634901, 0.01304999999781505070 ) ) ;
#2071 = CARTESIAN_POINT ( 'NONE',  ( 0.002683012700000000916, 0.001111340248359256279, 0.005999999998907525924 ) ) ;
#2072 = CARTESIAN_POINT ( 'NONE',  ( 0.001897176474179627622, -0.001897176474179628489, 0.01374999999890752500 ) ) ;
#2073 = CARTESIAN_POINT ( 'NONE',  ( 0.002250000000000000697, 0.0009319805153394639238, 0.004049999999999999781 ) ) ;
#2074 =( BOUNDED_CURVE ( )  B_SPLINE_CURVE ( 2, ( #1008, #2472, #2520, #2853, #985, #3193, #651, #3239, #2448 ),
 .UNSPECIFIED., .F., .T. ) 
 B_SPLINE_CURVE_WITH_KNOTS ( ( 3, 2, 2, 2, 3 ),
 ( 0.1749999999999999611, 0.1812499999999999667, 0.1874999999999999722, 0.1937499999999999778, 0.1999999999999999833 ),
 .UNSPECIFIED. ) 
 CURVE ( )  GEOMETRIC_REPRESENTATION_ITEM ( )  RATIONAL_B_SPLINE_CURVE ( ( 1.000000000000000444, 0.9238795325112864054, 1.000000000000000000, 0.9238795325112867385, 1.000000000000000000, 0.9238795325112867385, 1.000000000000000000, 0.9238795325112870716, 0.9999999999999996669 ) ) 
 REPRESENTATION_ITEM ( '' )  );
#2075 = ORIENTED_EDGE ( 'NONE', *, *, #409, .F. ) ;
#2076 = CARTESIAN_POINT ( 'NONE',  ( -0.0009319805153394651164, -0.002249999999999999830, 0.01415000000000000112 ) ) ;
#2077 = CARTESIAN_POINT ( 'NONE',  ( 0.002249999999999999830, -0.0009319805153394653333, 0.0007500000000000000156 ) ) ;
#2078 = CARTESIAN_POINT ( 'NONE',  ( 0.001111340248359256495, 0.002683012700000000916, 0.003599999998907525266 ) ) ;
#2079 = CARTESIAN_POINT ( 'NONE',  ( -0.002683012700000000049, 3.285742915126697848E-19, 0.001449999998907525265 ) ) ;
#2080 = CARTESIAN_POINT ( 'NONE',  ( 0.001111340248359256495, 0.002683012700000000916, 0.01089999999890752490 ) ) ;
#2081 = CARTESIAN_POINT ( 'NONE',  ( -0.001111340248359256062, 0.002683012700000000916, 0.01339999999890752538 ) ) ;
#2082 = CARTESIAN_POINT ( 'NONE',  ( -0.002250000000000000697, -0.0009319805153394634901, 0.01144999999781504997 ) ) ;
#2083 = CARTESIAN_POINT ( 'NONE',  ( 0.001590990257669731931, 0.001590990257669731931, 0.007300000000000000065 ) ) ;
#2084 = CARTESIAN_POINT ( 'NONE',  ( -0.0009319805153394651164, -0.002249999999999999830, 0.004550000000000000225 ) ) ;
#2085 = EDGE_CURVE ( 'NONE', #326, #2106, #1754, .T. ) ;
#2086 = CARTESIAN_POINT ( 'NONE',  ( 1.642871457563348924E-19, 0.002683012700000000049, 0.006849999998907525117 ) ) ;
#2087 = CARTESIAN_POINT ( 'NONE',  ( -0.001897176474179628489, -0.001897176474179627838, 0.003249999998907525216 ) ) ;
#2088 = CARTESIAN_POINT ( 'NONE',  ( 0.001111340248359256495, 0.002683012700000000916, 0.01329999999890752772 ) ) ;
#2089 = CARTESIAN_POINT ( 'NONE',  ( -0.001111340248359256062, 0.002683012700000000916, 0.002999999998907524994 ) ) ;
#2090 = CARTESIAN_POINT ( 'NONE',  ( 1.377727649040772196E-19, 0.002249999999999999830, 0.01300000000000000114 ) ) ;
#2091 = CARTESIAN_POINT ( 'NONE',  ( -4.928614372690046772E-19, -0.002683012700000000049, 0.01374999999890752500 ) ) ;
#2092 = CYLINDRICAL_SURFACE ( 'NONE', #4227, 0.002249999999999999830 ) ;
#2093 = DIRECTION ( 'NONE',  ( -0.000000000000000000, -0.000000000000000000, -1.000000000000000000 ) ) ;
#2094 = CARTESIAN_POINT ( 'NONE',  ( -0.001111340248359257796, -0.002683012700000000049, 0.004099999998907525277 ) ) ;
#2095 = CARTESIAN_POINT ( 'NONE',  ( -0.002683012700000000049, 3.285742915126697848E-19, 0.01504999999890752581 ) ) ;
#2096 = CARTESIAN_POINT ( 'NONE',  ( 0.002249999999999999830, -0.0009319805153394653333, 0.001550000000000000162 ) ) ;
#2097 = EDGE_CURVE ( 'NONE', #2609, #2906, #2518, .T. ) ;
#2098 = ORIENTED_EDGE ( 'NONE', *, *, #2959, .F. ) ;
#2099 = FACE_OUTER_BOUND ( 'NONE', #1787, .T. ) ;
#2100 = CARTESIAN_POINT ( 'NONE',  ( -0.0009319805153394651164, -0.002249999999999999830, 0.0005500000000000000331 ) ) ;
#2101 = CARTESIAN_POINT ( 'NONE',  ( 1.642871457563348924E-19, 0.002683012700000000049, 0.003649999998907525398 ) ) ;
#2102 =( BOUNDED_CURVE ( )  B_SPLINE_CURVE ( 2, ( #4694, #4719, #1051, #274, #4669, #646, #1767, #1350, #1714 ),
 .UNSPECIFIED., .F., .F. ) 
 B_SPLINE_CURVE_WITH_KNOTS ( ( 3, 2, 2, 2, 3 ),
 ( 0.4250000000000000444, 0.4312500000000000777, 0.4375000000000000000, 0.4437499999999999778, 0.4500000000000000111 ),
 .UNSPECIFIED. ) 
 CURVE ( )  GEOMETRIC_REPRESENTATION_ITEM ( )  RATIONAL_B_SPLINE_CURVE ( ( 0.9999999999999993339, 0.9238795325112874046, 1.000000000000000000, 0.9238795325112867385, 1.000000000000000000, 0.9238795325112867385, 1.000000000000000000, 0.9238795325112867385, 1.000000000000000000 ) ) 
 REPRESENTATION_ITEM ( '' )  );
#2103 = CARTESIAN_POINT ( 'NONE',  ( -4.928614372690046772E-19, -0.002683012700000000049, 0.001649999998907525139 ) ) ;
#2104 = LINE ( 'NONE', #1748, #1149 ) ;
#2105 = CARTESIAN_POINT ( 'NONE',  ( -4.928614372690046772E-19, -0.002683012700000000049, 0.01134999999890752564 ) ) ;
#2106 = VERTEX_POINT ( 'NONE', #3200 ) ;
#2107 = CARTESIAN_POINT ( 'NONE',  ( 0.002683012700000000049, 0.000000000000000000, 0.01074999999890752581 ) ) ;
#2108 = CARTESIAN_POINT ( 'NONE',  ( 1.377727649040772196E-19, 0.002249999999999999830, 0.01119999999781504975 ) ) ;
#2109 = CARTESIAN_POINT ( 'NONE',  ( -0.002250000000000012840, 0.0009319805153394514555, 0.008350000000000001518 ) ) ;
#2110 = DIRECTION ( 'NONE',  ( -0.000000000000000000, -0.000000000000000000, -1.000000000000000000 ) ) ;
#2111 = ADVANCED_FACE ( 'NONE', ( #2836 ), #707, .F. ) ;
#2112 = CARTESIAN_POINT ( 'NONE',  ( 0.001897176474179627622, -0.001897176474179628489, 0.005749999998907525701 ) ) ;
#2113 = ORIENTED_EDGE ( 'NONE', *, *, #765, .F. ) ;
#2114 = CARTESIAN_POINT ( 'NONE',  ( 0.002683012700000000049, 0.000000000000000000, 0.001949999998907525275 ) ) ;
#2115 = CARTESIAN_POINT ( 'NONE',  ( 0.002683012700000000916, 0.001111340248359256279, 0.01479999999890752732 ) ) ;
#2116 = CARTESIAN_POINT ( 'NONE',  ( 0.002683012700000000049, 0.000000000000000000, 0.004349999998907525499 ) ) ;
#2117 = EDGE_CURVE ( 'NONE', #3791, #4151, #88, .T. ) ;
#2118 = CARTESIAN_POINT ( 'NONE',  ( 0.0009319805153394640322, 0.002250000000000000697, 0.01375000000000000007 ) ) ;
#2119 = CARTESIAN_POINT ( 'NONE',  ( 0.002249999999999999830, 0.000000000000000000, 0.002999999997815050792 ) ) ;
#2120 = CARTESIAN_POINT ( 'NONE',  ( -0.002249999999999999830, 2.755455298081544393E-19, 0.004999999997815050834 ) ) ;
#2121 = CARTESIAN_POINT ( 'NONE',  ( -0.002249999999999999830, 0.000000000000000000, 0.01799999999999999864 ) ) ;
#2122 = CARTESIAN_POINT ( 'NONE',  ( -0.002683012700000000916, -0.001111340248359255845, 0.006399999998907526973 ) ) ;
#2123 = CARTESIAN_POINT ( 'NONE',  ( 0.001897176474179628272, 0.001897176474179628272, 0.01474999999890752589 ) ) ;
#2124 = CARTESIAN_POINT ( 'NONE',  ( -0.001590990257669731714, 0.001590990257669731931, 0.003500000000000000073 ) ) ;
#2125 = VERTEX_POINT ( 'NONE', #850 ) ;
#2126 = CARTESIAN_POINT ( 'NONE',  ( 0.000000000000000000, 0.000000000000000000, 0.01799999999999999864 ) ) ;
#2127 = CARTESIAN_POINT ( 'NONE',  ( -0.001590990257669732148, -0.001590990257669731714, 0.0005000000000000000104 ) ) ;
#2128 = CARTESIAN_POINT ( 'NONE',  ( 0.001111340248359257146, -0.002683012700000000049, 0.002499999998907525417 ) ) ;
#2129 = CARTESIAN_POINT ( 'NONE',  ( -0.001897176474179628489, -0.001897176474179627838, 0.002349999998907525457 ) ) ;
#2130 = CARTESIAN_POINT ( 'NONE',  ( -0.002683012700000000049, 3.285742915126697848E-19, 0.01114999999890752512 ) ) ;
#2131 = AXIS2_PLACEMENT_3D ( 'NONE', #3272, #1803, #3397 ) ;
#2132 = CARTESIAN_POINT ( 'NONE',  ( -0.001897176474179628489, -0.001897176474179627838, 0.01044999999890752589 ) ) ;
#2133 = CARTESIAN_POINT ( 'NONE',  ( -0.002249999999999999830, 2.755455298081544393E-19, 0.01219999999781505064 ) ) ;
#2134 = CARTESIAN_POINT ( 'NONE',  ( 0.002249999999999999830, 0.000000000000000000, 0.0008000000000000000383 ) ) ;
#2135 = CARTESIAN_POINT ( 'NONE',  ( -0.002250000000000000697, 0.0009319805153394642491, 0.004350000000000000568 ) ) ;
#2136 = CARTESIAN_POINT ( 'NONE',  ( 0.001897176474179627622, -0.001897176474179628489, 0.01054999999890752528 ) ) ;
#2137 = VECTOR ( 'NONE', #2233, 1.000000000000000000 ) ;
#2138 = CARTESIAN_POINT ( 'NONE',  ( -0.001897176474179628489, -0.001897176474179627838, 0.001649999998907525356 ) ) ;
#2139 = CARTESIAN_POINT ( 'NONE',  ( 0.001590990257669731497, -0.001590990257669732148, 0.01349999999999999985 ) ) ;
#2140 = CARTESIAN_POINT ( 'NONE',  ( -0.001111340248359256062, 0.002683012700000000916, 0.002199999998907525497 ) ) ;
#2141 = CARTESIAN_POINT ( 'NONE',  ( 0.001897176474179628272, 0.001897176474179628272, 0.001149999998907525346 ) ) ;
#2142 = CARTESIAN_POINT ( 'NONE',  ( -0.002683012700000000916, 0.001111340248359256495, 0.007799999998907525441 ) ) ;
#2143 = ORIENTED_EDGE ( 'NONE', *, *, #1811, .T. ) ;
#2144 = CARTESIAN_POINT ( 'NONE',  ( 0.0009319805153394640322, 0.002250000000000000697, 0.0007499999978150503118 ) ) ;
#2145 = CARTESIAN_POINT ( 'NONE',  ( 0.002249999999999999830, -0.0009319805153394653333, 0.006149999997815050815 ) ) ;
#2146 = CARTESIAN_POINT ( 'NONE',  ( -0.001590990257669731714, 0.001590990257669731931, 0.0008999999978150503800 ) ) ;
#2147 = CARTESIAN_POINT ( 'NONE',  ( -0.002683012700000000049, 3.285742915126697848E-19, 0.009549999998907524393 ) ) ;
#2148 = CARTESIAN_POINT ( 'NONE',  ( 1.642871457563348924E-19, 0.002683012700000000049, 0.01484999999890752528 ) ) ;
#2149 = CARTESIAN_POINT ( 'NONE',  ( -0.0009319805153394637070, 0.002250000000000000697, 0.004250000000000001173 ) ) ;
#2150 = ORIENTED_EDGE ( 'NONE', *, *, #3100, .F. ) ;
#2151 = CARTESIAN_POINT ( 'NONE',  ( -0.002683012700000000916, 0.001111340248359256495, 0.01259999999890752502 ) ) ;
#2152 = CARTESIAN_POINT ( 'NONE',  ( 0.002249999999999999830, 2.755455298081544393E-19, 0.01799999999999999864 ) ) ;
#2153 = CARTESIAN_POINT ( 'NONE',  ( -0.001590990257669732148, -0.001590990257669731714, 0.01250000000000000069 ) ) ;
#2154 = CARTESIAN_POINT ( 'NONE',  ( -0.001897176474179627838, 0.001897176474179628272, 0.004549999998907525156 ) ) ;
#2155 = CARTESIAN_POINT ( 'NONE',  ( 1.377727649040772196E-19, 0.002249999999999999830, 0.003199999997815050450 ) ) ;
#2156 = CARTESIAN_POINT ( 'NONE',  ( 0.002683012700000000049, -0.001111340248359258013, 0.01149999999890752474 ) ) ;
#2157 = CARTESIAN_POINT ( 'NONE',  ( 0.002249999999999999830, -0.0009319805153394653333, 0.01014999999781505090 ) ) ;
#2158 = CARTESIAN_POINT ( 'NONE',  ( -0.001590990257669731714, 0.001590990257669731931, 0.008300000000000000086 ) ) ;
#2159 = FACE_OUTER_BOUND ( 'NONE', #3972, .T. ) ;
#2160 = CARTESIAN_POINT ( 'NONE',  ( 0.002683012700000000049, 0.000000000000000000, 0.009049999998907525683 ) ) ;
#2161 = EDGE_CURVE ( 'NONE', #1335, #2877, #1683, .T. ) ;
#2162 = ORIENTED_EDGE ( 'NONE', *, *, #214, .F. ) ;
#2163 = CARTESIAN_POINT ( 'NONE',  ( -0.002683012700000000916, 0.001111340248359256495, 0.003899999998907525620 ) ) ;
#2164 = ADVANCED_FACE ( 'NONE', ( #501 ), #4166, .F. ) ;
#2165 = CARTESIAN_POINT ( 'NONE',  ( 0.0009319805153394640322, 0.002250000000000000697, 0.009549999997815051059 ) ) ;
#2166 = CARTESIAN_POINT ( 'NONE',  ( 0.001897176474179628272, 0.001897176474179628272, 0.006049999998907525621 ) ) ;
#2167 = CARTESIAN_POINT ( 'NONE',  ( -0.0009319805153394651164, -0.002249999999999999830, 0.01494999999999999975 ) ) ;
#2168 = CARTESIAN_POINT ( 'NONE',  ( 0.002683012700000000049, -0.001111340248359258013, 0.005799999998907525399 ) ) ;
#2169 = CARTESIAN_POINT ( 'NONE',  ( 0.002249999999999999830, -0.0009319805153394653333, 0.001349999997815050368 ) ) ;
#2170 = CARTESIAN_POINT ( 'NONE',  ( -0.001590990257669732148, -0.001590990257669731714, 0.003499999997815050369 ) ) ;
#2171 = CARTESIAN_POINT ( 'NONE',  ( 0.001111340248359256495, 0.002683012700000000916, 0.006899999998907525682 ) ) ;
#2172 = CARTESIAN_POINT ( 'NONE',  ( 0.001111340248359257146, -0.002683012700000000049, 0.01209999999890752631 ) ) ;
#2173 = CARTESIAN_POINT ( 'NONE',  ( 0.0009319805153394640322, 0.002250000000000000697, 0.006550000000000001134 ) ) ;
#2174 = ORIENTED_EDGE ( 'NONE', *, *, #293, .T. ) ;
#2175 =( BOUNDED_CURVE ( )  B_SPLINE_CURVE ( 2, ( #213, #4223, #926, #1656, #3, #4048, #3033, #1065, #406 ),
 .UNSPECIFIED., .F., .F. ) 
 B_SPLINE_CURVE_WITH_KNOTS ( ( 3, 2, 2, 2, 3 ),
 ( 0.1250000000000000000, 0.1312500000000000056, 0.1375000000000000111, 0.1437500000000000167, 0.1500000000000000222 ),
 .UNSPECIFIED. ) 
 CURVE ( )  GEOMETRIC_REPRESENTATION_ITEM ( )  RATIONAL_B_SPLINE_CURVE ( ( 1.000000000000000000, 0.9238795325112867385, 1.000000000000000000, 0.9238795325112867385, 1.000000000000000000, 0.9238795325112867385, 1.000000000000000000, 0.9238795325112864054, 1.000000000000000444 ) ) 
 REPRESENTATION_ITEM ( '' )  );
#2176 = CARTESIAN_POINT ( 'NONE',  ( -0.002683012700000000049, 3.285742915126697848E-19, 0.01264999999890752645 ) ) ;
#2177 = CARTESIAN_POINT ( 'NONE',  ( 0.0009319805153394645743, -0.002249999999999999830, 0.008449999997815050776 ) ) ;
#2178 = CARTESIAN_POINT ( 'NONE',  ( 0.002250000000000000697, 0.0009319805153394639238, 0.006450000000000000004 ) ) ;
#2179 = CARTESIAN_POINT ( 'NONE',  ( 1.642871457563348924E-19, 0.002683012700000000049, 0.004449999998907525761 ) ) ;
#2180 = ORIENTED_EDGE ( 'NONE', *, *, #3834, .T. ) ;
#2181 = ADVANCED_FACE ( 'NONE', ( #1535 ), #802, .F. ) ;
#2182 = CARTESIAN_POINT ( 'NONE',  ( 0.001111340248359257146, -0.002683012700000000049, 0.01299999999890752433 ) ) ;
#2183 = CARTESIAN_POINT ( 'NONE',  ( -0.002250000000000000697, -0.0009319805153394634901, 0.01464999999781505143 ) ) ;
#2184 = DIRECTION ( 'NONE',  ( -0.000000000000000000, -0.000000000000000000, -1.000000000000000000 ) ) ;
#2185 = CARTESIAN_POINT ( 'NONE',  ( -0.001590990257669731714, 0.001590990257669731931, 0.0003000000000000000279 ) ) ;
#2186 = CARTESIAN_POINT ( 'NONE',  ( 0.001111340248359256495, 0.002683012700000000916, 0.008399999998907526147 ) ) ;
#2187 = CARTESIAN_POINT ( 'NONE',  ( -0.001111340248359257796, -0.002683012700000000049, 0.002499999998907525417 ) ) ;
#2188 = CARTESIAN_POINT ( 'NONE',  ( 1.377727649040772196E-19, 0.002249999999999999830, 0.009599999997815050756 ) ) ;
#2189 = CARTESIAN_POINT ( 'NONE',  ( 0.002683012700000000049, 0.000000000000000000, 0.007549999998907526086 ) ) ;
#2190 = CARTESIAN_POINT ( 'NONE',  ( -0.001897176474179627838, 0.001897176474179628272, 0.0005499999989075252897 ) ) ;
#2191 = CARTESIAN_POINT ( 'NONE',  ( -0.002683012700000000049, 3.285742915126697848E-19, 0.006249999998907525278 ) ) ;
#2192 = ORIENTED_EDGE ( 'NONE', *, *, #4465, .T. ) ;
#2193 = ORIENTED_EDGE ( 'NONE', *, *, #2890, .T. ) ;
#2194 = CARTESIAN_POINT ( 'NONE',  ( 0.002683012700000000049, 0.000000000000000000, 0.01634999999890752662 ) ) ;
#2195 = CARTESIAN_POINT ( 'NONE',  ( 0.002683012700000000049, 0.000000000000000000, 0.009049999998907525683 ) ) ;
#2196 = CARTESIAN_POINT ( 'NONE',  ( -0.0009319805153394637070, 0.002250000000000000697, 0.005649999997815051238 ) ) ;
#2197 = CARTESIAN_POINT ( 'NONE',  ( 0.002683012700000000916, 0.001111340248359256279, 0.007599999998907525783 ) ) ;
#2198 = CARTESIAN_POINT ( 'NONE',  ( -0.001590990257669731714, 0.001590990257669731931, 0.01289999999781504987 ) ) ;
#2199 = CARTESIAN_POINT ( 'NONE',  ( -0.002249999999999999830, 2.755455298081544393E-19, 0.006800000000000000488 ) ) ;
#2200 = VERTEX_POINT ( 'NONE', #2209 ) ;
#2201 = CARTESIAN_POINT ( 'NONE',  ( -0.001111340248359257796, -0.002683012700000000049, 0.01359999999890752591 ) ) ;
#2202 = CARTESIAN_POINT ( 'NONE',  ( 0.002249999999999999830, 0.000000000000000000, 0.006400000000000000307 ) ) ;
#2203 = CARTESIAN_POINT ( 'NONE',  ( 0.002249999999999999830, 0.000000000000000000, 0.01579999999781505141 ) ) ;
#2204 = CARTESIAN_POINT ( 'NONE',  ( -4.928614372690046772E-19, -0.002683012700000000049, 0.008849999998907525159 ) ) ;
#2205 = CARTESIAN_POINT ( 'NONE',  ( 0.001590990257669731931, 0.001590990257669731931, 0.01429999999781505007 ) ) ;
#2206 = ORIENTED_EDGE ( 'NONE', *, *, #1192, .T. ) ;
#2207 = CARTESIAN_POINT ( 'NONE',  ( 0.002683012700000000049, 0.000000000000000000, 0.01554999999890752452 ) ) ;
#2208 = CARTESIAN_POINT ( 'NONE',  ( 0.001590990257669731931, 0.001590990257669731931, 0.01589999999781505080 ) ) ;
#2209 = CARTESIAN_POINT ( 'NONE',  ( -0.002249999999999999830, 2.755455298081544393E-19, 0.005200000000000000629 ) ) ;
#2210 = CARTESIAN_POINT ( 'NONE',  ( 0.002249999999999999830, -0.0009319805153394653333, 0.006949999997815051178 ) ) ;
#2211 = VECTOR ( 'NONE', #1292, 1.000000000000000000 ) ;
#2212 = CARTESIAN_POINT ( 'NONE',  ( -0.001897176474179627838, 0.001897176474179628272, 0.009349999998907525603 ) ) ;
#2213 = CARTESIAN_POINT ( 'NONE',  ( 0.001111340248359256495, 0.002683012700000000916, 0.006899999998907525682 ) ) ;
#2214 = CARTESIAN_POINT ( 'NONE',  ( -0.001590990257669732148, -0.001590990257669731714, 0.01330000000000000106 ) ) ;
#2215 = CARTESIAN_POINT ( 'NONE',  ( 0.001111340248359256495, 0.002683012700000000916, 0.006099999998907525318 ) ) ;
#2216 = CARTESIAN_POINT ( 'NONE',  ( -0.001111340248359256062, 0.002683012700000000916, 0.001299999998907525305 ) ) ;
#2217 = CARTESIAN_POINT ( 'NONE',  ( 0.002683012700000000049, 0.000000000000000000, 0.006649999998907525460 ) ) ;
#2218 = CARTESIAN_POINT ( 'NONE',  ( 0.002250000000000000697, 0.0009319805153394639238, 0.001449999997815050413 ) ) ;
#2219 = CARTESIAN_POINT ( 'NONE',  ( 0.001111340248359256495, 0.002683012700000000916, 0.008399999998907526147 ) ) ;
#2220 = CARTESIAN_POINT ( 'NONE',  ( 0.0009319805153394645743, -0.002249999999999999830, 0.003649999997815050329 ) ) ;
#2221 = CARTESIAN_POINT ( 'NONE',  ( 0.001111340248359256495, 0.002683012700000000916, 0.009299999998907524171 ) ) ;
#2222 = DIRECTION ( 'NONE',  ( 1.000000000000000000, 0.000000000000000000, 0.000000000000000000 ) ) ;
#2223 = CARTESIAN_POINT ( 'NONE',  ( -0.002250000000000000697, -0.0009319805153394634901, 0.007650000000000000550 ) ) ;
#2224 = ORIENTED_EDGE ( 'NONE', *, *, #3421, .T. ) ;
#2225 = ORIENTED_EDGE ( 'NONE', *, *, #4335, .T. ) ;
#2226 = CARTESIAN_POINT ( 'NONE',  ( 0.002683012700000000916, 0.001111340248359256279, 0.01389999999890752583 ) ) ;
#2227 = CARTESIAN_POINT ( 'NONE',  ( 0.0009319805153394645743, -0.002249999999999999830, 0.01105000000000000079 ) ) ;
#2228 = CARTESIAN_POINT ( 'NONE',  ( 0.002249999999999999830, -0.0009319805153394653333, 0.01195000000000000055 ) ) ;
#2229 = CARTESIAN_POINT ( 'NONE',  ( 0.002683012700000000916, 0.001111340248359256279, 0.008299999998907525017 ) ) ;
#2230 = EDGE_LOOP ( 'NONE', ( #177, #3650, #1560, #1428 ) ) ;
#2231 = CARTESIAN_POINT ( 'NONE',  ( -0.001111340248359257796, -0.002683012700000000049, 0.01369999999890752704 ) ) ;
#2232 = CARTESIAN_POINT ( 'NONE',  ( -0.002250000000000000697, -0.0009319805153394634901, 0.01384999999781505106 ) ) ;
#2233 = DIRECTION ( 'NONE',  ( 0.000000000000000000, 0.000000000000000000, 1.000000000000000000 ) ) ;
#2234 = CARTESIAN_POINT ( 'NONE',  ( -0.001111340248359257796, -0.002683012700000000049, 0.009599999998907527560 ) ) ;
#2235 =( BOUNDED_CURVE ( )  B_SPLINE_CURVE ( 2, ( #4068, #3715, #4728, #1407, #1105, #428, #4339, #118, #4561 ),
 .UNSPECIFIED., .F., .F. ) 
 B_SPLINE_CURVE_WITH_KNOTS ( ( 3, 2, 2, 2, 3 ),
 ( 0.4250000000000000444, 0.4312500000000000777, 0.4375000000000000000, 0.4437499999999999778, 0.4500000000000000111 ),
 .UNSPECIFIED. ) 
 CURVE ( )  GEOMETRIC_REPRESENTATION_ITEM ( )  RATIONAL_B_SPLINE_CURVE ( ( 0.9999999999999993339, 0.9238795325112874046, 1.000000000000000000, 0.9238795325112867385, 1.000000000000000000, 0.9238795325112867385, 1.000000000000000000, 0.9238795325112867385, 1.000000000000000000 ) ) 
 REPRESENTATION_ITEM ( '' )  );
#2236 = ORIENTED_EDGE ( 'NONE', *, *, #3762, .F. ) ;
#2237 = CARTESIAN_POINT ( 'NONE',  ( -0.002683012700000000049, 3.285742915126697848E-19, 0.006349999998907525540 ) ) ;
#2238 = CARTESIAN_POINT ( 'NONE',  ( -0.001590990257669731714, 0.001590990257669731931, 0.006499999997815050432 ) ) ;
#2239 = EDGE_CURVE ( 'NONE', #2906, #1507, #2550, .T. ) ;
#2240 = CARTESIAN_POINT ( 'NONE',  ( -0.002249999999999988121, -0.0009319805153394762837, 0.01325000000000000309 ) ) ;
#2241 = CARTESIAN_POINT ( 'NONE',  ( 0.001111340248359257146, -0.002683012700000000049, 0.006599999998907525763 ) ) ;
#2242 = CARTESIAN_POINT ( 'NONE',  ( 0.001590990257669731931, 0.001590990257669731931, 0.01450000000000000074 ) ) ;
#2243 = CARTESIAN_POINT ( 'NONE',  ( -0.002683012700000000049, 3.285742915126697848E-19, 0.004649999998907525418 ) ) ;
#2244 = CARTESIAN_POINT ( 'NONE',  ( -0.001897176474179628489, -0.001897176474179627838, 0.01274999999890752585 ) ) ;
#2245 = CARTESIAN_POINT ( 'NONE',  ( -0.001590990257669732148, -0.001590990257669731714, 0.008299999997815049949 ) ) ;
#2246 = CARTESIAN_POINT ( 'NONE',  ( -0.001897176474179628489, -0.001897176474179627838, 0.008049999998907524795 ) ) ;
#2247 = FACE_OUTER_BOUND ( 'NONE', #2280, .T. ) ;
#2248 = CARTESIAN_POINT ( 'NONE',  ( -0.0009319805153394651164, -0.002249999999999999830, 0.005350000000000000588 ) ) ;
#2249 = CARTESIAN_POINT ( 'NONE',  ( 0.002683012700000000049, 0.000000000000000000, 0.01464999999890752649 ) ) ;
#2250 = CARTESIAN_POINT ( 'NONE',  ( -0.002249999999999999830, 2.755455298081544393E-19, 0.01080000000000000057 ) ) ;
#2251 = LINE ( 'NONE', #2911, #3606 ) ;
#2252 = CARTESIAN_POINT ( 'NONE',  ( 0.001111340248359257146, -0.002683012700000000049, 0.008099999998907526227 ) ) ;
#2253 = EDGE_CURVE ( 'NONE', #3501, #1974, #1558, .T. ) ;
#2254 = CARTESIAN_POINT ( 'NONE',  ( -0.002683012700000000049, 3.285742915126697848E-19, 0.003849999998907525488 ) ) ;
#2255 = VERTEX_POINT ( 'NONE', #3373 ) ;
#2256 = CARTESIAN_POINT ( 'NONE',  ( -0.001897176474179627838, 0.001897176474179628272, 0.01424999999890752544 ) ) ;
#2257 = CARTESIAN_POINT ( 'NONE',  ( -4.133182947122316589E-19, -0.002249999999999999830, 0.01399999999781505015 ) ) ;
#2258 = CARTESIAN_POINT ( 'NONE',  ( 0.0009319805153394645743, -0.002249999999999999830, 0.01004999999781505150 ) ) ;
#2259 = CARTESIAN_POINT ( 'NONE',  ( 0.001897176474179628272, 0.001897176474179628272, 0.01154999999890752617 ) ) ;
#2260 = ORIENTED_EDGE ( 'NONE', *, *, #6, .T. ) ;
#2261 = CARTESIAN_POINT ( 'NONE',  ( 0.002683012700000000049, -0.001111340248359258013, 0.006699999998907527760 ) ) ;
#2262 = CARTESIAN_POINT ( 'NONE',  ( -0.001590990257669731714, 0.001590990257669731931, 0.01529999999781505096 ) ) ;
#2263 = CARTESIAN_POINT ( 'NONE',  ( 0.002249999999999999830, 0.000000000000000000, 0.01499999999781505104 ) ) ;
#2264 = CARTESIAN_POINT ( 'NONE',  ( 0.002683012700000000916, 0.001111340248359256279, 0.005199999998907525560 ) ) ;
#2265 =( BOUNDED_CURVE ( )  B_SPLINE_CURVE ( 2, ( #227, #4164, #3831, #919, #1671, #540, #3472, #4264, #189 ),
 .UNSPECIFIED., .F., .F. ) 
 B_SPLINE_CURVE_WITH_KNOTS ( ( 3, 2, 2, 2, 3 ),
 ( 0.9000000000000000222, 0.9062500000000000000, 0.9124999999999999778, 0.9187499999999999556, 0.9250000000000000444 ),
 .UNSPECIFIED. ) 
 CURVE ( )  GEOMETRIC_REPRESENTATION_ITEM ( )  RATIONAL_B_SPLINE_CURVE ( ( 1.000000000000000000, 0.9238795325112867385, 1.000000000000000000, 0.9238795325112867385, 1.000000000000000000, 0.9238795325112867385, 1.000000000000000000, 0.9238795325112867385, 1.000000000000000000 ) ) 
 REPRESENTATION_ITEM ( '' )  );
#2266 = CARTESIAN_POINT ( 'NONE',  ( -0.001897176474179628489, -0.001897176474179627838, 0.003949999998907525317 ) ) ;
#2267 = ORIENTED_EDGE ( 'NONE', *, *, #556, .T. ) ;
#2268 = CARTESIAN_POINT ( 'NONE',  ( -0.001111340248359257796, -0.002683012700000000049, 0.004799999998907525378 ) ) ;
#2269 = APPLICATION_CONTEXT ( 'automotive_design' ) ;
#2270 = EDGE_LOOP ( 'NONE', ( #2319, #2193, #4037, #2934 ) ) ;
#2271 = CARTESIAN_POINT ( 'NONE',  ( 0.001897176474179628272, 0.001897176474179628272, 0.01234999999890752653 ) ) ;
#2272 = CARTESIAN_POINT ( 'NONE',  ( -4.133182947122316589E-19, -0.002249999999999999830, 0.006799999997815051218 ) ) ;
#2273 = CARTESIAN_POINT ( 'NONE',  ( -0.001111340248359257796, -0.002683012700000000049, 0.01289999999890752494 ) ) ;
#2274 = CARTESIAN_POINT ( 'NONE',  ( 0.002683012700000000049, -0.001111340248359258013, 0.01619999999890752926 ) ) ;
#2275 = CARTESIAN_POINT ( 'NONE',  ( 0.0009319805153394640322, 0.002250000000000000697, 0.004950000000000000407 ) ) ;
#2276 = CARTESIAN_POINT ( 'NONE',  ( -0.002249999999999999830, 2.755455298081544393E-19, 0.01139999999781505027 ) ) ;
#2277 = CARTESIAN_POINT ( 'NONE',  ( 0.001590990257669731497, -0.001590990257669732148, 0.01089999999781504983 ) ) ;
#2278 = CARTESIAN_POINT ( 'NONE',  ( -0.002683012700000000049, 3.285742915126697848E-19, 0.001549999998907525310 ) ) ;
#2279 = CARTESIAN_POINT ( 'NONE',  ( -0.001897176474179627838, 0.001897176474179628272, 0.008549999998907525239 ) ) ;
#2280 = EDGE_LOOP ( 'NONE', ( #3042, #4484, #3493, #3522 ) ) ;
#2281 = ORIENTED_EDGE ( 'NONE', *, *, #214, .T. ) ;
#2282 = FACE_OUTER_BOUND ( 'NONE', #2723, .T. ) ;
#2283 = CARTESIAN_POINT ( 'NONE',  ( -0.001590990257669731714, 0.001590990257669731931, 0.01289999999781504987 ) ) ;
#2284 = CARTESIAN_POINT ( 'NONE',  ( 0.002249999999999999830, 0.000000000000000000, 0.003200000000000000153 ) ) ;
#2285 = CARTESIAN_POINT ( 'NONE',  ( -0.002683012700000000916, 0.001111340248359256495, 0.01179999999890752639 ) ) ;
#2286 = ORIENTED_EDGE ( 'NONE', *, *, #1906, .T. ) ;
#2287 = CARTESIAN_POINT ( 'NONE',  ( 1.642871457563348924E-19, 0.002683012700000000049, 0.005349999998907525520 ) ) ;
#2288 = CARTESIAN_POINT ( 'NONE',  ( -0.002249999999999999830, 2.755455298081544393E-19, 0.01219999999781505064 ) ) ;
#2289 = VECTOR ( 'NONE', #3246, 1.000000000000000000 ) ;
#2290 = CARTESIAN_POINT ( 'NONE',  ( -0.0009319805153394651164, -0.002249999999999999830, 0.01494999999999999975 ) ) ;
#2291 = CARTESIAN_POINT ( 'NONE',  ( 0.001897176474179627622, -0.001897176474179628489, 0.009049999998907525683 ) ) ;
#2292 = CARTESIAN_POINT ( 'NONE',  ( 0.002683012700000000049, -0.001111340248359258013, 0.003399999998907525176 ) ) ;
#2293 = VECTOR ( 'NONE', #3541, 1.000000000000000000 ) ;
#2294 = ORIENTED_EDGE ( 'NONE', *, *, #4240, .F. ) ;
#2295 = CARTESIAN_POINT ( 'NONE',  ( -4.928614372690046772E-19, -0.002683012700000000049, 0.01204999999890752488 ) ) ;
#2296 = CARTESIAN_POINT ( 'NONE',  ( 1.377727649040772196E-19, 0.002249999999999999830, 0.007999999997815050029 ) ) ;
#2297 = CARTESIAN_POINT ( 'NONE',  ( -0.001897176474179627838, 0.001897176474179628272, 0.01024999999890752536 ) ) ;
#2298 = CARTESIAN_POINT ( 'NONE',  ( 0.002249999999999999830, 0.000000000000000000, 0.008599999997815049868 ) ) ;
#2299 = AXIS2_PLACEMENT_3D ( 'NONE', #1288, #2778, #667 ) ;
#2300 = AXIS2_PLACEMENT_3D ( 'NONE', #520, #1272, #2763 ) ;
#2301 = CARTESIAN_POINT ( 'NONE',  ( 1.377727649040772196E-19, 0.002249999999999999830, 0.009799999999999999684 ) ) ;
#2302 = ORIENTED_EDGE ( 'NONE', *, *, #1906, .F. ) ;
#2303 = AXIS2_PLACEMENT_3D ( 'NONE', #4061, #771, #2367 ) ;
#2304 = CARTESIAN_POINT ( 'NONE',  ( 1.377727649040772196E-19, 0.002249999999999999830, 0.01359999999781505084 ) ) ;
#2305 = LINE ( 'NONE', #1310, #618 ) ;
#2306 = CARTESIAN_POINT ( 'NONE',  ( -0.002683012700000000916, -0.001111340248359255845, 0.001599999998907525658 ) ) ;
#2307 = CARTESIAN_POINT ( 'NONE',  ( 1.642871457563348924E-19, 0.002683012700000000049, 0.007649999998907525481 ) ) ;
#2308 = CARTESIAN_POINT ( 'NONE',  ( 0.002249999999999999830, -0.0009319805153394653333, 0.0007500000000000000156 ) ) ;
#2309 = CARTESIAN_POINT ( 'NONE',  ( 0.001897176474179627622, -0.001897176474179628489, 0.01464999999890752476 ) ) ;
#2310 = CARTESIAN_POINT ( 'NONE',  ( -0.001897176474179628489, -0.001897176474179627838, 0.01364999999890752561 ) ) ;
#2311 = CYLINDRICAL_SURFACE ( 'NONE', #4687, 0.002249999999999999830 ) ;
#2312 = CARTESIAN_POINT ( 'NONE',  ( 1.377727649040772196E-19, 0.002249999999999999830, 0.003999999997815050813 ) ) ;
#2313 = CARTESIAN_POINT ( 'NONE',  ( 0.001111340248359256495, 0.002683012700000000916, 0.006099999998907525318 ) ) ;
#2314 = CARTESIAN_POINT ( 'NONE',  ( -0.0009319805153394637070, 0.002250000000000000697, 0.01124999999781504945 ) ) ;
#2315 = CARTESIAN_POINT ( 'NONE',  ( 0.002250000000000000697, 0.0009319805153394639238, 0.01285000000000000378 ) ) ;
#2316 = CARTESIAN_POINT ( 'NONE',  ( 0.001111340248359256495, 0.002683012700000000916, 0.01009999999890752453 ) ) ;
#2317 = EDGE_CURVE ( 'NONE', #3608, #1619, #1372, .T. ) ;
#2318 = CARTESIAN_POINT ( 'NONE',  ( -0.001111340248359257796, -0.002683012700000000049, 0.003999999998907525882 ) ) ;
#2319 = ORIENTED_EDGE ( 'NONE', *, *, #1314, .F. ) ;
#2320 = ORIENTED_EDGE ( 'NONE', *, *, #2253, .T. ) ;
#2321 = ORIENTED_EDGE ( 'NONE', *, *, #1458, .T. ) ;
#2322 = CARTESIAN_POINT ( 'NONE',  ( 0.002683012700000000049, -0.001111340248359258013, 0.01139999999890752534 ) ) ;
#2323 = CARTESIAN_POINT ( 'NONE',  ( -0.002249999999999999830, 2.755455298081544393E-19, 0.006599999997815050694 ) ) ;
#2324 = CARTESIAN_POINT ( 'NONE',  ( 0.002683012700000000049, 0.000000000000000000, 0.01074999999890752581 ) ) ;
#2325 = CARTESIAN_POINT ( 'NONE',  ( -0.002249999999999999830, 2.755455298081544393E-19, 0.01059999999781504991 ) ) ;
#2326 = CARTESIAN_POINT ( 'NONE',  ( 0.001590990257669731931, 0.001590990257669731931, 0.008099999999999999561 ) ) ;
#2327 = CARTESIAN_POINT ( 'NONE',  ( 0.002249999999999999830, 2.755455298081544393E-19, 0.01799999999999999864 ) ) ;
#2328 = LINE ( 'NONE', #3489, #3615 ) ;
#2329 = CARTESIAN_POINT ( 'NONE',  ( -0.001897176474179628489, -0.001897176474179627838, 0.002449999998907525720 ) ) ;
#2330 = CARTESIAN_POINT ( 'NONE',  ( -0.001897176474179627838, 0.001897176474179628272, 0.009349999998907525603 ) ) ;
#2331 = DIRECTION ( 'NONE',  ( -0.000000000000000000, -0.000000000000000000, -1.000000000000000000 ) ) ;
#2332 = DIRECTION ( 'NONE',  ( -0.000000000000000000, -0.000000000000000000, -1.000000000000000000 ) ) ;
#2333 = CARTESIAN_POINT ( 'NONE',  ( 0.002249999999999999830, 0.000000000000000000, 0.004599999997815050652 ) ) ;
#2334 = CARTESIAN_POINT ( 'NONE',  ( 1.642871457563348924E-19, 0.002683012700000000049, 0.001249999998907525174 ) ) ;
#2335 = EDGE_CURVE ( 'NONE', #4601, #1658, #405, .T. ) ;
#2336 = ADVANCED_FACE ( 'NONE', ( #3058 ), #1854, .F. ) ;
#2337 = CARTESIAN_POINT ( 'NONE',  ( -0.002683012700000000049, 3.285742915126697848E-19, 0.008749999998907525764 ) ) ;
#2338 = CARTESIAN_POINT ( 'NONE',  ( -0.002250000000000000697, 0.0009319805153394642491, 0.006549999997815050996 ) ) ;
#2339 = CYLINDRICAL_SURFACE ( 'NONE', #684, 0.002249999999999999830 ) ;
#2340 = CARTESIAN_POINT ( 'NONE',  ( -0.001897176474179628489, -0.001897176474179627838, 0.008049999998907524795 ) ) ;
#2341 = CARTESIAN_POINT ( 'NONE',  ( -0.002683012700000000916, 0.001111340248359256495, 0.004599999998907525721 ) ) ;
#2342 = CARTESIAN_POINT ( 'NONE',  ( 0.001111340248359257146, -0.002683012700000000049, 0.01049999999890752558 ) ) ;
#2343 = CARTESIAN_POINT ( 'NONE',  ( -0.0009319805153394637070, 0.002250000000000000697, 0.008049999997815049727 ) ) ;
#2344 = CARTESIAN_POINT ( 'NONE',  ( -0.001897176474179628489, -0.001897176474179627838, 0.01124999999890752451 ) ) ;
#2345 = CARTESIAN_POINT ( 'NONE',  ( -0.001590990257669731714, 0.001590990257669731931, 0.01049999999781505051 ) ) ;
#2346 = CARTESIAN_POINT ( 'NONE',  ( -0.002250000000000000697, 0.0009319805153394642491, 0.008349999999999999784 ) ) ;
#2347 = EDGE_LOOP ( 'NONE', ( #1453, #2568, #4333, #752 ) ) ;
#2348 = CARTESIAN_POINT ( 'NONE',  ( 1.377727649040772196E-19, 0.002249999999999999830, 0.001599999997815050373 ) ) ;
#2349 = DIRECTION ( 'NONE',  ( -0.000000000000000000, -0.000000000000000000, -1.000000000000000000 ) ) ;
#2350 = CARTESIAN_POINT ( 'NONE',  ( -0.001111340248359256062, 0.002683012700000000916, 0.002999999998907524994 ) ) ;
#2351 = CARTESIAN_POINT ( 'NONE',  ( -0.001897176474179628489, -0.001897176474179627838, 0.009549999998907526128 ) ) ;
#2352 = CARTESIAN_POINT ( 'NONE',  ( -0.001590990257669731714, 0.001590990257669731931, 0.01209999999781504951 ) ) ;
#2353 = CARTESIAN_POINT ( 'NONE',  ( -0.002249999999999999830, 2.755455298081544393E-19, 0.005799999997815051198 ) ) ;
#2354 = CARTESIAN_POINT ( 'NONE',  ( 0.002249999999999999830, 0.000000000000000000, 0.002999999997815050792 ) ) ;
#2355 = CARTESIAN_POINT ( 'NONE',  ( -0.001897176474179628489, -0.001897176474179627838, 0.0007499999989075251637 ) ) ;
#2356 = CARTESIAN_POINT ( 'NONE',  ( 0.002683012700000000916, 0.001111340248359256279, 0.008399999998907524412 ) ) ;
#2357 = FACE_OUTER_BOUND ( 'NONE', #571, .T. ) ;
#2358 = CARTESIAN_POINT ( 'NONE',  ( -0.002250000000000006335, 0.0009319805153394578523, 0.005150000000000000931 ) ) ;
#2359 = CARTESIAN_POINT ( 'NONE',  ( 0.001111340248359256495, 0.002683012700000000916, 0.008499999998907525542 ) ) ;
#2360 = CARTESIAN_POINT ( 'NONE',  ( -0.002683012700000000916, 0.001111340248359256495, 0.003799999998907525791 ) ) ;
#2361 = ORIENTED_EDGE ( 'NONE', *, *, #4410, .F. ) ;
#2362 = ORIENTED_EDGE ( 'NONE', *, *, #1526, .F. ) ;
#2363 =( BOUNDED_CURVE ( )  B_SPLINE_CURVE ( 2, ( #1858, #2866, #2894, #2165, #2188, #4348, #1806, #4004, #1043 ),
 .UNSPECIFIED., .F., .T. ) 
 B_SPLINE_CURVE_WITH_KNOTS ( ( 3, 2, 2, 2, 3 ),
 ( 0.5500000000000000444, 0.5562500000000000222, 0.5625000000000001110, 0.5687500000000000888, 0.5750000000000000666 ),
 .UNSPECIFIED. ) 
 CURVE ( )  GEOMETRIC_REPRESENTATION_ITEM ( )  RATIONAL_B_SPLINE_CURVE ( ( 1.000000000000000000, 0.9238795325112867385, 1.000000000000000000, 0.9238795325112867385, 1.000000000000000000, 0.9238795325112867385, 1.000000000000000000, 0.9238795325112854062, 1.000000000000001332 ) ) 
 REPRESENTATION_ITEM ( '' )  );
#2364 = CARTESIAN_POINT ( 'NONE',  ( 0.001897176474179628272, 0.001897176474179628272, 0.01474999999890752589 ) ) ;
#2365 = CARTESIAN_POINT ( 'NONE',  ( -0.0009319805153394651164, -0.002249999999999999830, 0.01234999999781504973 ) ) ;
#2366 = CARTESIAN_POINT ( 'NONE',  ( -0.001111340248359257796, -0.002683012700000000049, 0.01049999999890752558 ) ) ;
#2367 = DIRECTION ( 'NONE',  ( -1.000000000000000000, 0.000000000000000000, 0.000000000000000000 ) ) ;
#2368 = CARTESIAN_POINT ( 'NONE',  ( -0.001590990257669731714, 0.001590990257669731931, 0.008300000000000000086 ) ) ;
#2369 = CARTESIAN_POINT ( 'NONE',  ( 0.002249999999999999830, 0.000000000000000000, 0.006199999997815050512 ) ) ;
#2370 = CIRCLE ( 'NONE', #2994, 0.002249999999999999830 ) ;
#2371 = CYLINDRICAL_SURFACE ( 'NONE', #1444, 0.002249999999999999830 ) ;
#2372 = CARTESIAN_POINT ( 'NONE',  ( 0.002250000000000000697, 0.0009319805153394639238, 0.007049999997815050573 ) ) ;
#2373 = VECTOR ( 'NONE', #1295, 1.000000000000000000 ) ;
#2374 = CARTESIAN_POINT ( 'NONE',  ( -0.002683012700000000049, 3.285742915126697848E-19, 0.002349999998907525457 ) ) ;
#2375 = CARTESIAN_POINT ( 'NONE',  ( 0.002683012700000000049, -0.001111340248359258013, 0.009799999998907526350 ) ) ;
#2376 = CARTESIAN_POINT ( 'NONE',  ( 0.001590990257669731497, -0.001590990257669732148, 0.0006999999999999999929 ) ) ;
#2377 = AXIS2_PLACEMENT_3D ( 'NONE', #1207, #2992, #2676 ) ;
#2378 = EDGE_LOOP ( 'NONE', ( #4723, #3483 ) ) ;
#2379 = CARTESIAN_POINT ( 'NONE',  ( 0.000000000000000000, 0.000000000000000000, 0.000000000000000000 ) ) ;
#2380 = DIRECTION ( 'NONE',  ( 1.000000000000000000, 0.000000000000000000, -0.000000000000000000 ) ) ;
#2381 = CARTESIAN_POINT ( 'NONE',  ( 0.001111340248359256495, 0.002683012700000000916, 0.0003999999989075252757 ) ) ;
#2382 = CARTESIAN_POINT ( 'NONE',  ( -0.001590990257669732148, -0.001590990257669731714, 0.008500000000000000611 ) ) ;
#2383 = CARTESIAN_POINT ( 'NONE',  ( 0.002683012700000000049, 0.000000000000000000, 0.008349999998907524715 ) ) ;
#2384 = ADVANCED_FACE ( 'NONE', ( #3542 ), #921, .F. ) ;
#2385 = CARTESIAN_POINT ( 'NONE',  ( 0.0009319805153394645743, -0.002249999999999999830, 0.001249999997815050539 ) ) ;
#2386 = DIRECTION ( 'NONE',  ( -1.000000000000000000, 0.000000000000000000, 0.000000000000000000 ) ) ;
#2387 = CARTESIAN_POINT ( 'NONE',  ( -0.001111340248359257796, -0.002683012700000000049, 0.007199999998907526469 ) ) ;
#2388 = ORIENTED_EDGE ( 'NONE', *, *, #1599, .F. ) ;
#2389 = EDGE_CURVE ( 'NONE', #3214, #208, #3511, .T. ) ;
#2390 = CARTESIAN_POINT ( 'NONE',  ( 0.001111340248359256495, 0.002683012700000000916, 0.0004999999989075251585 ) ) ;
#2391 = CARTESIAN_POINT ( 'NONE',  ( -0.002683012700000000916, 0.001111340248359256495, 0.01349999999890752478 ) ) ;
#2392 = CARTESIAN_POINT ( 'NONE',  ( -0.001897176474179628489, -0.001897176474179627838, 0.0008499999989075252092 ) ) ;
#2393 = CARTESIAN_POINT ( 'NONE',  ( 0.002249999999999999830, -0.0009319805153394653333, 0.01034999999999999809 ) ) ;
#2394 = CARTESIAN_POINT ( 'NONE',  ( -0.0009319805153394651164, -0.002249999999999999830, 0.005949999997815051157 ) ) ;
#2395 =( BOUNDED_CURVE ( )  B_SPLINE_CURVE ( 2, ( #1267, #2023, #4530, #2398, #3141, #4603, #3442, #3872, #1222 ),
 .UNSPECIFIED., .F., .F. ) 
 B_SPLINE_CURVE_WITH_KNOTS ( ( 3, 2, 2, 2, 3 ),
 ( 0.6250000000000000000, 0.6312499999999999778, 0.6374999999999999556, 0.6437500000000001554, 0.6500000000000001332 ),
 .UNSPECIFIED. ) 
 CURVE ( )  GEOMETRIC_REPRESENTATION_ITEM ( )  RATIONAL_B_SPLINE_CURVE ( ( 1.000000000000000000, 0.9238795325112867385, 1.000000000000000000, 0.9238795325112867385, 1.000000000000000000, 0.9238795325112867385, 1.000000000000000000, 0.9238795325112854062, 1.000000000000001332 ) ) 
 REPRESENTATION_ITEM ( '' )  );
#2396 = CARTESIAN_POINT ( 'NONE',  ( -0.002683012700000000049, 3.285742915126697848E-19, 0.01274999999890752585 ) ) ;
#2397 = DIRECTION ( 'NONE',  ( -0.000000000000000000, -0.000000000000000000, -1.000000000000000000 ) ) ;
#2398 = CARTESIAN_POINT ( 'NONE',  ( -0.0009319805153394651164, -0.002249999999999999830, 0.01015000000000000104 ) ) ;
#2399 = CARTESIAN_POINT ( 'NONE',  ( 0.001111340248359256495, 0.002683012700000000916, 0.005299999998907525822 ) ) ;
#2400 = CARTESIAN_POINT ( 'NONE',  ( 0.002683012700000000049, 0.000000000000000000, 0.009049999998907525683 ) ) ;
#2401 = CARTESIAN_POINT ( 'NONE',  ( -0.001111340248359256062, 0.002683012700000000916, 0.004499999998907525459 ) ) ;
#2402 = DIRECTION ( 'NONE',  ( -0.000000000000000000, -0.000000000000000000, -1.000000000000000000 ) ) ;
#2403 = EDGE_CURVE ( 'NONE', #2843, #1974, #695, .T. ) ;
#2404 = DIRECTION ( 'NONE',  ( 1.000000000000000000, 0.000000000000000000, 0.000000000000000000 ) ) ;
#2405 = PLANE ( 'NONE',  #3452 ) ;
#2406 =( BOUNDED_CURVE ( )  B_SPLINE_CURVE ( 2, ( #798, #1083, #425, #4387, #1872, #353, #3342, #4040, #68 ),
 .UNSPECIFIED., .F., .T. ) 
 B_SPLINE_CURVE_WITH_KNOTS ( ( 3, 2, 2, 2, 3 ),
 ( 0.4750000000000000333, 0.4812500000000000666, 0.4875000000000000444, 0.4937500000000000222, 0.5000000000000000000 ),
 .UNSPECIFIED. ) 
 CURVE ( )  GEOMETRIC_REPRESENTATION_ITEM ( )  RATIONAL_B_SPLINE_CURVE ( ( 0.9999999999999993339, 0.9238795325112874046, 1.000000000000000000, 0.9238795325112867385, 1.000000000000000000, 0.9238795325112867385, 1.000000000000000000, 0.9238795325112867385, 1.000000000000000000 ) ) 
 REPRESENTATION_ITEM ( '' )  );
#2407 = CARTESIAN_POINT ( 'NONE',  ( 0.002683012700000000049, 0.000000000000000000, 0.001049999998907525300 ) ) ;
#2408 = CARTESIAN_POINT ( 'NONE',  ( -0.001111340248359257796, -0.002683012700000000049, 0.003199999998907525085 ) ) ;
#2409 = CARTESIAN_POINT ( 'NONE',  ( -4.928614372690046772E-19, -0.002683012700000000049, 0.009749999998907524917 ) ) ;
#2410 = CARTESIAN_POINT ( 'NONE',  ( -0.002249999999999999830, 2.755455298081544393E-19, 0.002000000000000000042 ) ) ;
#2411 = CARTESIAN_POINT ( 'NONE',  ( -0.001590990257669732148, -0.001590990257669731714, 0.002900000000000000234 ) ) ;
#2412 = CARTESIAN_POINT ( 'NONE',  ( 0.001897176474179628272, 0.001897176474179628272, 0.007549999998907525219 ) ) ;
#2413 = ORIENTED_EDGE ( 'NONE', *, *, #550, .T. ) ;
#2414 = CARTESIAN_POINT ( 'NONE',  ( -0.001111340248359256062, 0.002683012700000000916, 0.01569999999890752534 ) ) ;
#2415 = CARTESIAN_POINT ( 'NONE',  ( -0.002683012700000000049, 3.285742915126697848E-19, 0.01354999999890752448 ) ) ;
#2416 = CARTESIAN_POINT ( 'NONE',  ( 0.001897176474179627622, -0.001897176474179628489, 0.003449999998907525740 ) ) ;
#2417 = CARTESIAN_POINT ( 'NONE',  ( 0.002249999999999999830, 0.000000000000000000, 0.01360000000000000098 ) ) ;
#2418 = CARTESIAN_POINT ( 'NONE',  ( 0.002683012700000000049, 0.000000000000000000, 0.01554999999890752452 ) ) ;
#2419 = CARTESIAN_POINT ( 'NONE',  ( -0.002249999999999994192, -0.0009319805153394696701, 0.005250000000000000326 ) ) ;
#2420 = CARTESIAN_POINT ( 'NONE',  ( 1.377727649040772196E-19, 0.002249999999999999830, 0.01060000000000000005 ) ) ;
#2421 = CARTESIAN_POINT ( 'NONE',  ( 0.001111340248359257146, -0.002683012700000000049, 0.004199999998907525539 ) ) ;
#2422 = CARTESIAN_POINT ( 'NONE',  ( 0.001111340248359257146, -0.002683012700000000049, 0.01129999999890752595 ) ) ;
#2423 = CARTESIAN_POINT ( 'NONE',  ( 0.002249999999999999830, -0.0009319805153394653333, 0.003150000000000000890 ) ) ;
#2424 =( BOUNDED_CURVE ( )  B_SPLINE_CURVE ( 2, ( #910, #1285, #3185, #2043, #2752, #271, #3850, #1709, #533 ),
 .UNSPECIFIED., .F., .F. ) 
 B_SPLINE_CURVE_WITH_KNOTS ( ( 3, 2, 2, 2, 3 ),
 ( 0.6750000000000000444, 0.6812500000000000222, 0.6875000000000001110, 0.6937500000000000888, 0.7000000000000000666 ),
 .UNSPECIFIED. ) 
 CURVE ( )  GEOMETRIC_REPRESENTATION_ITEM ( )  RATIONAL_B_SPLINE_CURVE ( ( 1.000000000000000000, 0.9238795325112867385, 1.000000000000000000, 0.9238795325112867385, 1.000000000000000000, 0.9238795325112867385, 1.000000000000000000, 0.9238795325112854062, 1.000000000000001332 ) ) 
 REPRESENTATION_ITEM ( '' )  );
#2425 = CARTESIAN_POINT ( 'NONE',  ( 0.002466506349999999723, 0.000000000000000000, 0.0004749999983612877754 ) ) ;
#2426 = CARTESIAN_POINT ( 'NONE',  ( -0.002249999999999999830, 2.755455298081544393E-19, 0.003399999997815050107 ) ) ;
#2427 = CARTESIAN_POINT ( 'NONE',  ( 0.001897176474179628272, 0.001897176474179628272, 0.002749999998907525205 ) ) ;
#2428 = ORIENTED_EDGE ( 'NONE', *, *, #157, .T. ) ;
#2429 = CARTESIAN_POINT ( 'NONE',  ( 0.002683012700000000916, 0.001111340248359256279, 0.009199999998907526511 ) ) ;
#2430 = CARTESIAN_POINT ( 'NONE',  ( 1.377727649040772196E-19, 0.002249999999999999830, 0.007400000000000000328 ) ) ;
#2431 = FACE_OUTER_BOUND ( 'NONE', #4404, .T. ) ;
#2432 = CARTESIAN_POINT ( 'NONE',  ( -0.002683012700000000916, -0.001111340248359255845, 0.006299999998907525843 ) ) ;
#2433 = ORIENTED_EDGE ( 'NONE', *, *, #4667, .T. ) ;
#2434 = CARTESIAN_POINT ( 'NONE',  ( -4.928614372690046772E-19, -0.002683012700000000049, 0.01524999999890752633 ) ) ;
#2435 = CARTESIAN_POINT ( 'NONE',  ( 0.002683012700000000049, 0.000000000000000000, 0.01554999999890752452 ) ) ;
#2436 = CARTESIAN_POINT ( 'NONE',  ( 0.001897176474179628272, 0.001897176474179628272, 0.004449999998907525761 ) ) ;
#2437 = CARTESIAN_POINT ( 'NONE',  ( -0.001590990257669732148, -0.001590990257669731714, 0.01170000000000000033 ) ) ;
#2438 = CARTESIAN_POINT ( 'NONE',  ( 0.000000000000000000, 0.000000000000000000, 0.01799999999999999864 ) ) ;
#2439 = CARTESIAN_POINT ( 'NONE',  ( -0.002683012700000000916, -0.001111340248359255845, 0.01279999999890752728 ) ) ;
#2440 = CARTESIAN_POINT ( 'NONE',  ( 0.001590990257669731497, -0.001590990257669732148, 0.005500000000000000548 ) ) ;
#2441 = LINE ( 'NONE', #2121, #1525 ) ;
#2442 = CARTESIAN_POINT ( 'NONE',  ( -0.002683012700000000916, 0.001111340248359256495, 0.005499999998907525479 ) ) ;
#2443 = CARTESIAN_POINT ( 'NONE',  ( -0.002683012700000000916, -0.001111340248359255845, 0.01429999999890752688 ) ) ;
#2444 = AXIS2_PLACEMENT_3D ( 'NONE', #1465, #1015, #1038 ) ;
#2445 = CARTESIAN_POINT ( 'NONE',  ( -0.002249999999999999830, 2.755455298081544393E-19, 0.002799999999999999972 ) ) ;
#2446 = ORIENTED_EDGE ( 'NONE', *, *, #4100, .T. ) ;
#2447 = EDGE_CURVE ( 'NONE', #2978, #1480, #2560, .T. ) ;
#2448 = CARTESIAN_POINT ( 'NONE',  ( 0.002249999999999999830, 0.000000000000000000, 0.003799999997815050289 ) ) ;
#2449 = CARTESIAN_POINT ( 'NONE',  ( -0.0009319805153394651164, -0.002249999999999999830, 0.002749999997815050570 ) ) ;
#2450 = CARTESIAN_POINT ( 'NONE',  ( -0.001897176474179628489, -0.001897176474179627838, 0.005549999998907525177 ) ) ;
#2451 = CARTESIAN_POINT ( 'NONE',  ( 0.001111340248359257146, -0.002683012700000000049, 0.002499999998907525417 ) ) ;
#2452 = CARTESIAN_POINT ( 'NONE',  ( 0.002683012700000000049, 0.000000000000000000, 0.0003499999989075251988 ) ) ;
#2453 = CARTESIAN_POINT ( 'NONE',  ( 0.002683012700000000049, 0.000000000000000000, 0.01074999999890752581 ) ) ;
#2454 = VECTOR ( 'NONE', #2965, 1.000000000000000000 ) ;
#2455 = CARTESIAN_POINT ( 'NONE',  ( 0.001111340248359256495, 0.002683012700000000916, 0.01249999999890752563 ) ) ;
#2456 = AXIS2_PLACEMENT_3D ( 'NONE', #680, #2184, #2862 ) ;
#2457 = CARTESIAN_POINT ( 'NONE',  ( -0.002249999999999999830, 2.755455298081544393E-19, 0.009799999997815049546 ) ) ;
#2458 = CARTESIAN_POINT ( 'NONE',  ( -0.002249999999999999830, 2.755455298081544393E-19, 0.007599999999999999985 ) ) ;
#2459 = CARTESIAN_POINT ( 'NONE',  ( 0.000000000000000000, 0.000000000000000000, 0.01799999999999999864 ) ) ;
#2460 = CARTESIAN_POINT ( 'NONE',  ( 0.001111340248359256495, 0.002683012700000000916, 0.006799999998907525420 ) ) ;
#2461 = CARTESIAN_POINT ( 'NONE',  ( 0.002683012700000000916, 0.001111340248359256279, 0.01549999999890752655 ) ) ;
#2462 = CARTESIAN_POINT ( 'NONE',  ( 0.001111340248359256495, 0.002683012700000000916, 0.01569999999890752534 ) ) ;
#2463 = CARTESIAN_POINT ( 'NONE',  ( -0.002683012700000000916, -0.001111340248359255845, 0.001599999998907525658 ) ) ;
#2464 = CARTESIAN_POINT ( 'NONE',  ( -0.0009319805153394651164, -0.002249999999999999830, 0.01255000000000000039 ) ) ;
#2465 = CARTESIAN_POINT ( 'NONE',  ( -0.001111340248359257796, -0.002683012700000000049, 0.01449999999890752567 ) ) ;
#2466 = CARTESIAN_POINT ( 'NONE',  ( -0.0009319805153394637070, 0.002250000000000000697, 0.005850000000000000165 ) ) ;
#2467 = CARTESIAN_POINT ( 'NONE',  ( 0.001590990257669731931, 0.001590990257669731931, 0.0006999999978150503975 ) ) ;
#2468 = CARTESIAN_POINT ( 'NONE',  ( -4.928614372690046772E-19, -0.002683012700000000049, 0.005749999998907525701 ) ) ;
#2469 = CARTESIAN_POINT ( 'NONE',  ( -4.928614372690046772E-19, -0.002683012700000000049, 0.01444999999890752597 ) ) ;
#2470 = CARTESIAN_POINT ( 'NONE',  ( -0.0009319805153394651164, -0.002249999999999999830, 0.002150000000000000001 ) ) ;
#2471 = EDGE_LOOP ( 'NONE', ( #1913, #196, #779, #2075 ) ) ;
#2472 = CARTESIAN_POINT ( 'NONE',  ( -0.002250000000000003733, -0.0009319805153394604543, 0.003449999997815051105 ) ) ;
#2473 = ADVANCED_FACE ( 'NONE', ( #111 ), #1148, .T. ) ;
#2474 = CARTESIAN_POINT ( 'NONE',  ( -0.0009319805153394637070, 0.002250000000000000697, 0.01385000000000000293 ) ) ;
#2475 = CARTESIAN_POINT ( 'NONE',  ( 0.002683012700000000916, 0.001111340248359256279, 0.003499999998907525438 ) ) ;
#2476 = CARTESIAN_POINT ( 'NONE',  ( -0.002683012700000000916, 0.001111340248359256495, 0.003799999998907525791 ) ) ;
#2477 = CARTESIAN_POINT ( 'NONE',  ( -0.001897176474179627838, 0.001897176474179628272, 0.01184999999890752435 ) ) ;
#2478 = ADVANCED_FACE ( 'NONE', ( #2247 ), #1844, .F. ) ;
#2479 = CARTESIAN_POINT ( 'NONE',  ( -4.928614372690046772E-19, -0.002683012700000000049, 0.01054999999890752528 ) ) ;
#2480 = CARTESIAN_POINT ( 'NONE',  ( -0.001590990257669731714, 0.001590990257669731931, 0.01209999999781504951 ) ) ;
#2481 = DIRECTION ( 'NONE',  ( -1.000000000000000000, 0.000000000000000000, 0.000000000000000000 ) ) ;
#2482 = CARTESIAN_POINT ( 'NONE',  ( -4.133182947122316589E-19, -0.002249999999999999830, 0.006799999997815051218 ) ) ;
#2483 =( NAMED_UNIT ( * ) SI_UNIT ( $, .STERADIAN. ) SOLID_ANGLE_UNIT ( ) );
#2484 = CARTESIAN_POINT ( 'NONE',  ( -0.001897176474179627838, 0.001897176474179628272, 0.005349999998907525520 ) ) ;
#2485 = CARTESIAN_POINT ( 'NONE',  ( 0.001897176474179627622, -0.001897176474179628489, 0.003449999998907525740 ) ) ;
#2486 = CARTESIAN_POINT ( 'NONE',  ( -0.002683012700000000916, 0.001111340248359256495, 0.01509999999890752551 ) ) ;
#2487 = CARTESIAN_POINT ( 'NONE',  ( -0.002683012700000000916, -0.001111340248359255845, 0.003999999998907525015 ) ) ;
#2488 = CARTESIAN_POINT ( 'NONE',  ( 0.001590990257669731931, 0.001590990257669731931, 0.01290000000000000001 ) ) ;
#2489 = CARTESIAN_POINT ( 'NONE',  ( -0.001897176474179628489, -0.001897176474179627838, 0.01604999999890752843 ) ) ;
#2490 = CARTESIAN_POINT ( 'NONE',  ( -4.133182947122316589E-19, -0.002249999999999999830, 0.005400000000000000286 ) ) ;
#2491 = CARTESIAN_POINT ( 'NONE',  ( -0.002250000000000006335, 0.0009319805153394578523, 0.007349999997815050493 ) ) ;
#2492 = CARTESIAN_POINT ( 'NONE',  ( 0.001897176474179628272, 0.001897176474179628272, 0.005249999998907525257 ) ) ;
#2493 = CARTESIAN_POINT ( 'NONE',  ( 0.001897176474179628272, 0.001897176474179628272, 0.01314999999890752516 ) ) ;
#2494 = CARTESIAN_POINT ( 'NONE',  ( 1.377727649040772196E-19, 0.002249999999999999830, 0.002600000000000000314 ) ) ;
#2495 = VERTEX_POINT ( 'NONE', #2646 ) ;
#2496 = DIRECTION ( 'NONE',  ( -0.000000000000000000, -0.000000000000000000, -1.000000000000000000 ) ) ;
#2497 = DIRECTION ( 'NONE',  ( -0.000000000000000000, -0.000000000000000000, -1.000000000000000000 ) ) ;
#2498 = CARTESIAN_POINT ( 'NONE',  ( 0.001111340248359256495, 0.002683012700000000916, 0.004399999998907525196 ) ) ;
#2499 = CARTESIAN_POINT ( 'NONE',  ( 0.001111340248359256495, 0.002683012700000000916, 0.01249999999890752563 ) ) ;
#2500 = CARTESIAN_POINT ( 'NONE',  ( -0.002683012700000000049, 3.285742915126697848E-19, 0.01114999999890752512 ) ) ;
#2501 = CARTESIAN_POINT ( 'NONE',  ( -0.001590990257669731714, 0.001590990257669731931, 0.009699999997815050151 ) ) ;
#2502 = CARTESIAN_POINT ( 'NONE',  ( 0.000000000000000000, 0.000000000000000000, 0.01799999999999999864 ) ) ;
#2503 = CARTESIAN_POINT ( 'NONE',  ( 0.000000000000000000, 0.000000000000000000, 0.01799999999999999864 ) ) ;
#2504 = CARTESIAN_POINT ( 'NONE',  ( -0.002683012700000000049, 3.285742915126697848E-19, 0.008649999998907526369 ) ) ;
#2505 = CARTESIAN_POINT ( 'NONE',  ( -0.002683012700000000916, -0.001111340248359255845, 0.0007999999989075252949 ) ) ;
#2506 = FACE_OUTER_BOUND ( 'NONE', #1636, .T. ) ;
#2507 = CARTESIAN_POINT ( 'NONE',  ( -0.001897176474179628489, -0.001897176474179627838, 0.001649999998907525356 ) ) ;
#2508 = CARTESIAN_POINT ( 'NONE',  ( 0.001590990257669731497, -0.001590990257669732148, 0.01510000000000000057 ) ) ;
#2509 = CARTESIAN_POINT ( 'NONE',  ( 0.001111340248359256495, 0.002683012700000000916, 0.005999999998907525056 ) ) ;
#2510 = ORIENTED_EDGE ( 'NONE', *, *, #3251, .T. ) ;
#2511 = CARTESIAN_POINT ( 'NONE',  ( 0.001590990257669731497, -0.001590990257669732148, 0.002099999997815050166 ) ) ;
#2512 = CARTESIAN_POINT ( 'NONE',  ( 0.002249999999999999830, -0.0009319805153394653333, 0.005349999997815049584 ) ) ;
#2513 = CARTESIAN_POINT ( 'NONE',  ( 0.002249999999999999830, 0.000000000000000000, 0.0005999999978150503521 ) ) ;
#2514 = CARTESIAN_POINT ( 'NONE',  ( -0.002683012700000000049, 3.285742915126697848E-19, 0.008749999998907525764 ) ) ;
#2515 = CARTESIAN_POINT ( 'NONE',  ( 0.001111340248359256495, 0.002683012700000000916, 0.01479999999890752732 ) ) ;
#2516 = CARTESIAN_POINT ( 'NONE',  ( -0.001590990257669732148, -0.001590990257669731714, 0.002900000000000000234 ) ) ;
#2517 = ORIENTED_EDGE ( 'NONE', *, *, #4699, .F. ) ;
#2518 =( BOUNDED_CURVE ( )  B_SPLINE_CURVE ( 2, ( #4708, #1362, #2888, #28, #1437, #286, #3999, #1727, #1388 ),
 .UNSPECIFIED., .F., .F. ) 
 B_SPLINE_CURVE_WITH_KNOTS ( ( 3, 2, 2, 2, 3 ),
 ( 0.5750000000000000666, 0.5812500000000001554, 0.5875000000000001332, 0.5937500000000001110, 0.6000000000000000888 ),
 .UNSPECIFIED. ) 
 CURVE ( )  GEOMETRIC_REPRESENTATION_ITEM ( )  RATIONAL_B_SPLINE_CURVE ( ( 0.9999999999999986677, 0.9238795325112880708, 1.000000000000000000, 0.9238795325112867385, 1.000000000000000000, 0.9238795325112867385, 1.000000000000000000, 0.9238795325112854062, 1.000000000000001332 ) ) 
 REPRESENTATION_ITEM ( '' )  );
#2519 = CARTESIAN_POINT ( 'NONE',  ( 0.002683012700000000916, 0.001111340248359256279, 0.01549999999890752655 ) ) ;
#2520 = CARTESIAN_POINT ( 'NONE',  ( -0.001590990257669732148, -0.001590990257669731714, 0.003499999997815050369 ) ) ;
#2521 = CARTESIAN_POINT ( 'NONE',  ( 0.002249999999999999830, 0.000000000000000000, 0.005599999999999999943 ) ) ;
#2522 = CARTESIAN_POINT ( 'NONE',  ( 0.001897176474179627622, -0.001897176474179628489, 0.004949999998907525338 ) ) ;
#2523 = AXIS2_PLACEMENT_3D ( 'NONE', #4713, #1493, #3623 ) ;
#2524 = CARTESIAN_POINT ( 'NONE',  ( -0.002683012700000000916, 0.001111340248359256495, 0.01189999999890752579 ) ) ;
#2525 = CARTESIAN_POINT ( 'NONE',  ( -0.002249999999999999830, 2.755455298081544393E-19, 0.01139999999781505027 ) ) ;
#2526 = CARTESIAN_POINT ( 'NONE',  ( 0.0009319805153394645743, -0.002249999999999999830, 0.01404999999781504985 ) ) ;
#2527 = VECTOR ( 'NONE', #2766, 1.000000000000000000 ) ;
#2528 = CARTESIAN_POINT ( 'NONE',  ( 0.000000000000000000, 0.000000000000000000, 0.01799999999999999864 ) ) ;
#2529 = CARTESIAN_POINT ( 'NONE',  ( -0.001111340248359257796, -0.002683012700000000049, 0.007999999998907525098 ) ) ;
#2530 = EDGE_CURVE ( 'NONE', #825, #63, #4109, .T. ) ;
#2531 = CARTESIAN_POINT ( 'NONE',  ( 1.642871457563348924E-19, 0.002683012700000000049, 0.003749999998907525660 ) ) ;
#2532 = CARTESIAN_POINT ( 'NONE',  ( -0.002249999999999999830, 2.755455298081544393E-19, 0.01160000000000000094 ) ) ;
#2533 = CARTESIAN_POINT ( 'NONE',  ( 0.001897176474179628272, 0.001897176474179628272, 0.006849999998907525985 ) ) ;
#2534 = CARTESIAN_POINT ( 'NONE',  ( 0.002249999999999999830, -0.0009319805153394653333, 0.01515000000000000027 ) ) ;
#2535 = CARTESIAN_POINT ( 'NONE',  ( 1.642871457563348924E-19, 0.002683012700000000049, 0.005249999998907525257 ) ) ;
#2536 = ORIENTED_EDGE ( 'NONE', *, *, #2030, .F. ) ;
#2537 = CARTESIAN_POINT ( 'NONE',  ( 0.001590990257669731497, -0.001590990257669732148, 0.001299999997815050237 ) ) ;
#2538 = CARTESIAN_POINT ( 'NONE',  ( 1.377727649040772196E-19, 0.002249999999999999830, 0.006399999997815051037 ) ) ;
#2539 = CARTESIAN_POINT ( 'NONE',  ( 0.001897176474179627622, -0.001897176474179628489, 0.007449999998907525824 ) ) ;
#2540 = CARTESIAN_POINT ( 'NONE',  ( -0.001897176474179627838, 0.001897176474179628272, 0.01414999999890752605 ) ) ;
#2541 = CARTESIAN_POINT ( 'NONE',  ( 0.001590990257669731497, -0.001590990257669732148, 0.004700000000000000185 ) ) ;
#2542 = EDGE_CURVE ( 'NONE', #1236, #3656, #1867, .T. ) ;
#2543 = ORIENTED_EDGE ( 'NONE', *, *, #1185, .F. ) ;
#2544 = CARTESIAN_POINT ( 'NONE',  ( -0.002683012700000000916, -0.001111340248359255845, 0.01269999999890752788 ) ) ;
#2545 = CARTESIAN_POINT ( 'NONE',  ( 0.000000000000000000, 0.000000000000000000, 0.01799999999999999864 ) ) ;
#2546 = LINE ( 'NONE', #1849, #235 ) ;
#2547 = CARTESIAN_POINT ( 'NONE',  ( 0.001111340248359256495, 0.002683012700000000916, 0.005199999998907525560 ) ) ;
#2548 = DIRECTION ( 'NONE',  ( -0.000000000000000000, -0.000000000000000000, -1.000000000000000000 ) ) ;
#2549 = ORIENTED_EDGE ( 'NONE', *, *, #3186, .F. ) ;
#2550 =( BOUNDED_CURVE ( )  B_SPLINE_CURVE ( 2, ( #4120, #823, #1159, #477, #3719, #2634, #3736, #4443, #452 ),
 .UNSPECIFIED., .F., .F. ) 
 B_SPLINE_CURVE_WITH_KNOTS ( ( 3, 2, 2, 2, 3 ),
 ( 0.6000000000000000888, 0.6062500000000000666, 0.6125000000000000444, 0.6187500000000000222, 0.6250000000000000000 ),
 .UNSPECIFIED. ) 
 CURVE ( )  GEOMETRIC_REPRESENTATION_ITEM ( )  RATIONAL_B_SPLINE_CURVE ( ( 0.9999999999999986677, 0.9238795325112880708, 1.000000000000000000, 0.9238795325112867385, 1.000000000000000000, 0.9238795325112867385, 1.000000000000000000, 0.9238795325112867385, 1.000000000000000000 ) ) 
 REPRESENTATION_ITEM ( '' )  );
#2551 = ADVANCED_FACE ( 'NONE', ( #3336 ), #3364, .F. ) ;
#2552 = CARTESIAN_POINT ( 'NONE',  ( 0.002683012700000000916, 0.001111340248359256279, 0.01079999999890752550 ) ) ;
#2553 = CARTESIAN_POINT ( 'NONE',  ( 0.0009319805153394640322, 0.002250000000000000697, 0.01594999999781505223 ) ) ;
#2554 = CARTESIAN_POINT ( 'NONE',  ( 1.377727649040772196E-19, 0.002249999999999999830, 0.008200000000000000691 ) ) ;
#2555 = CARTESIAN_POINT ( 'NONE',  ( 0.0009319805153394645743, -0.002249999999999999830, 0.006849999997815051783 ) ) ;
#2556 = CARTESIAN_POINT ( 'NONE',  ( 0.002683012700000000916, 0.001111340248359256279, 0.009099999998907527116 ) ) ;
#2557 = EDGE_LOOP ( 'NONE', ( #1028, #2302 ) ) ;
#2558 = CARTESIAN_POINT ( 'NONE',  ( -0.002683012700000000916, 0.001111340248359256495, 0.001499999998907525179 ) ) ;
#2559 = DIRECTION ( 'NONE',  ( -1.000000000000000000, 0.000000000000000000, 0.000000000000000000 ) ) ;
#2560 =( BOUNDED_CURVE ( )  B_SPLINE_CURVE ( 2, ( #3449, #963, #3105, #2381, #4266, #1635, #3496, #4610, #4589, #3878, #2355, #3833, #542, #3081, #1274, #4564, #2407, #873, #4653, #1317, #2334, #1251, #3806, #3858, #2032, #3898, #565, #3516, #1653, #1297, #2765, #2010, #210, #4243, #3474, #170, #229, #604, #3148, #2784, #522, #1968, #2717, #4191, #895, #2128, #3267, #2855, #304, #630, #3944, #3195, #2880, #3565, #4363, #281, #4676, #653, #704, #2912, #3241, #1383, #354, #1822, #1356, #2475, #4337, #2078, #2101, #1457, #3585, #1746, #3217, #1031, #1084, #3290, #1405, #1798, #4754, #4286, #4310, #4702, #1432, #2498, #2179, #3611, #2154, #1721, #1060, #988, #329, #3969, #3638, #4388, #2522, #3660, #1774, #675, #4726, #2547, #4017, #22, #2830, #3994, #726, #378, #2450, #3920, #1009, #496, #2987, #1850, #1923, #3032, #69, #1484, #3419, #4092, #3686, #3396, #4462, #116, #1943, #4115, #140, #426, #400, #844, #1155, #471, #3319, #3781, #1554, #3714, #799, #1130, #93, #4510, #1200, #2598, #1506, #4488, #3010, #1177, #447, #4438, #2671, #4136, #2307, #1530, #2651, #4041, #2938, #46, #819, #3343, #2630, #2252, #3755, #4415, #2964, #2229, #1104, #4067, #777, #3733, #2279, #2572, #749, #3369, #1899, #1873, #2204, #1668, #560, #2049, #2400, #4559, #3874, #187, #4262, #4238, #2330, #3122, #3053, #915, #2351, #2759, #940, #1649, #958, #2375, #3827, #1631, #580, #2025, #3802, #4211, #3510, #2691, #225, #2733, #3853, #2006, #3893, #3099, #518, #3143, #4628, #3468, #165, #3536, #3491, #1965, #1312, #4585, #1247, #2713, #205, #2780, #1578, #2422, #537, #1269, #600, #891, #4605, #1291, #1985, #4533, #3077, #4184, #1224, #3444, #4161, #1603, #869, #2172, #2903, #3988, #719, #3914, #250, #3581, #1399, #299, #1377, #4697, #1716, #2799, #2848, #1792, #3235, #3605, #1741, #4380, #276, #3212, #2493, #4331, #1769, #1026, #1005, #1333, #4671, #624, #324, #4281, #4721, #981, #2072, #1352, #2875, #3632, #3963, #1077, #1693, #347, #2540, #697, #4305, #2443, #2823, #3164, #2469, #3190, #3939, #670, #3261, #4012, #2123, #2515, #2148, #4648, #648, #3561, #2095, #4357, #1053, #4747, #1426, #4408, #442, #373, #2982, #4431, #86, #1522, #3729, #1550, #4456, #1122, #3706, #3005, #4482, #1099, #1501, #1171, #16, #2274, #1451 ),
 .UNSPECIFIED., .F., .F. ) 
 B_SPLINE_CURVE_WITH_KNOTS ( ( 3, 2, 2, 2, 2, 2, 2, 2, 2, 2, 2, 2, 2, 2, 2, 2, 2, 2, 2, 2, 2, 2, 2, 2, 2, 2, 2, 2, 2, 2, 2, 2, 2, 2, 2, 2, 2, 2, 2, 2, 2, 2, 2, 2, 2, 2, 2, 2, 2, 2, 2, 2, 2, 2, 2, 2, 2, 2, 2, 2, 2, 2, 2, 2, 2, 2, 2, 2, 2, 2, 2, 2, 2, 2, 2, 2, 2, 2, 2, 2, 2, 2, 2, 2, 2, 2, 2, 2, 2, 2, 2, 2, 2, 2, 2, 2, 2, 2, 2, 2, 2, 2, 2, 2, 2, 2, 2, 2, 2, 2, 2, 2, 2, 2, 2, 2, 2, 2, 2, 2, 2, 2, 2, 2, 2, 2, 2, 2, 2, 2, 2, 2, 2, 2, 2, 2, 2, 2, 2, 2, 2, 2, 2, 2, 2, 2, 2, 2, 2, 2, 2, 2, 2, 2, 2, 2, 2, 2, 2, 2, 3 ),
 ( 0.000000000000000000, 0.006250000000000000347, 0.01250000000000000069, 0.01874999999999999931, 0.02500000000000000139, 0.03125000000000000000, 0.03749999999999999861, 0.04374999999999999722, 0.05000000000000000278, 0.05625000000000000139, 0.06250000000000000000, 0.06875000000000000555, 0.07499999999999999722, 0.08125000000000000278, 0.08749999999999999445, 0.09375000000000000000, 0.1000000000000000056, 0.1062499999999999972, 0.1125000000000000028, 0.1187499999999999944, 0.1250000000000000000, 0.1312500000000000056, 0.1375000000000000111, 0.1437499999999999889, 0.1499999999999999944, 0.1562500000000000000, 0.1625000000000000056, 0.1687500000000000111, 0.1749999999999999889, 0.1812499999999999944, 0.1875000000000000000, 0.1937500000000000056, 0.2000000000000000111, 0.2062499999999999889, 0.2124999999999999944, 0.2187500000000000000, 0.2250000000000000056, 0.2312500000000000111, 0.2374999999999999889, 0.2437499999999999944, 0.2500000000000000000, 0.2562499999999999778, 0.2625000000000000111, 0.2687499999999999889, 0.2750000000000000222, 0.2812500000000000000, 0.2874999999999999778, 0.2937500000000000111, 0.2999999999999999889, 0.3062500000000000222, 0.3125000000000000000, 0.3187499999999999778, 0.3250000000000000111, 0.3312499999999999889, 0.3375000000000000222, 0.3437500000000000000, 0.3499999999999999778, 0.3562500000000000111, 0.3624999999999999889, 0.3687500000000000222, 0.3750000000000000000, 0.3812499999999999778, 0.3875000000000000111, 0.3937499999999999889, 0.4000000000000000222, 0.4062500000000000000, 0.4124999999999999778, 0.4187500000000000111, 0.4249999999999999889, 0.4312500000000000222, 0.4375000000000000000, 0.4437499999999999778, 0.4500000000000000111, 0.4562499999999999889, 0.4625000000000000222, 0.4687500000000000000, 0.4749999999999999778, 0.4812500000000000111, 0.4874999999999999889, 0.4937500000000000222, 0.5000000000000000000, 0.5062499999999999778, 0.5124999999999999556, 0.5187500000000000444, 0.5250000000000000222, 0.5312500000000000000, 0.5374999999999999778, 0.5437499999999999556, 0.5500000000000000444, 0.5562500000000000222, 0.5625000000000000000, 0.5687499999999999778, 0.5749999999999999556, 0.5812500000000000444, 0.5875000000000000222, 0.5937500000000000000, 0.5999999999999999778, 0.6062499999999999556, 0.6125000000000000444, 0.6187500000000000222, 0.6250000000000000000, 0.6312499999999999778, 0.6374999999999999556, 0.6437500000000000444, 0.6500000000000000222, 0.6562500000000000000, 0.6624999999999999778, 0.6687499999999999556, 0.6750000000000000444, 0.6812500000000000222, 0.6875000000000000000, 0.6937499999999999778, 0.6999999999999999556, 0.7062500000000000444, 0.7125000000000000222, 0.7187500000000000000, 0.7249999999999999778, 0.7312499999999999556, 0.7375000000000000444, 0.7437500000000000222, 0.7500000000000000000, 0.7562499999999999778, 0.7624999999999999556, 0.7687500000000000444, 0.7750000000000000222, 0.7812500000000000000, 0.7874999999999999778, 0.7937499999999999556, 0.8000000000000000444, 0.8062500000000000222, 0.8125000000000000000, 0.8187499999999999778, 0.8249999999999999556, 0.8312500000000000444, 0.8375000000000000222, 0.8437500000000000000, 0.8499999999999999778, 0.8562499999999999556, 0.8625000000000000444, 0.8687500000000000222, 0.8750000000000000000, 0.8812499999999999778, 0.8874999999999999556, 0.8937500000000000444, 0.9000000000000000222, 0.9062500000000000000, 0.9124999999999999778, 0.9187499999999999556, 0.9250000000000000444, 0.9312500000000000222, 0.9375000000000000000, 0.9437499999999999778, 0.9499999999999999556, 0.9562500000000000444, 0.9625000000000000222, 0.9687500000000000000, 0.9749999999999999778, 0.9812499999999999556, 0.9875000000000000444, 0.9937500000000000222, 1.000000000000000000 ),
 .UNSPECIFIED. ) 
 CURVE ( )  GEOMETRIC_REPRESENTATION_ITEM ( )  RATIONAL_B_SPLINE_CURVE ( ( 1.000000000000000000, 0.9238795325112867385, 1.000000000000000000, 0.9238795325112867385, 1.000000000000000000, 0.9238795325112867385, 1.000000000000000000, 0.9238795325112867385, 1.000000000000000000, 0.9238795325112867385, 1.000000000000000000, 0.9238795325112867385, 1.000000000000000000, 0.9238795325112867385, 1.000000000000000000, 0.9238795325112867385, 1.000000000000000000, 0.9238795325112867385, 1.000000000000000000, 0.9238795325112867385, 1.000000000000000000, 0.9238795325112867385, 1.000000000000000000, 0.9238795325112867385, 1.000000000000000000, 0.9238795325112867385, 1.000000000000000000, 0.9238795325112867385, 1.000000000000000000, 0.9238795325112867385, 1.000000000000000000, 0.9238795325112867385, 1.000000000000000000, 0.9238795325112867385, 1.000000000000000000, 0.9238795325112867385, 1.000000000000000000, 0.9238795325112867385, 1.000000000000000000, 0.9238795325112867385, 1.000000000000000000, 0.9238795325112867385, 1.000000000000000000, 0.9238795325112867385, 1.000000000000000000, 0.9238795325112867385, 1.000000000000000000, 0.9238795325112867385, 1.000000000000000000, 0.9238795325112867385, 1.000000000000000000, 0.9238795325112867385, 1.000000000000000000, 0.9238795325112867385, 1.000000000000000000, 0.9238795325112867385, 1.000000000000000000, 0.9238795325112867385, 1.000000000000000000, 0.9238795325112867385, 1.000000000000000000, 0.9238795325112867385, 1.000000000000000000, 0.9238795325112867385, 1.000000000000000000, 0.9238795325112867385, 1.000000000000000000, 0.9238795325112867385, 1.000000000000000000, 0.9238795325112867385, 1.000000000000000000, 0.9238795325112867385, 1.000000000000000000, 0.9238795325112867385, 1.000000000000000000, 0.9238795325112867385, 1.000000000000000000, 0.9238795325112867385, 1.000000000000000000, 0.9238795325112867385, 1.000000000000000000, 0.9238795325112867385, 1.000000000000000000, 0.9238795325112867385, 1.000000000000000000, 0.9238795325112867385, 1.000000000000000000, 0.9238795325112867385, 1.000000000000000000, 0.9238795325112867385, 1.000000000000000000, 0.9238795325112867385, 1.000000000000000000, 0.9238795325112867385, 1.000000000000000000, 0.9238795325112867385, 1.000000000000000000, 0.9238795325112867385, 1.000000000000000000, 0.9238795325112867385, 1.000000000000000000, 0.9238795325112867385, 1.000000000000000000, 0.9238795325112867385, 1.000000000000000000, 0.9238795325112867385, 1.000000000000000000, 0.9238795325112867385, 1.000000000000000000, 0.9238795325112867385, 1.000000000000000000, 0.9238795325112867385, 1.000000000000000000, 0.9238795325112867385, 1.000000000000000000, 0.9238795325112867385, 1.000000000000000000, 0.9238795325112867385, 1.000000000000000000, 0.9238795325112867385, 1.000000000000000000, 0.9238795325112867385, 1.000000000000000000, 0.9238795325112867385, 1.000000000000000000, 0.9238795325112867385, 1.000000000000000000, 0.9238795325112867385, 1.000000000000000000, 0.9238795325112867385, 1.000000000000000000, 0.9238795325112867385, 1.000000000000000000, 0.9238795325112867385, 1.000000000000000000, 0.9238795325112867385, 1.000000000000000000, 0.9238795325112867385, 1.000000000000000000, 0.9238795325112867385, 1.000000000000000000, 0.9238795325112867385, 1.000000000000000000, 0.9238795325112867385, 1.000000000000000000, 0.9238795325112867385, 1.000000000000000000, 0.9238795325112867385, 1.000000000000000000, 0.9238795325112867385, 1.000000000000000000, 0.9238795325112867385, 1.000000000000000000, 0.9238795325112867385, 1.000000000000000000, 0.9238795325112867385, 1.000000000000000000, 0.9238795325112867385, 1.000000000000000000, 0.9238795325112867385, 1.000000000000000000, 0.9238795325112867385, 1.000000000000000000, 0.9238795325112867385, 1.000000000000000000, 0.9238795325112867385, 1.000000000000000000, 0.9238795325112867385, 1.000000000000000000, 0.9238795325112867385, 1.000000000000000000, 0.9238795325112867385, 1.000000000000000000, 0.9238795325112867385, 1.000000000000000000, 0.9238795325112867385, 1.000000000000000000, 0.9238795325112867385, 1.000000000000000000, 0.9238795325112867385, 1.000000000000000000, 0.9238795325112867385, 1.000000000000000000, 0.9238795325112867385, 1.000000000000000000, 0.9238795325112867385, 1.000000000000000000, 0.9238795325112867385, 1.000000000000000000, 0.9238795325112867385, 1.000000000000000000, 0.9238795325112867385, 1.000000000000000000, 0.9238795325112867385, 1.000000000000000000, 0.9238795325112867385, 1.000000000000000000, 0.9238795325112867385, 1.000000000000000000, 0.9238795325112867385, 1.000000000000000000, 0.9238795325112867385, 1.000000000000000000, 0.9238795325112867385, 1.000000000000000000, 0.9238795325112867385, 1.000000000000000000, 0.9238795325112867385, 1.000000000000000000, 0.9238795325112867385, 1.000000000000000000, 0.9238795325112867385, 1.000000000000000000, 0.9238795325112867385, 1.000000000000000000, 0.9238795325112867385, 1.000000000000000000, 0.9238795325112867385, 1.000000000000000000, 0.9238795325112867385, 1.000000000000000000, 0.9238795325112867385, 1.000000000000000000, 0.9238795325112867385, 1.000000000000000000, 0.9238795325112867385, 1.000000000000000000, 0.9238795325112867385, 1.000000000000000000, 0.9238795325112867385, 1.000000000000000000, 0.9238795325112867385, 1.000000000000000000, 0.9238795325112867385, 1.000000000000000000, 0.9238795325112867385, 1.000000000000000000, 0.9238795325112867385, 1.000000000000000000, 0.9238795325112867385, 1.000000000000000000, 0.9238795325112867385, 1.000000000000000000, 0.9238795325112867385, 1.000000000000000000, 0.9238795325112867385, 1.000000000000000000, 0.9238795325112867385, 1.000000000000000000, 0.9238795325112867385, 1.000000000000000000, 0.9238795325112867385, 1.000000000000000000, 0.9238795325112867385, 1.000000000000000000, 0.9238795325112867385, 1.000000000000000000, 0.9238795325112867385, 1.000000000000000000, 0.9238795325112867385, 1.000000000000000000, 0.9238795325112867385, 1.000000000000000000, 0.9238795325112867385, 1.000000000000000000, 0.9238795325112867385, 1.000000000000000000, 0.9238795325112867385, 1.000000000000000000, 0.9238795325112867385, 1.000000000000000000, 0.9238795325112867385, 1.000000000000000000, 0.9238795325112867385, 1.000000000000000000, 0.9238795325112867385, 1.000000000000000000, 0.9238795325112867385, 1.000000000000000000, 0.9238795325112867385, 1.000000000000000000, 0.9238795325112867385, 1.000000000000000000, 0.9238795325112867385, 1.000000000000000000, 0.9238795325112867385, 1.000000000000000000, 0.9238795325112867385, 1.000000000000000000, 0.9238795325112867385, 1.000000000000000000, 0.9238795325112867385, 1.000000000000000000, 0.9238795325112867385, 1.000000000000000000, 0.9238795325112867385, 1.000000000000000000, 0.9238795325112867385, 1.000000000000000000, 0.9238795325112867385, 1.000000000000000000, 0.9238795325112867385, 1.000000000000000000, 0.9238795325112867385, 1.000000000000000000, 0.9238795325112867385, 1.000000000000000000, 0.9238795325112867385, 1.000000000000000000, 0.9238795325112867385, 1.000000000000000000, 0.9238795325112867385, 1.000000000000000000, 0.9238795325112867385, 1.000000000000000000, 0.9238795325112867385, 1.000000000000000000, 0.9238795325112867385, 1.000000000000000000, 0.9238795325112867385, 1.000000000000000000 ) ) 
 REPRESENTATION_ITEM ( '' )  );
#2561 = CARTESIAN_POINT ( 'NONE',  ( 0.002683012700000000916, 0.001111340248359256279, 0.005999999998907525924 ) ) ;
#2562 = CARTESIAN_POINT ( 'NONE',  ( 0.002249999999999999830, -0.0009319805153394653333, 0.01595000000000000237 ) ) ;
#2563 = CARTESIAN_POINT ( 'NONE',  ( 0.001590990257669731497, -0.001590990257669732148, 0.002899999997815050530 ) ) ;
#2564 = CARTESIAN_POINT ( 'NONE',  ( -0.001590990257669732148, -0.001590990257669731714, 0.004299999997815050733 ) ) ;
#2565 = CARTESIAN_POINT ( 'NONE',  ( -0.001897176474179627838, 0.001897176474179628272, 0.007849999998907526005 ) ) ;
#2566 = DIRECTION ( 'NONE',  ( 0.000000000000000000, 0.000000000000000000, 1.000000000000000000 ) ) ;
#2567 = CARTESIAN_POINT ( 'NONE',  ( 0.002249999999999999830, 0.000000000000000000, 0.006400000000000000307 ) ) ;
#2568 = ORIENTED_EDGE ( 'NONE', *, *, #3183, .T. ) ;
#2569 = ORIENTED_EDGE ( 'NONE', *, *, #4042, .T. ) ;
#2570 = CARTESIAN_POINT ( 'NONE',  ( 0.001111340248359257146, -0.002683012700000000049, 0.01449999999890752567 ) ) ;
#2571 = CARTESIAN_POINT ( 'NONE',  ( -0.002249999999999999830, 2.755455298081544393E-19, 0.008999999997815050917 ) ) ;
#2572 = CARTESIAN_POINT ( 'NONE',  ( -0.002683012700000000916, 0.001111340248359256495, 0.008599999998907526672 ) ) ;
#2573 = ORIENTED_EDGE ( 'NONE', *, *, #628, .T. ) ;
#2574 = VERTEX_POINT ( 'NONE', #1918 ) ;
#2575 = CARTESIAN_POINT ( 'NONE',  ( 0.001111340248359256495, 0.002683012700000000916, 0.01489999999890752325 ) ) ;
#2576 = CARTESIAN_POINT ( 'NONE',  ( 0.002249999999999999830, 0.000000000000000000, 0.01339999999781505031 ) ) ;
#2577 = CARTESIAN_POINT ( 'NONE',  ( 0.002250000000000000697, 0.0009319805153394639238, 0.008049999999999999864 ) ) ;
#2578 = CARTESIAN_POINT ( 'NONE',  ( 0.000000000000000000, 0.000000000000000000, 0.01799999999999999864 ) ) ;
#2579 = CARTESIAN_POINT ( 'NONE',  ( 0.001897176474179627622, -0.001897176474179628489, 0.009749999998907524917 ) ) ;
#2580 =( BOUNDED_CURVE ( )  B_SPLINE_CURVE ( 2, ( #4508, #2936, #4413, #1848, #724, #2177, #3658, #377, #1820 ),
 .UNSPECIFIED., .F., .T. ) 
 B_SPLINE_CURVE_WITH_KNOTS ( ( 3, 2, 2, 2, 3 ),
 ( 0.4750000000000000333, 0.4812500000000000666, 0.4875000000000000444, 0.4937500000000000222, 0.5000000000000000000 ),
 .UNSPECIFIED. ) 
 CURVE ( )  GEOMETRIC_REPRESENTATION_ITEM ( )  RATIONAL_B_SPLINE_CURVE ( ( 0.9999999999999993339, 0.9238795325112874046, 1.000000000000000000, 0.9238795325112867385, 1.000000000000000000, 0.9238795325112867385, 1.000000000000000000, 0.9238795325112867385, 1.000000000000000000 ) ) 
 REPRESENTATION_ITEM ( '' )  );
#2581 = ORIENTED_EDGE ( 'NONE', *, *, #3689, .T. ) ;
#2582 = CARTESIAN_POINT ( 'NONE',  ( -0.001897176474179627838, 0.001897176474179628272, 0.003049999998907525559 ) ) ;
#2583 = CARTESIAN_POINT ( 'NONE',  ( 0.0009319805153394640322, 0.002250000000000000697, 0.01134999999999999898 ) ) ;
#2584 = CARTESIAN_POINT ( 'NONE',  ( -0.002683012700000000916, -0.001111340248359255845, 0.005599999998907525742 ) ) ;
#2585 = UNCERTAINTY_MEASURE_WITH_UNIT (LENGTH_MEASURE( 1.000000000000000082E-05 ), #597, 'distance_accuracy_value', 'NONE');
#2586 = CARTESIAN_POINT ( 'NONE',  ( -0.001111340248359256062, 0.002683012700000000916, 0.0004999999989075251585 ) ) ;
#2587 = CARTESIAN_POINT ( 'NONE',  ( -0.001897176474179628489, -0.001897176474179627838, 0.005549999998907525177 ) ) ;
#2588 = VERTEX_POINT ( 'NONE', #3390 ) ;
#2589 = CARTESIAN_POINT ( 'NONE',  ( -0.001897176474179627838, 0.001897176474179628272, 0.01584999999890752617 ) ) ;
#2590 = CARTESIAN_POINT ( 'NONE',  ( 1.642871457563348924E-19, 0.002683012700000000049, 0.01004999999890752484 ) ) ;
#2591 = CARTESIAN_POINT ( 'NONE',  ( 0.0009319805153394640322, 0.002250000000000000697, 0.003949999997815050248 ) ) ;
#2592 = CARTESIAN_POINT ( 'NONE',  ( -0.002683012700000000916, 0.001111340248359256495, 0.008699999998907522597 ) ) ;
#2593 = CYLINDRICAL_SURFACE ( 'NONE', #2303, 0.002249999999999999830 ) ;
#2594 = CARTESIAN_POINT ( 'NONE',  ( -0.001590990257669731714, 0.001590990257669731931, 0.007500000000000000590 ) ) ;
#2595 = CARTESIAN_POINT ( 'NONE',  ( -0.002683012700000000916, 0.001111340248359256495, 0.01339999999890752538 ) ) ;
#2596 = CARTESIAN_POINT ( 'NONE',  ( -0.0009319805153394651164, -0.002249999999999999830, 0.006150000000000000085 ) ) ;
#2597 = DIRECTION ( 'NONE',  ( -0.000000000000000000, -0.000000000000000000, -1.000000000000000000 ) ) ;
#2598 = CARTESIAN_POINT ( 'NONE',  ( -0.001111340248359257796, -0.002683012700000000049, 0.007199999998907526469 ) ) ;
#2599 = CARTESIAN_POINT ( 'NONE',  ( 0.000000000000000000, 0.000000000000000000, 0.03400000000000000244 ) ) ;
#2600 = ORIENTED_EDGE ( 'NONE', *, *, #4692, .T. ) ;
#2601 = ADVANCED_FACE ( 'NONE', ( #2957 ), #4504, .F. ) ;
#2602 = CARTESIAN_POINT ( 'NONE',  ( 0.002683012700000000049, -0.001111340248359258013, 0.01629999999890752865 ) ) ;
#2603 = CARTESIAN_POINT ( 'NONE',  ( -0.001590990257669732148, -0.001590990257669731714, 0.01549999999781504975 ) ) ;
#2604 = CARTESIAN_POINT ( 'NONE',  ( -0.002250000000000000697, 0.0009319805153394642491, 0.003549999999999999770 ) ) ;
#2605 = CIRCLE ( 'NONE', #4293, 0.004000000000000000083 ) ;
#2606 = CARTESIAN_POINT ( 'NONE',  ( 0.002683012700000000916, 0.001111340248359256279, 0.01069999999890752611 ) ) ;
#2607 = ORIENTED_EDGE ( 'NONE', *, *, #1125, .F. ) ;
#2608 = EDGE_CURVE ( 'NONE', #3688, #2125, #566, .T. ) ;
#2609 = VERTEX_POINT ( 'NONE', #3313 ) ;
#2610 = STYLED_ITEM ( 'NONE', ( #622 ), #4750 ) ;
#2611 = CARTESIAN_POINT ( 'NONE',  ( -0.001111340248359256062, 0.002683012700000000916, 0.006999999998907525944 ) ) ;
#2612 = VECTOR ( 'NONE', #3799, 1.000000000000000000 ) ;
#2613 = CARTESIAN_POINT ( 'NONE',  ( -0.002250000000000000697, 0.0009319805153394642491, 0.01534999999781505066 ) ) ;
#2614 = CARTESIAN_POINT ( 'NONE',  ( -0.005000000000000000104, 6.123233995736765959E-19, 0.03100000000000000325 ) ) ;
#2615 = CARTESIAN_POINT ( 'NONE',  ( -0.001111340248359256062, 0.002683012700000000916, 0.006199999998907525581 ) ) ;
#2616 =( BOUNDED_CURVE ( )  B_SPLINE_CURVE ( 2, ( #2513, #1790, #2467, #694, #2846, #4355, #2146, #4646, #3630 ),
 .UNSPECIFIED., .F., .T. ) 
 B_SPLINE_CURVE_WITH_KNOTS ( ( 3, 2, 2, 2, 3 ),
 ( 0.000000000000000000, 0.006249999999999999480, 0.01249999999999999896, 0.01874999999999999584, 0.02499999999999999792 ),
 .UNSPECIFIED. ) 
 CURVE ( )  GEOMETRIC_REPRESENTATION_ITEM ( )  RATIONAL_B_SPLINE_CURVE ( ( 1.000000000000000000, 0.9238795325112867385, 1.000000000000000000, 0.9238795325112867385, 1.000000000000000000, 0.9238795325112867385, 1.000000000000000000, 0.9238795325112867385, 1.000000000000000000 ) ) 
 REPRESENTATION_ITEM ( '' )  );
#2617 = CARTESIAN_POINT ( 'NONE',  ( 0.0009319805153394645743, -0.002249999999999999830, 0.01505000000000000088 ) ) ;
#2618 = CARTESIAN_POINT ( 'NONE',  ( 0.001897176474179627622, -0.001897176474179628489, 0.006549999998907525198 ) ) ;
#2619 = ADVANCED_FACE ( 'NONE', ( #40 ), #2593, .F. ) ;
#2620 = VERTEX_POINT ( 'NONE', #1572 ) ;
#2621 = CARTESIAN_POINT ( 'NONE',  ( 0.002683012700000000049, 0.000000000000000000, 0.01144999999890752504 ) ) ;
#2622 = CARTESIAN_POINT ( 'NONE',  ( 1.642871457563348924E-19, 0.002683012700000000049, 0.009249999998907526208 ) ) ;
#2623 = CARTESIAN_POINT ( 'NONE',  ( 0.002249999999999999830, 0.000000000000000000, 0.003799999997815050289 ) ) ;
#2624 = CARTESIAN_POINT ( 'NONE',  ( 0.001897176474179628272, 0.001897176474179628272, 0.009249999998907524473 ) ) ;
#2625 = CARTESIAN_POINT ( 'NONE',  ( 0.000000000000000000, 0.000000000000000000, 0.03100000000000000325 ) ) ;
#2626 = CARTESIAN_POINT ( 'NONE',  ( 0.002249999999999999830, 0.000000000000000000, 0.005599999999999999943 ) ) ;
#2627 = CARTESIAN_POINT ( 'NONE',  ( -0.002683012700000000916, -0.001111340248359255845, 0.01509999999890752551 ) ) ;
#2628 = CARTESIAN_POINT ( 'NONE',  ( -0.002250000000000000697, -0.0009319805153394634901, 0.005049999997815051399 ) ) ;
#2629 = CARTESIAN_POINT ( 'NONE',  ( 1.377727649040772196E-19, 0.002249999999999999830, 0.01220000000000000077 ) ) ;
#2630 = CARTESIAN_POINT ( 'NONE',  ( -4.928614372690046772E-19, -0.002683012700000000049, 0.008049999998907526530 ) ) ;
#2631 = VERTEX_POINT ( 'NONE', #2298 ) ;
#2632 = CARTESIAN_POINT ( 'NONE',  ( 1.642871457563348924E-19, 0.002683012700000000049, 0.01494999999890752468 ) ) ;
#2633 = CARTESIAN_POINT ( 'NONE',  ( 0.002249999999999999830, -0.0009319805153394653333, 0.01494999999781504961 ) ) ;
#2634 = CARTESIAN_POINT ( 'NONE',  ( -0.0009319805153394637070, 0.002250000000000000697, 0.009850000000000001116 ) ) ;
#2635 = CARTESIAN_POINT ( 'NONE',  ( 1.642871457563348924E-19, 0.002683012700000000049, 0.01244999999890752593 ) ) ;
#2636 = CARTESIAN_POINT ( 'NONE',  ( -4.928614372690046772E-19, -0.002683012700000000049, 0.004949999998907525338 ) ) ;
#2637 = CARTESIAN_POINT ( 'NONE',  ( -0.002249999999999999830, 2.755455298081544393E-19, 0.01539999999781505036 ) ) ;
#2638 = DIRECTION ( 'NONE',  ( -1.000000000000000000, 0.000000000000000000, 0.000000000000000000 ) ) ;
#2639 = CARTESIAN_POINT ( 'NONE',  ( -4.928614372690046772E-19, -0.002683012700000000049, 0.004949999998907525338 ) ) ;
#2640 = CARTESIAN_POINT ( 'NONE',  ( -0.001111340248359256062, 0.002683012700000000916, 0.002899999998907525165 ) ) ;
#2641 = ORIENTED_EDGE ( 'NONE', *, *, #4692, .F. ) ;
#2642 = CARTESIAN_POINT ( 'NONE',  ( -0.001111340248359256062, 0.002683012700000000916, 0.01169999999890752700 ) ) ;
#2643 = CARTESIAN_POINT ( 'NONE',  ( 0.001897176474179627622, -0.001897176474179628489, 0.008949999998907526289 ) ) ;
#2644 = CARTESIAN_POINT ( 'NONE',  ( -0.002249999999999999830, 2.755455298081544393E-19, 0.008999999997815050917 ) ) ;
#2645 = CARTESIAN_POINT ( 'NONE',  ( -0.002683012700000000916, 0.001111340248359256495, 0.01269999999890752615 ) ) ;
#2646 = CARTESIAN_POINT ( 'NONE',  ( -0.002249999999999999830, 2.755455298081544393E-19, 0.01480000000000000066 ) ) ;
#2647 = CARTESIAN_POINT ( 'NONE',  ( -0.002249999999999999830, 2.755455298081544393E-19, 0.005200000000000000629 ) ) ;
#2648 = CARTESIAN_POINT ( 'NONE',  ( 0.002683012700000000049, -0.001111340248359258013, 0.01619999999890752926 ) ) ;
#2649 = CARTESIAN_POINT ( 'NONE',  ( 0.002250000000000011973, -0.0009319805153394526481, 0.01115000000000000019 ) ) ;
#2650 = CARTESIAN_POINT ( 'NONE',  ( -0.001590990257669732148, -0.001590990257669731714, 0.01170000000000000033 ) ) ;
#2651 = CARTESIAN_POINT ( 'NONE',  ( -0.001897176474179627838, 0.001897176474179628272, 0.007749999998907525743 ) ) ;
#2652 = ORIENTED_EDGE ( 'NONE', *, *, #3404, .F. ) ;
#2653 = DIRECTION ( 'NONE',  ( 0.8660254037844400399, 0.000000000000000000, 0.4999999999999976130 ) ) ;
#2654 = CARTESIAN_POINT ( 'NONE',  ( -0.002250000000000000697, 0.0009319805153394642491, 0.01534999999781505066 ) ) ;
#2655 = CARTESIAN_POINT ( 'NONE',  ( 0.002249999999999999830, 0.000000000000000000, 0.003799999997815050289 ) ) ;
#2656 = CARTESIAN_POINT ( 'NONE',  ( 0.002683012700000000049, 0.000000000000000000, 0.01144999999890752504 ) ) ;
#2657 = CARTESIAN_POINT ( 'NONE',  ( 0.001897176474179628272, 0.001897176474179628272, 0.005249999998907525257 ) ) ;
#2658 = CARTESIAN_POINT ( 'NONE',  ( -0.002249999999999988121, -0.0009319805153394762837, 0.01224999999781505033 ) ) ;
#2659 = LINE ( 'NONE', #4196, #4138 ) ;
#2660 = CARTESIAN_POINT ( 'NONE',  ( -0.001111340248359256062, 0.002683012700000000916, 0.01099999999890752429 ) ) ;
#2661 = CARTESIAN_POINT ( 'NONE',  ( 0.001111340248359257146, -0.002683012700000000049, 0.001699999998907525270 ) ) ;
#2662 = ORIENTED_EDGE ( 'NONE', *, *, #2921, .F. ) ;
#2663 = CARTESIAN_POINT ( 'NONE',  ( 0.002683012700000000916, 0.001111340248359256279, 0.01229999999890752337 ) ) ;
#2664 = CARTESIAN_POINT ( 'NONE',  ( 0.002683012700000000049, -0.001111340248359258013, 0.008199999998907525622 ) ) ;
#2665 = CARTESIAN_POINT ( 'NONE',  ( -0.002250000000000000697, 0.0009319805153394642491, 0.007349999997815051360 ) ) ;
#2666 = CARTESIAN_POINT ( 'NONE',  ( 1.642871457563348924E-19, 0.002683012700000000049, 0.01014999999890752423 ) ) ;
#2667 = CARTESIAN_POINT ( 'NONE',  ( 0.002683012700000000049, 0.000000000000000000, 0.01629999999890752865 ) ) ;
#2668 = CARTESIAN_POINT ( 'NONE',  ( 0.0009319805153394645743, -0.002249999999999999830, 0.007850000000000001074 ) ) ;
#2669 = CARTESIAN_POINT ( 'NONE',  ( 0.002249999999999998095, 0.0009319805153394655501, 0.001449999997815050413 ) ) ;
#2670 = CARTESIAN_POINT ( 'NONE',  ( 0.001111340248359257146, -0.002683012700000000049, 0.003399999998907525176 ) ) ;
#2671 = CARTESIAN_POINT ( 'NONE',  ( 0.001897176474179628272, 0.001897176474179628272, 0.007549999998907525219 ) ) ;
#2672 = CARTESIAN_POINT ( 'NONE',  ( -0.0009319805153394637070, 0.002250000000000000697, 0.0002500000000000000052 ) ) ;
#2673 = CARTESIAN_POINT ( 'NONE',  ( 0.002683012700000000049, 0.000000000000000000, 0.01394999999890752553 ) ) ;
#2674 = CARTESIAN_POINT ( 'NONE',  ( 0.002683012700000000049, 0.000000000000000000, 0.01394999999890752553 ) ) ;
#2675 = CARTESIAN_POINT ( 'NONE',  ( 0.002249999999999999830, 0.000000000000000000, 0.01019999999781505060 ) ) ;
#2676 = DIRECTION ( 'NONE',  ( -1.000000000000000000, 0.000000000000000000, 0.000000000000000000 ) ) ;
#2677 = CARTESIAN_POINT ( 'NONE',  ( 0.002683012700000000049, -0.001111340248359258013, 0.005899999998907526529 ) ) ;
#2678 = CARTESIAN_POINT ( 'NONE',  ( 0.002249999999999987253, 0.0009319805153394767174, 0.01104999999781505239 ) ) ;
#2679 =( BOUNDED_CURVE ( )  B_SPLINE_CURVE ( 2, ( #3520, #3150, #2411, #1679, #4615, #3882, #3177, #3550, #4594 ),
 .UNSPECIFIED., .F., .F. ) 
 B_SPLINE_CURVE_WITH_KNOTS ( ( 3, 2, 2, 2, 3 ),
 ( 0.1750000000000000167, 0.1812500000000000222, 0.1875000000000000000, 0.1937500000000000056, 0.2000000000000000111 ),
 .UNSPECIFIED. ) 
 CURVE ( )  GEOMETRIC_REPRESENTATION_ITEM ( )  RATIONAL_B_SPLINE_CURVE ( ( 0.9999999999999996669, 0.9238795325112870716, 1.000000000000000000, 0.9238795325112867385, 1.000000000000000000, 0.9238795325112867385, 1.000000000000000000, 0.9238795325112867385, 1.000000000000000000 ) ) 
 REPRESENTATION_ITEM ( '' )  );
#2680 = CARTESIAN_POINT ( 'NONE',  ( -0.002249999999999999830, 0.000000000000000000, 0.01799999999999999864 ) ) ;
#2681 = CARTESIAN_POINT ( 'NONE',  ( -0.001897176474179628489, -0.001897176474179627838, 0.01044999999890752589 ) ) ;
#2682 = CARTESIAN_POINT ( 'NONE',  ( -0.002683012700000000049, 3.285742915126697848E-19, 0.003849999998907525488 ) ) ;
#2683 = CARTESIAN_POINT ( 'NONE',  ( -0.002683012700000000916, 0.001111340248359256495, 0.01099999999890752603 ) ) ;
#2684 = CARTESIAN_POINT ( 'NONE',  ( -0.002250000000000000697, 0.0009319805153394642491, 0.008149999997815050856 ) ) ;
#2685 = CARTESIAN_POINT ( 'NONE',  ( 0.002683012700000000049, -0.001111340248359258013, 0.01149999999890752474 ) ) ;
#2686 = DIRECTION ( 'NONE',  ( -0.000000000000000000, -0.000000000000000000, -1.000000000000000000 ) ) ;
#2687 = CARTESIAN_POINT ( 'NONE',  ( -4.133182947122316589E-19, -0.002249999999999999830, 0.007800000000000000509 ) ) ;
#2688 = EDGE_CURVE ( 'NONE', #1876, #1658, #98, .T. ) ;
#2689 = DIRECTION ( 'NONE',  ( 0.000000000000000000, 0.000000000000000000, 1.000000000000000000 ) ) ;
#2690 = CARTESIAN_POINT ( 'NONE',  ( 1.642871457563348924E-19, 0.002683012700000000049, 0.0005499999989075251812 ) ) ;
#2691 = CARTESIAN_POINT ( 'NONE',  ( -0.002683012700000000916, 0.001111340248359256495, 0.01019999999890752740 ) ) ;
#2692 = CARTESIAN_POINT ( 'NONE',  ( 1.377727649040772196E-19, 0.002249999999999999830, 0.001000000000000000021 ) ) ;
#2693 = EDGE_CURVE ( 'NONE', #1366, #3523, #595, .T. ) ;
#2694 = CARTESIAN_POINT ( 'NONE',  ( 0.0009319805153394640322, 0.002250000000000000697, 0.008949999999999999623 ) ) ;
#2695 = CARTESIAN_POINT ( 'NONE',  ( -0.0009319805153394637070, 0.002250000000000000697, 0.01604999999781505163 ) ) ;
#2696 = CARTESIAN_POINT ( 'NONE',  ( -0.001590990257669731714, 0.001590990257669731931, 0.004099999997815050208 ) ) ;
#2697 = CARTESIAN_POINT ( 'NONE',  ( 0.001897176474179628272, 0.001897176474179628272, 0.007649999998907525481 ) ) ;
#2698 = CARTESIAN_POINT ( 'NONE',  ( 0.001590990257669731497, -0.001590990257669732148, 0.002099999997815050166 ) ) ;
#2699 = DIRECTION ( 'NONE',  ( -0.000000000000000000, -0.000000000000000000, -1.000000000000000000 ) ) ;
#2700 = CARTESIAN_POINT ( 'NONE',  ( -4.928614372690046772E-19, -0.002683012700000000049, 0.01054999999890752528 ) ) ;
#2701 = CARTESIAN_POINT ( 'NONE',  ( 1.642871457563348924E-19, 0.002683012700000000049, 0.004449999998907525761 ) ) ;
#2702 = ORIENTED_EDGE ( 'NONE', *, *, #2403, .T. ) ;
#2703 = ORIENTED_EDGE ( 'NONE', *, *, #1270, .F. ) ;
#2704 = CARTESIAN_POINT ( 'NONE',  ( 0.001897176474179627622, -0.001897176474179628489, 0.01134999999890752564 ) ) ;
#2705 = CARTESIAN_POINT ( 'NONE',  ( 0.002249999999999999830, -0.0009319805153394653333, 0.006949999997815051178 ) ) ;
#2706 = CARTESIAN_POINT ( 'NONE',  ( -0.002683012700000000916, 0.001111340248359256495, 0.01189999999890752579 ) ) ;
#2707 = CARTESIAN_POINT ( 'NONE',  ( -0.001111340248359257796, -0.002683012700000000049, 0.0008999999989075252319 ) ) ;
#2708 = CARTESIAN_POINT ( 'NONE',  ( 0.0009319805153394640322, 0.002250000000000000697, 0.01055000000000000035 ) ) ;
#2709 = ORIENTED_EDGE ( 'NONE', *, *, #784, .F. ) ;
#2710 = CARTESIAN_POINT ( 'NONE',  ( -0.002683012700000000049, 3.285742915126697848E-19, 0.01584999999890752617 ) ) ;
#2711 = DIRECTION ( 'NONE',  ( -1.000000000000000000, 0.000000000000000000, 0.000000000000000000 ) ) ;
#2712 = CARTESIAN_POINT ( 'NONE',  ( 0.001111340248359256495, 0.002683012700000000916, 0.001299999998907525305 ) ) ;
#2713 = CARTESIAN_POINT ( 'NONE',  ( -0.002683012700000000916, -0.001111340248359255845, 0.01109999999890752542 ) ) ;
#2714 = CARTESIAN_POINT ( 'NONE',  ( -0.001590990257669732148, -0.001590990257669731714, 0.0005000000000000000104 ) ) ;
#2715 = DIRECTION ( 'NONE',  ( 0.000000000000000000, 0.000000000000000000, 1.000000000000000000 ) ) ;
#2716 = CARTESIAN_POINT ( 'NONE',  ( -0.0009319805153394637070, 0.002250000000000000697, 0.001050000000000000152 ) ) ;
#2717 = CARTESIAN_POINT ( 'NONE',  ( -0.001897176474179628489, -0.001897176474179627838, 0.002349999998907525457 ) ) ;
#2718 = CARTESIAN_POINT ( 'NONE',  ( -0.002683012700000000916, 0.001111340248359256495, 0.009499999998907524695 ) ) ;
#2719 = DIRECTION ( 'NONE',  ( 1.000000000000000000, 0.000000000000000000, 0.000000000000000000 ) ) ;
#2720 = CARTESIAN_POINT ( 'NONE',  ( -0.002249999999999999830, 2.755455298081544393E-19, 0.01319999999999999993 ) ) ;
#2721 = CARTESIAN_POINT ( 'NONE',  ( -0.001111340248359256062, 0.002683012700000000916, 0.009399999998907525300 ) ) ;
#2722 = CARTESIAN_POINT ( 'NONE',  ( 0.001897176474179628272, 0.001897176474179628272, 0.003549999998907525135 ) ) ;
#2723 = EDGE_LOOP ( 'NONE', ( #3306, #966, #1998, #691 ) ) ;
#2724 = CARTESIAN_POINT ( 'NONE',  ( 0.001111340248359256495, 0.002683012700000000916, 0.01399999999890752522 ) ) ;
#2725 = CARTESIAN_POINT ( 'NONE',  ( 0.002249999999999999830, 0.000000000000000000, 0.007799999997815051239 ) ) ;
#2726 = CARTESIAN_POINT ( 'NONE',  ( 0.001897176474179628272, 0.001897176474179628272, 0.01244999999890752593 ) ) ;
#2727 = FACE_OUTER_BOUND ( 'NONE', #2270, .T. ) ;
#2728 = CARTESIAN_POINT ( 'NONE',  ( 0.001590990257669731497, -0.001590990257669732148, 0.009499999999999999764 ) ) ;
#2729 = CARTESIAN_POINT ( 'NONE',  ( 0.001590990257669731931, 0.001590990257669731931, 0.002500000000000000052 ) ) ;
#2730 = CARTESIAN_POINT ( 'NONE',  ( -0.002250000000000000697, 0.0009319805153394642491, 0.004949999997815051136 ) ) ;
#2731 = CARTESIAN_POINT ( 'NONE',  ( -0.002249999999999999830, 2.755455298081544393E-19, 0.01319999999999999993 ) ) ;
#2732 = CARTESIAN_POINT ( 'NONE',  ( -0.001897176474179628489, -0.001897176474179627838, 0.0008499999989075252092 ) ) ;
#2733 = CARTESIAN_POINT ( 'NONE',  ( -0.002683012700000000916, -0.001111340248359255845, 0.01029999999890752506 ) ) ;
#2734 = CARTESIAN_POINT ( 'NONE',  ( 0.0009319805153394640322, 0.002250000000000000697, 0.0001500000000000000140 ) ) ;
#2735 = ADVANCED_FACE ( 'NONE', ( #3438 ), #4205, .F. ) ;
#2736 = LINE ( 'NONE', #3856, #995 ) ;
#2737 = CARTESIAN_POINT ( 'NONE',  ( 0.0009319805153394645743, -0.002249999999999999830, 0.01644999999781504921 ) ) ;
#2738 = CARTESIAN_POINT ( 'NONE',  ( 0.000000000000000000, 0.000000000000000000, 0.03400000000000000244 ) ) ;
#2739 = LINE ( 'NONE', #965, #473 ) ;
#2740 = EDGE_CURVE ( 'NONE', #2877, #766, #715, .T. ) ;
#2741 = ORIENTED_EDGE ( 'NONE', *, *, #200, .F. ) ;
#2742 = CARTESIAN_POINT ( 'NONE',  ( 0.001111340248359257146, -0.002683012700000000049, 0.008199999998907525622 ) ) ;
#2743 = CARTESIAN_POINT ( 'NONE',  ( -0.002249999999999999830, 2.755455298081544393E-19, 0.01240000000000000130 ) ) ;
#2744 = LINE ( 'NONE', #1364, #3989 ) ;
#2745 = CARTESIAN_POINT ( 'NONE',  ( 0.001897176474179627622, -0.001897176474179628489, 0.01064999999890752468 ) ) ;
#2746 = CARTESIAN_POINT ( 'NONE',  ( -0.002683012700000000916, -0.001111340248359255845, 0.007099999998907525339 ) ) ;
#2747 = ORIENTED_EDGE ( 'NONE', *, *, #4096, .F. ) ;
#2748 = CARTESIAN_POINT ( 'NONE',  ( 0.002683012700000000049, 0.000000000000000000, 0.0003499999989075251988 ) ) ;
#2749 = CARTESIAN_POINT ( 'NONE',  ( 0.002683012700000000049, -0.001111340248359258013, 0.01549999999890752482 ) ) ;
#2750 = CARTESIAN_POINT ( 'NONE',  ( 0.001897176474179628272, 0.001897176474179628272, 0.0004499999989075251900 ) ) ;
#2751 = CARTESIAN_POINT ( 'NONE',  ( 0.002249999999999999830, -0.0009319805153394653333, 0.009550000000000001196 ) ) ;
#2752 = CARTESIAN_POINT ( 'NONE',  ( -4.133182947122316589E-19, -0.002249999999999999830, 0.01159999999781505080 ) ) ;
#2753 = EDGE_CURVE ( 'NONE', #1230, #1646, #4620, .T. ) ;
#2754 = CARTESIAN_POINT ( 'NONE',  ( -0.001111340248359256062, 0.002683012700000000916, 0.01499999999890752611 ) ) ;
#2755 =( LENGTH_UNIT ( ) NAMED_UNIT ( * ) SI_UNIT ( $, .METRE. ) );
#2756 = CARTESIAN_POINT ( 'NONE',  ( 0.0009319805153394640322, 0.002250000000000000697, 0.007149999997815049968 ) ) ;
#2757 = AXIS2_PLACEMENT_3D ( 'NONE', #3447, #1226, #1633 ) ;
#2758 = CARTESIAN_POINT ( 'NONE',  ( 0.001111340248359257146, -0.002683012700000000049, 0.001799999998907525099 ) ) ;
#2759 = CARTESIAN_POINT ( 'NONE',  ( -0.001111340248359257796, -0.002683012700000000049, 0.009599999998907527560 ) ) ;
#2760 =( BOUNDED_CURVE ( )  B_SPLINE_CURVE ( 2, ( #620, #4233, #1327, #2394, #3869, #3557, #3506, #4666, #2369 ),
 .UNSPECIFIED., .F., .T. ) 
 B_SPLINE_CURVE_WITH_KNOTS ( ( 3, 2, 2, 2, 3 ),
 ( 0.3250000000000000666, 0.3312500000000000444, 0.3375000000000000777, 0.3437500000000000555, 0.3500000000000000333 ),
 .UNSPECIFIED. ) 
 CURVE ( )  GEOMETRIC_REPRESENTATION_ITEM ( )  RATIONAL_B_SPLINE_CURVE ( ( 0.9999999999999993339, 0.9238795325112874046, 1.000000000000000000, 0.9238795325112867385, 1.000000000000000000, 0.9238795325112867385, 1.000000000000000000, 0.9238795325112860723, 1.000000000000000666 ) ) 
 REPRESENTATION_ITEM ( '' )  );
#2761 = AXIS2_PLACEMENT_3D ( 'NONE', #637, #969, #212 ) ;
#2762 = ORIENTED_EDGE ( 'NONE', *, *, #4555, .T. ) ;
#2763 = DIRECTION ( 'NONE',  ( -1.000000000000000000, 0.000000000000000000, 0.000000000000000000 ) ) ;
#2764 = FACE_OUTER_BOUND ( 'NONE', #1517, .T. ) ;
#2765 = CARTESIAN_POINT ( 'NONE',  ( 0.001897176474179627622, -0.001897176474179628489, 0.001749999998907525185 ) ) ;
#2766 = DIRECTION ( 'NONE',  ( 0.000000000000000000, 0.000000000000000000, 1.000000000000000000 ) ) ;
#2767 = CARTESIAN_POINT ( 'NONE',  ( -0.002683012700000000916, -0.001111340248359255845, 0.009599999998907527560 ) ) ;
#2768 = DIRECTION ( 'NONE',  ( -0.000000000000000000, -0.000000000000000000, -1.000000000000000000 ) ) ;
#2769 = CARTESIAN_POINT ( 'NONE',  ( -0.002249999999999999830, 2.755455298081544393E-19, 0.005200000000000000629 ) ) ;
#2770 = CARTESIAN_POINT ( 'NONE',  ( -4.928614372690046772E-19, -0.002683012700000000049, 0.004849999998907525076 ) ) ;
#2771 = VERTEX_POINT ( 'NONE', #1624 ) ;
#2772 = ORIENTED_EDGE ( 'NONE', *, *, #1380, .T. ) ;
#2773 = CARTESIAN_POINT ( 'NONE',  ( 0.002683012700000000916, 0.001111340248359256279, 0.01389999999890752583 ) ) ;
#2774 = CARTESIAN_POINT ( 'NONE',  ( -0.002683012700000000916, -0.001111340248359255845, 0.01359999999890752591 ) ) ;
#2775 = CARTESIAN_POINT ( 'NONE',  ( 0.001111340248359256495, 0.002683012700000000916, 0.001299999998907525305 ) ) ;
#2776 = CARTESIAN_POINT ( 'NONE',  ( 0.001590990257669731497, -0.001590990257669732148, 0.01270000000000000122 ) ) ;
#2777 = CARTESIAN_POINT ( 'NONE',  ( 0.001111340248359257146, -0.002683012700000000049, 0.01379999999890752817 ) ) ;
#2778 = DIRECTION ( 'NONE',  ( 0.000000000000000000, -1.000000000000000000, 0.000000000000000000 ) ) ;
#2779 = CARTESIAN_POINT ( 'NONE',  ( -0.001897176474179628489, -0.001897176474179627838, 0.004049999998907525579 ) ) ;
#2780 = CARTESIAN_POINT ( 'NONE',  ( -0.001111340248359257796, -0.002683012700000000049, 0.01119999999890752655 ) ) ;
#2781 = CARTESIAN_POINT ( 'NONE',  ( -0.001590990257669731714, 0.001590990257669731931, 0.004300000000000000003 ) ) ;
#2782 = CARTESIAN_POINT ( 'NONE',  ( 0.002250000000000000697, 0.0009319805153394639238, 0.008850000000000000228 ) ) ;
#2783 = CARTESIAN_POINT ( 'NONE',  ( 0.0009319805153394645743, -0.002249999999999999830, 0.01264999999999999979 ) ) ;
#2784 = CARTESIAN_POINT ( 'NONE',  ( -0.002683012700000000916, 0.001111340248359256495, 0.002199999998907525497 ) ) ;
#2785 = CARTESIAN_POINT ( 'NONE',  ( -0.002683012700000000916, 0.001111340248359256495, 0.002199999998907525497 ) ) ;
#2786 = CARTESIAN_POINT ( 'NONE',  ( -0.002683012700000000049, 3.285742915126697848E-19, 0.007949999998907525400 ) ) ;
#2787 = CARTESIAN_POINT ( 'NONE',  ( 0.002249999999999999830, 0.000000000000000000, 0.008000000000000000167 ) ) ;
#2788 = LINE ( 'NONE', #638, #1829 ) ;
#2789 = CARTESIAN_POINT ( 'NONE',  ( 0.001111340248359256495, 0.002683012700000000916, 0.005999999998907525056 ) ) ;
#2790 = CARTESIAN_POINT ( 'NONE',  ( -4.928614372690046772E-19, -0.002683012700000000049, 0.01604999999890752843 ) ) ;
#2791 = CARTESIAN_POINT ( 'NONE',  ( -0.002683012700000000916, 0.001111340248359256495, 0.01589999999890752760 ) ) ;
#2792 = CARTESIAN_POINT ( 'NONE',  ( 0.001897176474179627622, -0.001897176474179628489, 0.004249999998907525237 ) ) ;
#2793 = CARTESIAN_POINT ( 'NONE',  ( 0.002249999999999999830, 0.000000000000000000, 0.01280000000000000061 ) ) ;
#2794 = ADVANCED_FACE ( 'NONE', ( #2727 ), #1959, .F. ) ;
#2795 = CARTESIAN_POINT ( 'NONE',  ( 0.001111340248359256495, 0.002683012700000000916, 0.01489999999890752325 ) ) ;
#2796 = CARTESIAN_POINT ( 'NONE',  ( 0.002249999999999999830, 2.755455298081544393E-19, 0.01799999999999999864 ) ) ;
#2797 = LINE ( 'NONE', #3986, #401 ) ;
#2798 = CARTESIAN_POINT ( 'NONE',  ( -4.928614372690046772E-19, -0.002683012700000000049, 0.006549999998907526065 ) ) ;
#2799 = CARTESIAN_POINT ( 'NONE',  ( -0.002683012700000000916, -0.001111340248359255845, 0.01269999999890752788 ) ) ;
#2800 = CARTESIAN_POINT ( 'NONE',  ( 0.001590990257669731931, 0.001590990257669731931, 0.001700000000000000122 ) ) ;
#2801 = ORIENTED_EDGE ( 'NONE', *, *, #3526, .F. ) ;
#2802 = CARTESIAN_POINT ( 'NONE',  ( -0.001590990257669732148, -0.001590990257669731714, 0.01410000000000000142 ) ) ;
#2803 = CARTESIAN_POINT ( 'NONE',  ( 0.000000000000000000, 0.000000000000000000, 0.03100000000000000325 ) ) ;
#2804 = CARTESIAN_POINT ( 'NONE',  ( 0.0009319805153394640322, 0.002250000000000000697, 0.01594999999781505223 ) ) ;
#2805 = CARTESIAN_POINT ( 'NONE',  ( -0.001111340248359257796, -0.002683012700000000049, 0.001599999998907525658 ) ) ;
#2806 = CARTESIAN_POINT ( 'NONE',  ( 0.002249999999999999830, -0.0009319805153394653333, 0.008750000000000002567 ) ) ;
#2807 = ORIENTED_EDGE ( 'NONE', *, *, #2030, .T. ) ;
#2808 = ADVANCED_FACE ( 'NONE', ( #3486 ), #1877, .T. ) ;
#2809 = CARTESIAN_POINT ( 'NONE',  ( 0.002683012700000000916, 0.001111340248359256279, 0.01319999999890752659 ) ) ;
#2810 = CARTESIAN_POINT ( 'NONE',  ( 0.002250000000000000697, 0.0009319805153394639238, 0.01184999999781505102 ) ) ;
#2811 = CARTESIAN_POINT ( 'NONE',  ( -0.001590990257669731714, 0.001590990257669731931, 0.005699999997815050935 ) ) ;
#2812 = CYLINDRICAL_SURFACE ( 'NONE', #3904, 0.004000000000000000083 ) ;
#2813 = CARTESIAN_POINT ( 'NONE',  ( 0.002683012700000000049, 0.000000000000000000, 0.006649999998907525460 ) ) ;
#2814 = CARTESIAN_POINT ( 'NONE',  ( 0.001897176474179627622, -0.001897176474179628489, 0.01374999999890752500 ) ) ;
#2815 = CARTESIAN_POINT ( 'NONE',  ( -0.002683012700000000916, 0.001111340248359256495, 0.01429999999890752688 ) ) ;
#2816 = CARTESIAN_POINT ( 'NONE',  ( 0.001897176474179628272, 0.001897176474179628272, 0.002849999998907525034 ) ) ;
#2817 = CARTESIAN_POINT ( 'NONE',  ( -4.133182947122316589E-19, -0.002249999999999999830, 0.01179999999999999973 ) ) ;
#2818 = EDGE_CURVE ( 'NONE', #4151, #1743, #3055, .T. ) ;
#2819 = CARTESIAN_POINT ( 'NONE',  ( 0.002683012700000000916, 0.001111340248359256279, 0.01399999999890752522 ) ) ;
#2820 = CARTESIAN_POINT ( 'NONE',  ( 0.002250000000000005902, -0.0009319805153394590449, 0.005550000000000000246 ) ) ;
#2821 = CARTESIAN_POINT ( 'NONE',  ( 0.002249999999999999830, 2.755455298081544393E-19, 0.01799999999999999864 ) ) ;
#2822 = CARTESIAN_POINT ( 'NONE',  ( 0.002683012700000000049, -0.001111340248359258013, 0.006699999998907527760 ) ) ;
#2823 = CARTESIAN_POINT ( 'NONE',  ( -0.001897176474179628489, -0.001897176474179627838, 0.01434999999890752657 ) ) ;
#2824 = VECTOR ( 'NONE', #1697, 1.000000000000000000 ) ;
#2825 = CARTESIAN_POINT ( 'NONE',  ( 0.001590990257669731931, 0.001590990257669731931, 0.003299999999999999982 ) ) ;
#2826 = ADVANCED_FACE ( 'NONE', ( #209 ), #564, .F. ) ;
#2827 = VERTEX_POINT ( 'NONE', #2354 ) ;
#2828 = CARTESIAN_POINT ( 'NONE',  ( 0.001590990257669731497, -0.001590990257669732148, 0.01430000000000000021 ) ) ;
#2829 = CARTESIAN_POINT ( 'NONE',  ( 0.002249999999999999830, 0.000000000000000000, 0.0008000000000000000383 ) ) ;
#2830 = CARTESIAN_POINT ( 'NONE',  ( -0.001897176474179627838, 0.001897176474179628272, 0.005349999998907525520 ) ) ;
#2831 = CARTESIAN_POINT ( 'NONE',  ( -0.001111340248359256062, 0.002683012700000000916, 0.003699999998907525095 ) ) ;
#2832 = CARTESIAN_POINT ( 'NONE',  ( -0.002683012700000000916, 0.001111340248359256495, 0.01109999999890752542 ) ) ;
#2833 = ORIENTED_EDGE ( 'NONE', *, *, #3743, .F. ) ;
#2834 = CARTESIAN_POINT ( 'NONE',  ( -0.001897176474179628489, -0.001897176474179627838, 0.01124999999890752451 ) ) ;
#2835 = CARTESIAN_POINT ( 'NONE',  ( 0.0009319805153394645743, -0.002249999999999999830, 0.01164999999781505050 ) ) ;
#2836 = FACE_OUTER_BOUND ( 'NONE', #3716, .T. ) ;
#2837 = CARTESIAN_POINT ( 'NONE',  ( 0.001590990257669731931, 0.001590990257669731931, 0.004899999999999999842 ) ) ;
#2838 = CARTESIAN_POINT ( 'NONE',  ( 0.002683012700000000916, 0.001111340248359256279, 0.005099999998907525298 ) ) ;
#2839 = CARTESIAN_POINT ( 'NONE',  ( 0.002683012700000000916, 0.001111340248359256279, 0.002799999998907524903 ) ) ;
#2840 = CARTESIAN_POINT ( 'NONE',  ( 0.001897176474179627622, -0.001897176474179628489, 0.01464999999890752476 ) ) ;
#2841 = CARTESIAN_POINT ( 'NONE',  ( -4.928614372690046772E-19, -0.002683012700000000049, 0.001749999998907525185 ) ) ;
#2842 = CARTESIAN_POINT ( 'NONE',  ( -4.133182947122316589E-19, -0.002249999999999999830, 0.01340000000000000045 ) ) ;
#2843 = VERTEX_POINT ( 'NONE', #3448 ) ;
#2844 = CARTESIAN_POINT ( 'NONE',  ( 0.002249999999999999830, -0.0009319805153394653333, 0.002949999997815051095 ) ) ;
#2845 = FACE_OUTER_BOUND ( 'NONE', #380, .T. ) ;
#2846 = CARTESIAN_POINT ( 'NONE',  ( 1.377727649040772196E-19, 0.002249999999999999830, 0.0007999999978150503345 ) ) ;
#2847 = CARTESIAN_POINT ( 'NONE',  ( 0.001897176474179627622, -0.001897176474179628489, 0.005049999998907525600 ) ) ;
#2848 = CARTESIAN_POINT ( 'NONE',  ( -0.001897176474179628489, -0.001897176474179627838, 0.01274999999890752585 ) ) ;
#2849 = CARTESIAN_POINT ( 'NONE',  ( -0.001897176474179627838, 0.001897176474179628272, 0.004549999998907525156 ) ) ;
#2850 = CARTESIAN_POINT ( 'NONE',  ( 0.002250000000000000697, 0.0009319805153394639238, 0.003250000000000000284 ) ) ;
#2851 = EDGE_LOOP ( 'NONE', ( #1202, #3434, #4213 ) ) ;
#2852 =( BOUNDED_CURVE ( )  B_SPLINE_CURVE ( 2, ( #4133, #4581, #4507, #1921, #3051, #1244, #4208, #2730, #515 ),
 .UNSPECIFIED., .F., .F. ) 
 B_SPLINE_CURVE_WITH_KNOTS ( ( 3, 2, 2, 2, 3 ),
 ( 0.2500000000000000000, 0.2562499999999999778, 0.2625000000000000111, 0.2687499999999999889, 0.2750000000000000222 ),
 .UNSPECIFIED. ) 
 CURVE ( )  GEOMETRIC_REPRESENTATION_ITEM ( )  RATIONAL_B_SPLINE_CURVE ( ( 1.000000000000000000, 0.9238795325112867385, 1.000000000000000000, 0.9238795325112867385, 1.000000000000000000, 0.9238795325112867385, 1.000000000000000000, 0.9238795325112867385, 1.000000000000000000 ) ) 
 REPRESENTATION_ITEM ( '' )  );
#2853 = CARTESIAN_POINT ( 'NONE',  ( -0.0009319805153394651164, -0.002249999999999999830, 0.003549999997815050067 ) ) ;
#2854 = CARTESIAN_POINT ( 'NONE',  ( 0.002249999999999999830, 0.000000000000000000, 0.01280000000000000061 ) ) ;
#2855 = CARTESIAN_POINT ( 'NONE',  ( 0.002683012700000000049, -0.001111340248359258013, 0.002599999998907525246 ) ) ;
#2856 = CARTESIAN_POINT ( 'NONE',  ( 1.642871457563348924E-19, 0.002683012700000000049, 0.002049999998907525538 ) ) ;
#2857 = CARTESIAN_POINT ( 'NONE',  ( -0.0009319805153394637070, 0.002250000000000000697, 0.01444999999781505090 ) ) ;
#2858 = CARTESIAN_POINT ( 'NONE',  ( 0.002683012700000000049, -0.001111340248359258013, 0.01229999999890752337 ) ) ;
#2859 = ORIENTED_EDGE ( 'NONE', *, *, #1112, .T. ) ;
#2860 = CARTESIAN_POINT ( 'NONE',  ( 1.642871457563348924E-19, 0.002683012700000000049, 0.01254999999890752532 ) ) ;
#2861 = CARTESIAN_POINT ( 'NONE',  ( 0.001590990257669731931, 0.001590990257669731931, 0.01189999999781505072 ) ) ;
#2862 = DIRECTION ( 'NONE',  ( -1.000000000000000000, 0.000000000000000000, 0.000000000000000000 ) ) ;
#2863 = FACE_OUTER_BOUND ( 'NONE', #1259, .T. ) ;
#2864 = CARTESIAN_POINT ( 'NONE',  ( 0.002683012700000000049, 0.000000000000000000, 0.008249999998907525320 ) ) ;
#2865 = CARTESIAN_POINT ( 'NONE',  ( -0.002683012700000000049, 3.285742915126697848E-19, 0.003149999998907524953 ) ) ;
#2866 = CARTESIAN_POINT ( 'NONE',  ( 0.002250000000000000697, 0.0009319805153394639238, 0.009449999997815049929 ) ) ;
#2867 = CARTESIAN_POINT ( 'NONE',  ( 1.642871457563348924E-19, 0.002683012700000000049, 0.002949999998907525296 ) ) ;
#2868 = CARTESIAN_POINT ( 'NONE',  ( -0.001590990257669731714, 0.001590990257669731931, 0.01390000000000000090 ) ) ;
#2869 = CARTESIAN_POINT ( 'NONE',  ( 0.001111340248359256495, 0.002683012700000000916, 0.007599999998907525783 ) ) ;
#2870 = ORIENTED_EDGE ( 'NONE', *, *, #911, .F. ) ;
#2871 = CARTESIAN_POINT ( 'NONE',  ( -0.002683012700000000916, -0.001111340248359255845, 0.01599999999890752700 ) ) ;
#2872 = CARTESIAN_POINT ( 'NONE',  ( 0.001590990257669731931, 0.001590990257669731931, 0.003899999997815050551 ) ) ;
#2873 = CARTESIAN_POINT ( 'NONE',  ( -0.0009319805153394651164, -0.002249999999999999830, 0.01314999999781505183 ) ) ;
#2874 = CARTESIAN_POINT ( 'NONE',  ( -0.001897176474179627838, 0.001897176474179628272, 0.003849999998907525055 ) ) ;
#2875 = CARTESIAN_POINT ( 'NONE',  ( 0.002683012700000000049, 0.000000000000000000, 0.01384999999890752613 ) ) ;
#2876 = CARTESIAN_POINT ( 'NONE',  ( 0.002249999999999999830, 0.000000000000000000, 0.004000000000000000083 ) ) ;
#2877 = VERTEX_POINT ( 'NONE', #2675 ) ;
#2878 = CARTESIAN_POINT ( 'NONE',  ( -0.001897176474179628489, -0.001897176474179627838, 0.01434999999890752657 ) ) ;
#2879 = CARTESIAN_POINT ( 'NONE',  ( 0.002249999999999999830, 0.000000000000000000, 0.001600000000000000077 ) ) ;
#2880 = CARTESIAN_POINT ( 'NONE',  ( 1.642871457563348924E-19, 0.002683012700000000049, 0.002849999998907525468 ) ) ;
#2881 = CARTESIAN_POINT ( 'NONE',  ( 0.002683012700000000916, 0.001111340248359256279, 0.002699999998907525074 ) ) ;
#2882 = CARTESIAN_POINT ( 'NONE',  ( -0.001111340248359257796, -0.002683012700000000049, 0.01129999999890752248 ) ) ;
#2883 = ADVANCED_FACE ( 'NONE', ( #3080 ), #3805, .F. ) ;
#2884 = VERTEX_POINT ( 'NONE', #943 ) ;
#2885 =( BOUNDED_CURVE ( )  B_SPLINE_CURVE ( 2, ( #961, #4241, #602, #3423, #1581, #3056, #4651, #2053, #302 ),
 .UNSPECIFIED., .F., .T. ) 
 B_SPLINE_CURVE_WITH_KNOTS ( ( 3, 2, 2, 2, 3 ),
 ( 0.9750000000000001998, 0.9812500000000001776, 0.9875000000000001554, 0.9937500000000001332, 1.000000000000000000 ),
 .UNSPECIFIED. ) 
 CURVE ( )  GEOMETRIC_REPRESENTATION_ITEM ( )  RATIONAL_B_SPLINE_CURVE ( ( 0.9999999999999973355, 0.9238795325112894030, 1.000000000000000000, 0.9238795325112867385, 1.000000000000000000, 0.9238795325112867385, 1.000000000000000000, 0.9238795325112867385, 1.000000000000000000 ) ) 
 REPRESENTATION_ITEM ( '' )  );
#2886 = CARTESIAN_POINT ( 'NONE',  ( 0.002683012700000000049, 0.000000000000000000, 0.01154999999890752443 ) ) ;
#2887 = CARTESIAN_POINT ( 'NONE',  ( 0.001590990257669731931, 0.001590990257669731931, 0.01109999999781505035 ) ) ;
#2888 = CARTESIAN_POINT ( 'NONE',  ( -0.001590990257669732148, -0.001590990257669731714, 0.009300000000000000974 ) ) ;
#2889 = CARTESIAN_POINT ( 'NONE',  ( -0.002249999999999999830, 0.000000000000000000, 0.01799999999999999864 ) ) ;
#2890 = EDGE_CURVE ( 'NONE', #1992, #326, #1087, .T. ) ;
#2891 = CARTESIAN_POINT ( 'NONE',  ( -0.001897176474179628489, -0.001897176474179627838, 0.01034999999890752649 ) ) ;
#2892 = CARTESIAN_POINT ( 'NONE',  ( 0.001111340248359257146, -0.002683012700000000049, 0.0009999999989075253858 ) ) ;
#2893 = ADVANCED_FACE ( 'NONE', ( #3877, #4141 ), #2405, .F. ) ;
#2894 = CARTESIAN_POINT ( 'NONE',  ( 0.001590990257669731931, 0.001590990257669731931, 0.009499999997815049627 ) ) ;
#2895 = CARTESIAN_POINT ( 'NONE',  ( -0.001897176474179627838, 0.001897176474179628272, 0.003049999998907525559 ) ) ;
#2896 = CARTESIAN_POINT ( 'NONE',  ( 0.002683012700000000049, -0.001111340248359258013, 0.0009999999989075251689 ) ) ;
#2897 = CARTESIAN_POINT ( 'NONE',  ( -0.002683012700000000916, -0.001111340248359255845, 0.007099999998907525339 ) ) ;
#2898 = VERTEX_POINT ( 'NONE', #3857 ) ;
#2899 = CARTESIAN_POINT ( 'NONE',  ( -0.001590990257669731714, 0.001590990257669731931, 0.001699999997815050418 ) ) ;
#2900 = CARTESIAN_POINT ( 'NONE',  ( 0.002250000000000000697, 0.0009319805153394639238, 0.006249999997815051077 ) ) ;
#2901 = DIRECTION ( 'NONE',  ( -0.000000000000000000, -0.000000000000000000, -1.000000000000000000 ) ) ;
#2902 = CARTESIAN_POINT ( 'NONE',  ( 0.001897176474179627622, -0.001897176474179628489, 0.009049999998907525683 ) ) ;
#2903 = CARTESIAN_POINT ( 'NONE',  ( 0.001897176474179627622, -0.001897176474179628489, 0.01214999999890752601 ) ) ;
#2904 = CARTESIAN_POINT ( 'NONE',  ( 0.002250000000000000697, 0.0009319805153394639238, 0.006450000000000000004 ) ) ;
#2905 = ADVANCED_FACE ( 'NONE', ( #2764 ), #2311, .F. ) ;
#2906 = VERTEX_POINT ( 'NONE', #849 ) ;
#2907 = ORIENTED_EDGE ( 'NONE', *, *, #3392, .F. ) ;
#2908 = AXIS2_PLACEMENT_3D ( 'NONE', #1478, #419, #465 ) ;
#2909 = CARTESIAN_POINT ( 'NONE',  ( 0.001111340248359256495, 0.002683012700000000916, 0.01559999999890752595 ) ) ;
#2910 = LINE ( 'NONE', #4674, #1606 ) ;
#2911 = CARTESIAN_POINT ( 'NONE',  ( -0.002249999999999999830, 0.000000000000000000, 0.01799999999999999864 ) ) ;
#2912 = CARTESIAN_POINT ( 'NONE',  ( -0.001111340248359257796, -0.002683012700000000049, 0.003199999998907525085 ) ) ;
#2913 = AXIS2_PLACEMENT_3D ( 'NONE', #2923, #1441, #2559 ) ;
#2914 = ORIENTED_EDGE ( 'NONE', *, *, #683, .F. ) ;
#2915 = CARTESIAN_POINT ( 'NONE',  ( 0.001897176474179628272, 0.001897176474179628272, 0.01084999999890752520 ) ) ;
#2916 = CARTESIAN_POINT ( 'NONE',  ( -4.133182947122316589E-19, -0.002249999999999999830, 0.01559999999781505088 ) ) ;
#2917 = DIRECTION ( 'NONE',  ( -1.000000000000000000, 0.000000000000000000, 0.000000000000000000 ) ) ;
#2918 = AXIS2_PLACEMENT_3D ( 'NONE', #3130, #237, #1039 ) ;
#2919 = CARTESIAN_POINT ( 'NONE',  ( -0.0009319805153394651164, -0.002249999999999999830, 0.006749999997815050654 ) ) ;
#2920 = CARTESIAN_POINT ( 'NONE',  ( -0.002683012700000000049, 3.285742915126697848E-19, 0.009449999998907524998 ) ) ;
#2921 = EDGE_CURVE ( 'NONE', #2200, #3370, #3035, .T. ) ;
#2922 = CARTESIAN_POINT ( 'NONE',  ( 0.002683012700000000049, -0.001111340248359258013, 0.003499999998907525438 ) ) ;
#2923 = CARTESIAN_POINT ( 'NONE',  ( 0.000000000000000000, 0.000000000000000000, 0.000000000000000000 ) ) ;
#2924 = CARTESIAN_POINT ( 'NONE',  ( 0.002683012700000000049, -0.001111340248359258013, 0.007499999998907526388 ) ) ;
#2925 = CARTESIAN_POINT ( 'NONE',  ( -0.001590990257669732148, -0.001590990257669731714, 0.01410000000000000142 ) ) ;
#2926 = CARTESIAN_POINT ( 'NONE',  ( -0.001111340248359256062, 0.002683012700000000916, 0.006899999998907525682 ) ) ;
#2927 = ORIENTED_EDGE ( 'NONE', *, *, #628, .F. ) ;
#2928 = CARTESIAN_POINT ( 'NONE',  ( -0.002250000000000000697, 0.0009319805153394642491, 0.002549999997815050913 ) ) ;
#2929 = CARTESIAN_POINT ( 'NONE',  ( 0.002250000000000000697, 0.0009319805153394639238, 0.003849999997815050420 ) ) ;
#2930 = CARTESIAN_POINT ( 'NONE',  ( -0.001111340248359257796, -0.002683012700000000049, 0.009699999998907526955 ) ) ;
#2931 = CARTESIAN_POINT ( 'NONE',  ( -0.0009319805153394651164, -0.002249999999999999830, 0.006150000000000000085 ) ) ;
#2932 = PRODUCT_RELATED_PRODUCT_CATEGORY ( 'part', '', ( #1920 ) ) ;
#2933 = ORIENTED_EDGE ( 'NONE', *, *, #3616, .T. ) ;
#2934 = ORIENTED_EDGE ( 'NONE', *, *, #1458, .F. ) ;
#2935 = CARTESIAN_POINT ( 'NONE',  ( -4.928614372690046772E-19, -0.002683012700000000049, 0.01444999999890752597 ) ) ;
#2936 = CARTESIAN_POINT ( 'NONE',  ( -0.002249999999999994192, -0.0009319805153394696701, 0.008249999997815050251 ) ) ;
#2937 = CARTESIAN_POINT ( 'NONE',  ( -0.002249999999999999830, 2.755455298081544393E-19, 0.006800000000000000488 ) ) ;
#2938 = CARTESIAN_POINT ( 'NONE',  ( -0.002683012700000000049, 3.285742915126697848E-19, 0.007849999998907526005 ) ) ;
#2939 = CARTESIAN_POINT ( 'NONE',  ( -0.002249999999999999830, 2.755455298081544393E-19, 0.01459999999781504999 ) ) ;
#2940 = ORIENTED_EDGE ( 'NONE', *, *, #3594, .F. ) ;
#2941 = CARTESIAN_POINT ( 'NONE',  ( 0.001111340248359256495, 0.002683012700000000916, 0.01409999999890752462 ) ) ;
#2942 = CARTESIAN_POINT ( 'NONE',  ( 0.0009319805153394645743, -0.002249999999999999830, 0.01564999999781505058 ) ) ;
#2943 = CARTESIAN_POINT ( 'NONE',  ( 0.0009319805153394640322, 0.002250000000000000697, 0.008749999997815050695 ) ) ;
#2944 = CARTESIAN_POINT ( 'NONE',  ( -0.002249999999999999830, 2.755455298081544393E-19, 0.004199999997815050470 ) ) ;
#2945 = CARTESIAN_POINT ( 'NONE',  ( -0.001897176474179627838, 0.001897176474179628272, 0.01014999999890752597 ) ) ;
#2946 = ORIENTED_EDGE ( 'NONE', *, *, #293, .F. ) ;
#2947 = CARTESIAN_POINT ( 'NONE',  ( 0.002683012700000000049, -0.001111340248359258013, 0.001099999998907525214 ) ) ;
#2948 = CARTESIAN_POINT ( 'NONE',  ( -0.001897176474179627838, 0.001897176474179628272, 0.005449999998907525782 ) ) ;
#2949 =( BOUNDED_CURVE ( )  B_SPLINE_CURVE ( 2, ( #594, #1265, #201, #4256, #953, #245, #1688, #4634, #306 ),
 .UNSPECIFIED., .F., .T. ) 
 B_SPLINE_CURVE_WITH_KNOTS ( ( 3, 2, 2, 2, 3 ),
 ( 0.4500000000000000111, 0.4562499999999999889, 0.4625000000000000222, 0.4687500000000000555, 0.4750000000000000333 ),
 .UNSPECIFIED. ) 
 CURVE ( )  GEOMETRIC_REPRESENTATION_ITEM ( )  RATIONAL_B_SPLINE_CURVE ( ( 1.000000000000000000, 0.9238795325112867385, 1.000000000000000000, 0.9238795325112867385, 1.000000000000000000, 0.9238795325112867385, 1.000000000000000000, 0.9238795325112860723, 1.000000000000000666 ) ) 
 REPRESENTATION_ITEM ( '' )  );
#2950 = CARTESIAN_POINT ( 'NONE',  ( -0.002250000000000000697, -0.0009319805153394634901, 0.01485000000000000209 ) ) ;
#2951 = CARTESIAN_POINT ( 'NONE',  ( -0.002683012700000000916, -0.001111340248359255845, 0.006299999998907525843 ) ) ;
#2952 = ORIENTED_EDGE ( 'NONE', *, *, #3156, .T. ) ;
#2953 = CARTESIAN_POINT ( 'NONE',  ( -0.0009319805153394637070, 0.002250000000000000697, 0.001649999997815050504 ) ) ;
#2954 = CARTESIAN_POINT ( 'NONE',  ( 0.002683012700000000049, 0.000000000000000000, 0.009849999998907526047 ) ) ;
#2955 = CARTESIAN_POINT ( 'NONE',  ( -0.002249999999999999830, 2.755455298081544393E-19, 0.005799999997815051198 ) ) ;
#2956 = CARTESIAN_POINT ( 'NONE',  ( -0.001111340248359256062, 0.002683012700000000916, 0.008599999998907526672 ) ) ;
#2957 = FACE_OUTER_BOUND ( 'NONE', #1584, .T. ) ;
#2958 = CARTESIAN_POINT ( 'NONE',  ( 1.377727649040772196E-19, 0.002249999999999999830, 0.007400000000000000328 ) ) ;
#2959 = EDGE_CURVE ( 'NONE', #216, #1992, #264, .T. ) ;
#2960 = EDGE_LOOP ( 'NONE', ( #1001, #2772, #36, #4385 ) ) ;
#2961 = CARTESIAN_POINT ( 'NONE',  ( -0.002683012700000000916, -0.001111340248359255845, 0.01429999999890752688 ) ) ;
#2962 = CARTESIAN_POINT ( 'NONE',  ( -0.0009319805153394651164, -0.002249999999999999830, 0.005149999997815050794 ) ) ;
#2963 = CARTESIAN_POINT ( 'NONE',  ( 0.001590990257669731497, -0.001590990257669732148, 0.01190000000000000085 ) ) ;
#2964 = CARTESIAN_POINT ( 'NONE',  ( 0.002683012700000000049, 0.000000000000000000, 0.008249999998907525320 ) ) ;
#2965 = DIRECTION ( 'NONE',  ( -0.000000000000000000, -0.000000000000000000, -1.000000000000000000 ) ) ;
#2966 = ORIENTED_EDGE ( 'NONE', *, *, #3251, .F. ) ;
#2967 = CARTESIAN_POINT ( 'NONE',  ( -4.928614372690046772E-19, -0.002683012700000000049, 0.01374999999890752500 ) ) ;
#2968 = CARTESIAN_POINT ( 'NONE',  ( 0.002250000000000000697, 0.0009319805153394639238, 0.01424999999781505211 ) ) ;
#2969 = DIRECTION ( 'NONE',  ( -1.000000000000000000, 0.000000000000000000, 0.000000000000000000 ) ) ;
#2970 = CARTESIAN_POINT ( 'NONE',  ( -0.001897176474179627838, 0.001897176474179628272, 0.01094999999890752633 ) ) ;
#2971 = EDGE_CURVE ( 'NONE', #3738, #3958, #4001, .T. ) ;
#2972 = EDGE_LOOP ( 'NONE', ( #65, #2225, #650, #1293 ) ) ;
#2973 = CARTESIAN_POINT ( 'NONE',  ( -0.001897176474179627838, 0.001897176474179628272, 0.007049999998907525642 ) ) ;
#2974 = CARTESIAN_POINT ( 'NONE',  ( 0.000000000000000000, 0.000000000000000000, 0.01799999999999999864 ) ) ;
#2975 = CARTESIAN_POINT ( 'NONE',  ( -0.001897176474179627838, 0.001897176474179628272, 0.006249999998907525278 ) ) ;
#2976 = CARTESIAN_POINT ( 'NONE',  ( 0.002249999999999999830, 0.000000000000000000, 0.01440000000000000134 ) ) ;
#2977 = CARTESIAN_POINT ( 'NONE',  ( 0.001897176474179627622, -0.001897176474179628489, 0.007349999998907525561 ) ) ;
#2978 = VERTEX_POINT ( 'NONE', #4265 ) ;
#2979 = CARTESIAN_POINT ( 'NONE',  ( -0.001897176474179628489, -0.001897176474179627838, 0.01114999999890752512 ) ) ;
#2980 = CARTESIAN_POINT ( 'NONE',  ( 0.0009319805153394645743, -0.002249999999999999830, 0.005249999997815051056 ) ) ;
#2981 = CARTESIAN_POINT ( 'NONE',  ( -0.001111340248359257796, -0.002683012700000000049, 0.008899999998907524856 ) ) ;
#2982 = CARTESIAN_POINT ( 'NONE',  ( 0.002683012700000000049, 0.000000000000000000, 0.01544999999890752512 ) ) ;
#2983 = CARTESIAN_POINT ( 'NONE',  ( 0.001590990257669731497, -0.001590990257669732148, 0.007100000000000000408 ) ) ;
#2984 = CARTESIAN_POINT ( 'NONE',  ( -4.928614372690046772E-19, -0.002683012700000000049, 0.01284999999890752524 ) ) ;
#2985 = CARTESIAN_POINT ( 'NONE',  ( 0.002249999999999999830, -0.0009319805153394653333, 0.009349999997815050534 ) ) ;
#2986 = CARTESIAN_POINT ( 'NONE',  ( 0.0009319805153394645743, -0.002249999999999999830, 0.01185000000000000289 ) ) ;
#2987 = CARTESIAN_POINT ( 'NONE',  ( 0.001897176474179627622, -0.001897176474179628489, 0.005749999998907525701 ) ) ;
#2988 = EDGE_CURVE ( 'NONE', #3432, #2827, #744, .T. ) ;
#2989 = VERTEX_POINT ( 'NONE', #2879 ) ;
#2990 = CARTESIAN_POINT ( 'NONE',  ( -0.001897176474179627838, 0.001897176474179628272, 0.01584999999890752617 ) ) ;
#2991 = CARTESIAN_POINT ( 'NONE',  ( 0.0009319805153394645743, -0.002249999999999999830, 0.01404999999781504985 ) ) ;
#2992 = DIRECTION ( 'NONE',  ( -0.000000000000000000, -0.000000000000000000, -1.000000000000000000 ) ) ;
#2993 = CARTESIAN_POINT ( 'NONE',  ( 1.642871457563348924E-19, 0.002683012700000000049, 0.01164999999890752556 ) ) ;
#2994 = AXIS2_PLACEMENT_3D ( 'NONE', #4259, #1738, #1374 ) ;
#2995 = CARTESIAN_POINT ( 'NONE',  ( 0.001897176474179628272, 0.001897176474179628272, 0.006049999998907525621 ) ) ;
#2996 = CARTESIAN_POINT ( 'NONE',  ( 0.001590990257669731931, 0.001590990257669731931, 0.006299999997815050774 ) ) ;
#2997 = CARTESIAN_POINT ( 'NONE',  ( 0.0009319805153394645743, -0.002249999999999999830, 0.01484999999781505022 ) ) ;
#2998 = CARTESIAN_POINT ( 'NONE',  ( -0.002683012700000000049, 3.285742915126697848E-19, 0.004749999998907525681 ) ) ;
#2999 = CARTESIAN_POINT ( 'NONE',  ( 0.0009319805153394640322, 0.002250000000000000697, 0.01535000000000000253 ) ) ;
#3000 = ORIENTED_EDGE ( 'NONE', *, *, #2117, .T. ) ;
#3001 = CARTESIAN_POINT ( 'NONE',  ( -0.001897176474179627838, 0.001897176474179628272, 0.01094999999890752633 ) ) ;
#3002 = CARTESIAN_POINT ( 'NONE',  ( -0.001111340248359257796, -0.002683012700000000049, 0.007999999998907525098 ) ) ;
#3003 = CARTESIAN_POINT ( 'NONE',  ( 1.377727649040772196E-19, 0.002249999999999999830, 0.008799999997815050393 ) ) ;
#3004 = CARTESIAN_POINT ( 'NONE',  ( 1.642871457563348924E-19, 0.002683012700000000049, 0.01254999999890752532 ) ) ;
#3005 = CARTESIAN_POINT ( 'NONE',  ( -0.002683012700000000916, -0.001111340248359255845, 0.01589999999890752760 ) ) ;
#3006 = CARTESIAN_POINT ( 'NONE',  ( 0.0009319805153394645743, -0.002249999999999999830, 0.007050000000000001578 ) ) ;
#3007 = CARTESIAN_POINT ( 'NONE',  ( 0.002250000000000000697, 0.0009319805153394639238, 0.01344999999781505001 ) ) ;
#3008 = CARTESIAN_POINT ( 'NONE',  ( 0.0009319805153394645743, -0.002249999999999999830, 0.01084999999781505013 ) ) ;
#3009 = CARTESIAN_POINT ( 'NONE',  ( -0.002250000000000006335, 0.0009319805153394578523, 0.006749999999999999924 ) ) ;
#3010 = CARTESIAN_POINT ( 'NONE',  ( 0.001897176474179627622, -0.001897176474179628489, 0.007349999998907525561 ) ) ;
#3011 = ORIENTED_EDGE ( 'NONE', *, *, #544, .T. ) ;
#3012 = CARTESIAN_POINT ( 'NONE',  ( 0.001897176474179627622, -0.001897176474179628489, 0.01624999999890752722 ) ) ;
#3013 = CARTESIAN_POINT ( 'NONE',  ( -4.133182947122316589E-19, -0.002249999999999999830, 0.01319999999781504979 ) ) ;
#3014 = CARTESIAN_POINT ( 'NONE',  ( 0.002250000000000003299, 0.0009319805153394607796, 0.003849999997815050420 ) ) ;
#3015 = CARTESIAN_POINT ( 'NONE',  ( -0.001897176474179627838, 0.001897176474179628272, 0.01174999999890752496 ) ) ;
#3016 = CARTESIAN_POINT ( 'NONE',  ( 0.001897176474179627622, -0.001897176474179628489, 0.005049999998907525600 ) ) ;
#3017 = CARTESIAN_POINT ( 'NONE',  ( -0.002249999999999998529, -0.0009319805153394651164, 0.001849999997815050161 ) ) ;
#3018 =( BOUNDED_CURVE ( )  B_SPLINE_CURVE ( 2, ( #1883, #3353, #77, #1908, #806, #3926, #4636, #1301, #2410 ),
 .UNSPECIFIED., .F., .T. ) 
 B_SPLINE_CURVE_WITH_KNOTS ( ( 3, 2, 2, 2, 3 ),
 ( 0.1000000000000000056, 0.1062499999999999972, 0.1125000000000000028, 0.1187499999999999944, 0.1250000000000000000 ),
 .UNSPECIFIED. ) 
 CURVE ( )  GEOMETRIC_REPRESENTATION_ITEM ( )  RATIONAL_B_SPLINE_CURVE ( ( 1.000000000000000000, 0.9238795325112867385, 1.000000000000000000, 0.9238795325112867385, 1.000000000000000000, 0.9238795325112867385, 1.000000000000000000, 0.9238795325112867385, 1.000000000000000000 ) ) 
 REPRESENTATION_ITEM ( '' )  );
#3019 = CARTESIAN_POINT ( 'NONE',  ( -0.002249999999999999830, 2.755455298081544393E-19, 0.01560000000000000102 ) ) ;
#3020 = CARTESIAN_POINT ( 'NONE',  ( 0.001897176474179628272, 0.001897176474179628272, 0.01084999999890752520 ) ) ;
#3021 = CARTESIAN_POINT ( 'NONE',  ( -4.928614372690046772E-19, -0.002683012700000000049, 0.004049999998907525579 ) ) ;
#3022 = EDGE_CURVE ( 'NONE', #3523, #368, #303, .T. ) ;
#3023 = ORIENTED_EDGE ( 'NONE', *, *, #2161, .T. ) ;
#3024 = CARTESIAN_POINT ( 'NONE',  ( 0.002683012700000000049, -0.001111340248359258013, 0.01219999999890752744 ) ) ;
#3025 = CARTESIAN_POINT ( 'NONE',  ( 0.002683012700000000049, -0.001111340248359258013, 0.008999999998907525986 ) ) ;
#3026 = CARTESIAN_POINT ( 'NONE',  ( 0.0009319805153394645743, -0.002249999999999999830, 0.008449999997815050776 ) ) ;
#3027 = CARTESIAN_POINT ( 'NONE',  ( 0.002683012700000000916, 0.001111340248359256279, 0.01159999999890752587 ) ) ;
#3028 = DIRECTION ( 'NONE',  ( -1.000000000000000000, 0.000000000000000000, 0.000000000000000000 ) ) ;
#3029 = CARTESIAN_POINT ( 'NONE',  ( -4.133182947122316589E-19, -0.002249999999999999830, 0.01020000000000000073 ) ) ;
#3030 = DIRECTION ( 'NONE',  ( -0.000000000000000000, -0.000000000000000000, -1.000000000000000000 ) ) ;
#3031 = CARTESIAN_POINT ( 'NONE',  ( 0.001897176474179628272, 0.001897176474179628272, 0.002049999998907525538 ) ) ;
#3032 = CARTESIAN_POINT ( 'NONE',  ( 0.002683012700000000916, 0.001111340248359256279, 0.005899999998907526529 ) ) ;
#3033 = CARTESIAN_POINT ( 'NONE',  ( 0.001590990257669731497, -0.001590990257669732148, 0.002299999999999999961 ) ) ;
#3034 = CARTESIAN_POINT ( 'NONE',  ( 0.002683012700000000916, 0.001111340248359256279, 0.01559999999890752595 ) ) ;
#3035 = LINE ( 'NONE', #4513, #4143 ) ;
#3036 = CARTESIAN_POINT ( 'NONE',  ( -0.002250000000000000697, 0.0009319805153394642491, 0.004149999997815050773 ) ) ;
#3037 = CARTESIAN_POINT ( 'NONE',  ( -0.001897176474179627838, 0.001897176474179628272, 0.005449999998907525782 ) ) ;
#3038 = CARTESIAN_POINT ( 'NONE',  ( 0.0009319805153394640322, 0.002250000000000000697, 0.01295000000000000144 ) ) ;
#3039 = CARTESIAN_POINT ( 'NONE',  ( -0.001111340248359257796, -0.002683012700000000049, 0.01049999999890752558 ) ) ;
#3040 = CARTESIAN_POINT ( 'NONE',  ( -0.002683012700000000916, 0.001111340248359256495, 0.002999999998907525427 ) ) ;
#3041 =( BOUNDED_CURVE ( )  B_SPLINE_CURVE ( 2, ( #4091, #45, #2650, #4066, #776, #2986, #2963, #2228, #3713 ),
 .UNSPECIFIED., .F., .F. ) 
 B_SPLINE_CURVE_WITH_KNOTS ( ( 3, 2, 2, 2, 3 ),
 ( 0.7250000000000000888, 0.7312500000000000666, 0.7375000000000000444, 0.7437500000000000222, 0.7500000000000000000 ),
 .UNSPECIFIED. ) 
 CURVE ( )  GEOMETRIC_REPRESENTATION_ITEM ( )  RATIONAL_B_SPLINE_CURVE ( ( 0.9999999999999986677, 0.9238795325112880708, 1.000000000000000000, 0.9238795325112867385, 1.000000000000000000, 0.9238795325112867385, 1.000000000000000000, 0.9238795325112867385, 1.000000000000000000 ) ) 
 REPRESENTATION_ITEM ( '' )  );
#3042 = ORIENTED_EDGE ( 'NONE', *, *, #831, .T. ) ;
#3043 = CARTESIAN_POINT ( 'NONE',  ( 1.642871457563348924E-19, 0.002683012700000000049, 0.01084999999890752520 ) ) ;
#3044 = CARTESIAN_POINT ( 'NONE',  ( 0.002683012700000000916, 0.001111340248359256279, 0.008299999998907525017 ) ) ;
#3045 = ADVANCED_FACE ( 'NONE', ( #987 ), #1030, .F. ) ;
#3046 = CARTESIAN_POINT ( 'NONE',  ( -0.001590990257669731714, 0.001590990257669731931, 0.006499999997815050432 ) ) ;
#3047 = CARTESIAN_POINT ( 'NONE',  ( -0.002683012700000000916, 0.001111340248359256495, 0.01109999999890752542 ) ) ;
#3048 = CARTESIAN_POINT ( 'NONE',  ( 0.000000000000000000, 0.000000000000000000, 0.000000000000000000 ) ) ;
#3049 = CARTESIAN_POINT ( 'NONE',  ( -0.002249999999999999830, 2.755455298081544393E-19, 0.009199999999999999845 ) ) ;
#3050 = ORIENTED_EDGE ( 'NONE', *, *, #634, .F. ) ;
#3051 = CARTESIAN_POINT ( 'NONE',  ( 1.377727649040772196E-19, 0.002249999999999999830, 0.004799999997815051177 ) ) ;
#3052 = CARTESIAN_POINT ( 'NONE',  ( 0.002683012700000000916, 0.001111340248359256279, 0.001999999998907524973 ) ) ;
#3053 = CARTESIAN_POINT ( 'NONE',  ( -0.002683012700000000049, 3.285742915126697848E-19, 0.009449999998907524998 ) ) ;
#3054 = CARTESIAN_POINT ( 'NONE',  ( -0.002249999999999999830, 2.755455298081544393E-19, 0.001200000000000000112 ) ) ;
#3055 =( BOUNDED_CURVE ( )  B_SPLINE_CURVE ( 2, ( #4190, #1989, #872, #4588, #4538, #1227, #4165, #3785, #2333 ),
 .UNSPECIFIED., .F., .F. ) 
 B_SPLINE_CURVE_WITH_KNOTS ( ( 3, 2, 2, 2, 3 ),
 ( 0.2250000000000000056, 0.2312500000000000111, 0.2374999999999999889, 0.2437499999999999944, 0.2500000000000000000 ),
 .UNSPECIFIED. ) 
 CURVE ( )  GEOMETRIC_REPRESENTATION_ITEM ( )  RATIONAL_B_SPLINE_CURVE ( ( 1.000000000000000000, 0.9238795325112867385, 1.000000000000000000, 0.9238795325112867385, 1.000000000000000000, 0.9238795325112867385, 1.000000000000000000, 0.9238795325112867385, 1.000000000000000000 ) ) 
 REPRESENTATION_ITEM ( '' )  );
#3056 = CARTESIAN_POINT ( 'NONE',  ( 0.0009319805153394645743, -0.002249999999999999830, 0.01644999999781504921 ) ) ;
#3057 = CARTESIAN_POINT ( 'NONE',  ( 0.002249999999999999830, -0.0009319805153394653333, 0.01654999999781505207 ) ) ;
#3058 = FACE_OUTER_BOUND ( 'NONE', #1812, .T. ) ;
#3059 = CARTESIAN_POINT ( 'NONE',  ( 0.001897176474179627622, -0.001897176474179628489, 0.006649999998907525460 ) ) ;
#3060 = CARTESIAN_POINT ( 'NONE',  ( -0.002249999999999999830, 2.755455298081544393E-19, 0.01139999999781505027 ) ) ;
#3061 = AXIS2_PLACEMENT_3D ( 'NONE', #2528, #2110, #681 ) ;
#3062 = CARTESIAN_POINT ( 'NONE',  ( 0.002249999999999999830, 0.000000000000000000, 0.01259999999781504995 ) ) ;
#3063 = CARTESIAN_POINT ( 'NONE',  ( 0.001897176474179628272, 0.001897176474179628272, 0.008449999998907524110 ) ) ;
#3064 = CARTESIAN_POINT ( 'NONE',  ( -4.928614372690046772E-19, -0.002683012700000000049, 0.003249999998907525216 ) ) ;
#3065 = VERTEX_POINT ( 'NONE', #2521 ) ;
#3066 = ORIENTED_EDGE ( 'NONE', *, *, #3471, .F. ) ;
#3067 = CARTESIAN_POINT ( 'NONE',  ( 0.001111340248359257146, -0.002683012700000000049, 0.01129999999890752595 ) ) ;
#3068 = CARTESIAN_POINT ( 'NONE',  ( -0.002249999999999999830, 2.755455298081544393E-19, 0.008199999997815050554 ) ) ;
#3069 = CARTESIAN_POINT ( 'NONE',  ( -0.002683012700000000049, 3.285742915126697848E-19, 0.01034999999890752476 ) ) ;
#3070 = CARTESIAN_POINT ( 'NONE',  ( 0.002683012700000000916, 0.001111340248359256279, 0.0003999999989075252757 ) ) ;
#3071 = CARTESIAN_POINT ( 'NONE',  ( -4.133182947122316589E-19, -0.002249999999999999830, 0.008600000000000000006 ) ) ;
#3072 =( BOUNDED_CURVE ( )  B_SPLINE_CURVE ( 2, ( #2571, #424, #1871, #747, #398, #3317, #1504, #2985, #4134 ),
 .UNSPECIFIED., .F., .T. ) 
 B_SPLINE_CURVE_WITH_KNOTS ( ( 3, 2, 2, 2, 3 ),
 ( 0.5250000000000001332, 0.5312500000000001110, 0.5375000000000000888, 0.5437499999999999556, 0.5500000000000000444 ),
 .UNSPECIFIED. ) 
 CURVE ( )  GEOMETRIC_REPRESENTATION_ITEM ( )  RATIONAL_B_SPLINE_CURVE ( ( 0.9999999999999986677, 0.9238795325112880708, 1.000000000000000000, 0.9238795325112867385, 1.000000000000000000, 0.9238795325112867385, 1.000000000000000000, 0.9238795325112867385, 1.000000000000000000 ) ) 
 REPRESENTATION_ITEM ( '' )  );
#3073 = VECTOR ( 'NONE', #4221, 1.000000000000000000 ) ;
#3074 = CARTESIAN_POINT ( 'NONE',  ( 0.002249999999999999830, 0.000000000000000000, 0.01579999999781505141 ) ) ;
#3075 = CARTESIAN_POINT ( 'NONE',  ( -0.002249999999999999830, 0.000000000000000000, 0.01799999999999999864 ) ) ;
#3076 = CARTESIAN_POINT ( 'NONE',  ( 1.642871457563348924E-19, 0.002683012700000000049, 0.001349999998907525220 ) ) ;
#3077 = CARTESIAN_POINT ( 'NONE',  ( -0.001897176474179627838, 0.001897176474179628272, 0.01174999999890752496 ) ) ;
#3078 = LINE ( 'NONE', #1650, #4222 ) ;
#3079 = CARTESIAN_POINT ( 'NONE',  ( 1.377727649040772196E-19, 0.002249999999999999830, 0.009000000000000001055 ) ) ;
#3080 = FACE_OUTER_BOUND ( 'NONE', #832, .T. ) ;
#3081 = CARTESIAN_POINT ( 'NONE',  ( 0.001111340248359257146, -0.002683012700000000049, 0.0008999999989075253403 ) ) ;
#3082 = CARTESIAN_POINT ( 'NONE',  ( -4.928614372690046772E-19, -0.002683012700000000049, 0.0008499999989075252092 ) ) ;
#3083 = CARTESIAN_POINT ( 'NONE',  ( -0.001111340248359256062, 0.002683012700000000916, 0.008599999998907526672 ) ) ;
#3084 = CARTESIAN_POINT ( 'NONE',  ( -0.002250000000000000697, -0.0009319805153394630564, 0.001049999997815050231 ) ) ;
#3085 = CARTESIAN_POINT ( 'NONE',  ( 0.001590990257669731497, -0.001590990257669732148, 0.01590000000000000094 ) ) ;
#3086 = CARTESIAN_POINT ( 'NONE',  ( 0.001897176474179627622, -0.001897176474179628489, 0.008249999998907525320 ) ) ;
#3087 = CARTESIAN_POINT ( 'NONE',  ( -0.001111340248359257796, -0.002683012700000000049, 0.002399999998907525588 ) ) ;
#3088 = VERTEX_POINT ( 'NONE', #2426 ) ;
#3089 = ORIENTED_EDGE ( 'NONE', *, *, #3392, .T. ) ;
#3090 = CARTESIAN_POINT ( 'NONE',  ( -0.002683012700000000916, -0.001111340248359255845, 0.01509999999890752551 ) ) ;
#3091 = CARTESIAN_POINT ( 'NONE',  ( -0.001590990257669732148, -0.001590990257669731714, 0.007499999997815051320 ) ) ;
#3092 = CARTESIAN_POINT ( 'NONE',  ( -4.928614372690046772E-19, -0.002683012700000000049, 0.01214999999890752427 ) ) ;
#3093 = CARTESIAN_POINT ( 'NONE',  ( 0.0009319805153394640322, 0.002250000000000000697, 0.01535000000000000253 ) ) ;
#3094 = CARTESIAN_POINT ( 'NONE',  ( -0.002249999999999999830, 2.755455298081544393E-19, 0.01080000000000000057 ) ) ;
#3095 = CARTESIAN_POINT ( 'NONE',  ( 1.377727649040772196E-19, 0.002249999999999999830, 0.002600000000000000314 ) ) ;
#3096 = CARTESIAN_POINT ( 'NONE',  ( 0.0009319805153394645743, -0.002249999999999999830, 0.01564999999781505058 ) ) ;
#3097 = FACE_BOUND ( 'NONE', #25, .T. ) ;
#3098 = CARTESIAN_POINT ( 'NONE',  ( -4.928614372690046772E-19, -0.002683012700000000049, 0.002549999998907525114 ) ) ;
#3099 = CARTESIAN_POINT ( 'NONE',  ( 0.001111340248359257146, -0.002683012700000000049, 0.01049999999890752558 ) ) ;
#3100 = EDGE_CURVE ( 'NONE', #612, #1230, #2605, .T. ) ;
#3101 = DIRECTION ( 'NONE',  ( -0.000000000000000000, -0.000000000000000000, -1.000000000000000000 ) ) ;
#3102 =( BOUNDED_CURVE ( )  B_SPLINE_CURVE ( 2, ( #4260, #956, #3188, #3891, #2420, #1024, #1691, #3162, #1331 ),
 .UNSPECIFIED., .F., .T. ) 
 B_SPLINE_CURVE_WITH_KNOTS ( ( 3, 2, 2, 2, 3 ),
 ( 0.6500000000000001332, 0.6562500000000001110, 0.6625000000000000888, 0.6687499999999999556, 0.6750000000000000444 ),
 .UNSPECIFIED. ) 
 CURVE ( )  GEOMETRIC_REPRESENTATION_ITEM ( )  RATIONAL_B_SPLINE_CURVE ( ( 0.9999999999999986677, 0.9238795325112880708, 1.000000000000000000, 0.9238795325112867385, 1.000000000000000000, 0.9238795325112867385, 1.000000000000000000, 0.9238795325112867385, 1.000000000000000000 ) ) 
 REPRESENTATION_ITEM ( '' )  );
#3103 = DIRECTION ( 'NONE',  ( 0.000000000000000000, 0.000000000000000000, 1.000000000000000000 ) ) ;
#3104 = CARTESIAN_POINT ( 'NONE',  ( 0.000000000000000000, 0.000000000000000000, 0.03100000000000000325 ) ) ;
#3105 = CARTESIAN_POINT ( 'NONE',  ( 0.001897176474179628272, 0.001897176474179628272, 0.0003499999989075251988 ) ) ;
#3106 = CARTESIAN_POINT ( 'NONE',  ( -0.001111340248359256062, 0.002683012700000000916, 0.01019999999890752740 ) ) ;
#3107 = EDGE_CURVE ( 'NONE', #1695, #2574, #4027, .T. ) ;
#3108 = CARTESIAN_POINT ( 'NONE',  ( 0.001590990257669731931, 0.001590990257669731931, 0.005499999997815050411 ) ) ;
#3109 = DIRECTION ( 'NONE',  ( 1.000000000000000000, 0.000000000000000000, 0.000000000000000000 ) ) ;
#3110 = CARTESIAN_POINT ( 'NONE',  ( 0.002683012700000000049, -0.001111340248359258013, 0.009899999998907525744 ) ) ;
#3111 = ADVANCED_FACE ( 'NONE', ( #3147 ), #3194, .T. ) ;
#3112 = CARTESIAN_POINT ( 'NONE',  ( 1.642871457563348924E-19, 0.002683012700000000049, 0.002049999998907525538 ) ) ;
#3113 = ORIENTED_EDGE ( 'NONE', *, *, #831, .F. ) ;
#3114 = CARTESIAN_POINT ( 'NONE',  ( 0.001111340248359256495, 0.002683012700000000916, 0.01479999999890752732 ) ) ;
#3115 = CARTESIAN_POINT ( 'NONE',  ( 0.001111340248359257146, -0.002683012700000000049, 0.01539999999890752369 ) ) ;
#3116 = CARTESIAN_POINT ( 'NONE',  ( 0.002683012700000000049, 0.000000000000000000, 0.0003499999989075251988 ) ) ;
#3117 = CARTESIAN_POINT ( 'NONE',  ( 0.001590990257669731497, -0.001590990257669732148, 0.007900000000000000772 ) ) ;
#3118 = EDGE_LOOP ( 'NONE', ( #2549, #3160, #3089, #4069 ) ) ;
#3119 = CARTESIAN_POINT ( 'NONE',  ( 0.002683012700000000049, -0.001111340248359258013, 0.01389999999890752583 ) ) ;
#3120 = FILL_AREA_STYLE ('',( #3488 ) ) ;
#3121 = CARTESIAN_POINT ( 'NONE',  ( 0.002683012700000000049, 0.000000000000000000, 0.001949999998907525275 ) ) ;
#3122 = CARTESIAN_POINT ( 'NONE',  ( -0.002683012700000000916, 0.001111340248359256495, 0.009399999998907525300 ) ) ;
#3123 = CARTESIAN_POINT ( 'NONE',  ( 0.0009319805153394640322, 0.002250000000000000697, 0.002349999997815050388 ) ) ;
#3124 = CARTESIAN_POINT ( 'NONE',  ( 0.000000000000000000, 0.000000000000000000, 0.01799999999999999864 ) ) ;
#3125 = CARTESIAN_POINT ( 'NONE',  ( 0.0009319805153394640322, 0.002250000000000000697, 0.0009499999999999999981 ) ) ;
#3126 = DIRECTION ( 'NONE',  ( -1.000000000000000000, 0.000000000000000000, 0.000000000000000000 ) ) ;
#3127 = CARTESIAN_POINT ( 'NONE',  ( -0.001111340248359256062, 0.002683012700000000916, 0.009399999998907525300 ) ) ;
#3128 = CARTESIAN_POINT ( 'NONE',  ( 0.002249999999999993758, 0.0009319805153394701037, 0.005449999997815049846 ) ) ;
#3129 = CARTESIAN_POINT ( 'NONE',  ( 0.002249999999999999830, 0.000000000000000000, 0.01519999999999999997 ) ) ;
#3130 = CARTESIAN_POINT ( 'NONE',  ( 0.000000000000000000, 0.000000000000000000, 0.000000000000000000 ) ) ;
#3131 = CARTESIAN_POINT ( 'NONE',  ( 0.002683012700000000916, 0.001111340248359256279, 0.007499999998907526388 ) ) ;
#3132 = ORIENTED_EDGE ( 'NONE', *, *, #3807, .T. ) ;
#3133 = CARTESIAN_POINT ( 'NONE',  ( 0.002683012700000000049, -0.001111340248359258013, 0.01459999999890752506 ) ) ;
#3134 = CARTESIAN_POINT ( 'NONE',  ( 0.001897176474179627622, -0.001897176474179628489, 0.01624999999890752722 ) ) ;
#3135 = CARTESIAN_POINT ( 'NONE',  ( 0.001897176474179628272, 0.001897176474179628272, 0.001249999998907525174 ) ) ;
#3136 = CARTESIAN_POINT ( 'NONE',  ( 1.377727649040772196E-19, 0.002249999999999999830, 0.01220000000000000077 ) ) ;
#3137 = VECTOR ( 'NONE', #3723, 1.000000000000000000 ) ;
#3138 = CARTESIAN_POINT ( 'NONE',  ( -0.001590990257669731714, 0.001590990257669731931, 0.002700000000000000143 ) ) ;
#3139 = CARTESIAN_POINT ( 'NONE',  ( -0.002683012700000000916, -0.001111340248359255845, 0.01439999999890752454 ) ) ;
#3140 = PRESENTATION_LAYER_ASSIGNMENT (  '', '', ( #2610 ) ) ;
#3141 = CARTESIAN_POINT ( 'NONE',  ( -4.133182947122316589E-19, -0.002249999999999999830, 0.01020000000000000073 ) ) ;
#3142 = CARTESIAN_POINT ( 'NONE',  ( 0.001111340248359256495, 0.002683012700000000916, 0.004499999998907525459 ) ) ;
#3143 = CARTESIAN_POINT ( 'NONE',  ( 0.002683012700000000049, -0.001111340248359258013, 0.01059999999890752498 ) ) ;
#3144 = CARTESIAN_POINT ( 'NONE',  ( 0.002249999999999999830, -0.0009319805153394653333, 0.002350000000000000092 ) ) ;
#3145 = AXIS2_PLACEMENT_3D ( 'NONE', #814, #3749, #3028 ) ;
#3146 = DIRECTION ( 'NONE',  ( 1.000000000000000000, 0.000000000000000000, 0.000000000000000000 ) ) ;
#3147 = FACE_OUTER_BOUND ( 'NONE', #4730, .T. ) ;
#3148 = CARTESIAN_POINT ( 'NONE',  ( -0.001897176474179627838, 0.001897176474179628272, 0.002149999998907525366 ) ) ;
#3149 = CARTESIAN_POINT ( 'NONE',  ( 0.002683012700000000049, -0.001111340248359258013, 0.009099999998907527116 ) ) ;
#3150 = CARTESIAN_POINT ( 'NONE',  ( -0.002249999999999997228, -0.0009319805153394666343, 0.002850000000000000536 ) ) ;
#3151 = CARTESIAN_POINT ( 'NONE',  ( -0.002683012700000000916, -0.001111340248359255845, 0.004699999998907525116 ) ) ;
#3152 = ORIENTED_EDGE ( 'NONE', *, *, #2971, .T. ) ;
#3153 = ORIENTED_EDGE ( 'NONE', *, *, #1526, .T. ) ;
#3154 = EDGE_LOOP ( 'NONE', ( #4749, #1651, #4755, #3815 ) ) ;
#3155 = CARTESIAN_POINT ( 'NONE',  ( -0.001897176474179627838, 0.001897176474179628272, 0.0006499999989075252267 ) ) ;
#3156 = EDGE_CURVE ( 'NONE', #422, #1889, #4631, .T. ) ;
#3157 = CARTESIAN_POINT ( 'NONE',  ( -0.002683012700000000916, -0.001111340248359255845, 0.01439999999890752454 ) ) ;
#3158 = CARTESIAN_POINT ( 'NONE',  ( -0.002683012700000000916, 0.001111340248359256495, 0.003899999998907525620 ) ) ;
#3159 = CARTESIAN_POINT ( 'NONE',  ( -0.002250000000000000697, 0.0009319805153394642491, 0.01155000000000000124 ) ) ;
#3160 = ORIENTED_EDGE ( 'NONE', *, *, #3233, .T. ) ;
#3161 = CARTESIAN_POINT ( 'NONE',  ( -0.001111340248359256062, 0.002683012700000000916, 0.01419999999890752575 ) ) ;
#3162 = CARTESIAN_POINT ( 'NONE',  ( -0.002250000000000000697, 0.0009319805153394642491, 0.01075000000000000261 ) ) ;
#3163 = CARTESIAN_POINT ( 'NONE',  ( 1.642871457563348924E-19, 0.002683012700000000049, 0.005349999998907525520 ) ) ;
#3164 = CARTESIAN_POINT ( 'NONE',  ( -0.001111340248359257796, -0.002683012700000000049, 0.01439999999890752627 ) ) ;
#3165 =( BOUNDED_CURVE ( )  B_SPLINE_CURVE ( 2, ( #4023, #1438, #3224, #2919, #2482, #2555, #117, #2210, #1855 ),
 .UNSPECIFIED., .F., .F. ) 
 B_SPLINE_CURVE_WITH_KNOTS ( ( 3, 2, 2, 2, 3 ),
 ( 0.3750000000000000000, 0.3812499999999999778, 0.3875000000000000111, 0.3937499999999999889, 0.4000000000000000222 ),
 .UNSPECIFIED. ) 
 CURVE ( )  GEOMETRIC_REPRESENTATION_ITEM ( )  RATIONAL_B_SPLINE_CURVE ( ( 1.000000000000000000, 0.9238795325112867385, 1.000000000000000000, 0.9238795325112867385, 1.000000000000000000, 0.9238795325112867385, 1.000000000000000000, 0.9238795325112867385, 1.000000000000000000 ) ) 
 REPRESENTATION_ITEM ( '' )  );
#3166 = CARTESIAN_POINT ( 'NONE',  ( -0.002249999999999999830, 2.755455298081544393E-19, 0.004400000000000000265 ) ) ;
#3167 = EDGE_CURVE ( 'NONE', #1243, #3432, #254, .T. ) ;
#3168 = ORIENTED_EDGE ( 'NONE', *, *, #3594, .T. ) ;
#3169 = CARTESIAN_POINT ( 'NONE',  ( -0.001590990257669732148, -0.001590990257669731714, 0.001300000000000000157 ) ) ;
#3170 = CARTESIAN_POINT ( 'NONE',  ( 0.000000000000000000, 0.000000000000000000, 0.01799999999999999864 ) ) ;
#3171 = CARTESIAN_POINT ( 'NONE',  ( -0.002250000000000025417, 0.0009319805153394388787, 0.01614999999781505449 ) ) ;
#3172 = CARTESIAN_POINT ( 'NONE',  ( 0.001111340248359256495, 0.002683012700000000916, 0.001199999998907525260 ) ) ;
#3173 = CARTESIAN_POINT ( 'NONE',  ( 0.002249999999999999830, 0.000000000000000000, 0.002999999997815050792 ) ) ;
#3174 = CARTESIAN_POINT ( 'NONE',  ( -0.001897176474179628489, -0.001897176474179627838, 0.007249999998907526166 ) ) ;
#3175 = CARTESIAN_POINT ( 'NONE',  ( -4.133182947122316589E-19, -0.002249999999999999830, 0.01079999999781505043 ) ) ;
#3176 = CARTESIAN_POINT ( 'NONE',  ( -0.002249999999999999830, 0.000000000000000000, 0.000000000000000000 ) ) ;
#3177 = CARTESIAN_POINT ( 'NONE',  ( 0.001590990257669731497, -0.001590990257669732148, 0.003100000000000000325 ) ) ;
#3178 =( NAMED_UNIT ( * ) PLANE_ANGLE_UNIT ( ) SI_UNIT ( $, .RADIAN. ) );
#3179 = CARTESIAN_POINT ( 'NONE',  ( -0.001897176474179628489, -0.001897176474179627838, 0.006349999998907525540 ) ) ;
#3180 = CARTESIAN_POINT ( 'NONE',  ( -0.002683012700000000916, -0.001111340248359255845, 0.01589999999890752760 ) ) ;
#3181 = CARTESIAN_POINT ( 'NONE',  ( 0.001111340248359257146, -0.002683012700000000049, 0.01619999999890752579 ) ) ;
#3182 = CARTESIAN_POINT ( 'NONE',  ( 0.001897176474179628272, 0.001897176474179628272, 0.002049999998907525538 ) ) ;
#3183 = EDGE_CURVE ( 'NONE', #3738, #4573, #1431, .T. ) ;
#3184 = CARTESIAN_POINT ( 'NONE',  ( -0.001590990257669732148, -0.001590990257669731714, 0.01089999999999999997 ) ) ;
#3185 = CARTESIAN_POINT ( 'NONE',  ( -0.001590990257669732148, -0.001590990257669731714, 0.01149999999781504967 ) ) ;
#3186 = EDGE_CURVE ( 'NONE', #3792, #1102, #1129, .T. ) ;
#3187 = CARTESIAN_POINT ( 'NONE',  ( 1.642871457563348924E-19, 0.002683012700000000049, 0.01334999999890752569 ) ) ;
#3188 = CARTESIAN_POINT ( 'NONE',  ( 0.001590990257669731931, 0.001590990257669731931, 0.01050000000000000065 ) ) ;
#3189 = CARTESIAN_POINT ( 'NONE',  ( 0.001897176474179628272, 0.001897176474179628272, 0.006049999998907525621 ) ) ;
#3190 = CARTESIAN_POINT ( 'NONE',  ( 0.001111340248359257146, -0.002683012700000000049, 0.01449999999890752567 ) ) ;
#3191 = CARTESIAN_POINT ( 'NONE',  ( 0.0009319805153394640322, 0.002250000000000000697, 0.002550000000000000183 ) ) ;
#3192 =( BOUNDED_CURVE ( )  B_SPLINE_CURVE ( 2, ( #816, #3007, #3778, #4158, #2304, #1600, #1628, #493, #3824 ),
 .UNSPECIFIED., .F., .F. ) 
 B_SPLINE_CURVE_WITH_KNOTS ( ( 3, 2, 2, 2, 3 ),
 ( 0.8000000000000000444, 0.8062500000000000222, 0.8125000000000001110, 0.8187500000000000888, 0.8250000000000000666 ),
 .UNSPECIFIED. ) 
 CURVE ( )  GEOMETRIC_REPRESENTATION_ITEM ( )  RATIONAL_B_SPLINE_CURVE ( ( 1.000000000000000000, 0.9238795325112867385, 1.000000000000000000, 0.9238795325112867385, 1.000000000000000000, 0.9238795325112867385, 1.000000000000000000, 0.9238795325112854062, 1.000000000000001332 ) ) 
 REPRESENTATION_ITEM ( '' )  );
#3193 = CARTESIAN_POINT ( 'NONE',  ( 0.0009319805153394645743, -0.002249999999999999830, 0.003649999997815050329 ) ) ;
#3194 = PLANE ( 'NONE',  #3530 ) ;
#3195 = CARTESIAN_POINT ( 'NONE',  ( 0.001111340248359256495, 0.002683012700000000916, 0.002799999998907524903 ) ) ;
#3196 = CARTESIAN_POINT ( 'NONE',  ( 0.002683012700000000049, -0.001111340248359258013, 0.001799999998907525099 ) ) ;
#3197 = CARTESIAN_POINT ( 'NONE',  ( 0.001111340248359257146, -0.002683012700000000049, 0.01219999999890752744 ) ) ;
#3198 = CARTESIAN_POINT ( 'NONE',  ( -0.001897176474179627838, 0.001897176474179628272, 0.01344999999890752508 ) ) ;
#3199 = CARTESIAN_POINT ( 'NONE',  ( 0.0009319805153394640322, 0.002250000000000000697, 0.01114999999781505179 ) ) ;
#3200 = CARTESIAN_POINT ( 'NONE',  ( -0.002249999999999999830, 2.755455298081544393E-19, 0.0009999999978150503170 ) ) ;
#3201 = DIRECTION ( 'NONE',  ( -1.000000000000000000, 0.000000000000000000, 0.000000000000000000 ) ) ;
#3202 = CARTESIAN_POINT ( 'NONE',  ( 0.001111340248359257146, -0.002683012700000000049, 0.004899999998907527375 ) ) ;
#3203 = CARTESIAN_POINT ( 'NONE',  ( -0.001111340248359257796, -0.002683012700000000049, 0.003299999998907525347 ) ) ;
#3204 = CARTESIAN_POINT ( 'NONE',  ( -4.928614372690046772E-19, -0.002683012700000000049, 0.01374999999890752500 ) ) ;
#3205 = CARTESIAN_POINT ( 'NONE',  ( -4.928614372690046772E-19, -0.002683012700000000049, 0.003349999998907525478 ) ) ;
#3206 = CARTESIAN_POINT ( 'NONE',  ( 0.0009319805153394640322, 0.002250000000000000697, 0.01134999999999999898 ) ) ;
#3207 = ORIENTED_EDGE ( 'NONE', *, *, #4699, .T. ) ;
#3208 = CARTESIAN_POINT ( 'NONE',  ( -0.002683012700000000916, -0.001111340248359255845, 0.01359999999890752591 ) ) ;
#3209 = SURFACE_SIDE_STYLE ('',( #4278 ) ) ;
#3210 = CARTESIAN_POINT ( 'NONE',  ( -0.002249999999999999830, 2.755455298081544393E-19, 0.002799999999999999972 ) ) ;
#3211 = CARTESIAN_POINT ( 'NONE',  ( -0.002683012700000000049, 3.285742915126697848E-19, 0.005549999998907526044 ) ) ;
#3212 = CARTESIAN_POINT ( 'NONE',  ( 0.002683012700000000916, 0.001111340248359256279, 0.01309999999890752546 ) ) ;
#3213 = CARTESIAN_POINT ( 'NONE',  ( 0.0009319805153394645743, -0.002249999999999999830, 0.003050000000000000194 ) ) ;
#3214 = VERTEX_POINT ( 'NONE', #2203 ) ;
#3215 = DIRECTION ( 'NONE',  ( -0.000000000000000000, -0.000000000000000000, -1.000000000000000000 ) ) ;
#3216 = CARTESIAN_POINT ( 'NONE',  ( -4.133182947122316589E-19, -0.002249999999999999830, 0.01260000000000000009 ) ) ;
#3217 = CARTESIAN_POINT ( 'NONE',  ( -0.002683012700000000049, 3.285742915126697848E-19, 0.003849999998907525488 ) ) ;
#3218 = CARTESIAN_POINT ( 'NONE',  ( -0.002683012700000000916, -0.001111340248359255845, 0.003099999998907525256 ) ) ;
#3219 = FACE_OUTER_BOUND ( 'NONE', #4180, .T. ) ;
#3220 = CARTESIAN_POINT ( 'NONE',  ( 0.001897176474179627622, -0.001897176474179628489, 0.01224999999890752540 ) ) ;
#3221 = CARTESIAN_POINT ( 'NONE',  ( 0.001897176474179628272, 0.001897176474179628272, 0.01244999999890752593 ) ) ;
#3222 = CARTESIAN_POINT ( 'NONE',  ( -0.001590990257669732148, -0.001590990257669731714, 0.01229999999781505003 ) ) ;
#3223 = DIRECTION ( 'NONE',  ( -0.000000000000000000, -0.000000000000000000, -1.000000000000000000 ) ) ;
#3224 = CARTESIAN_POINT ( 'NONE',  ( -0.001590990257669732148, -0.001590990257669731714, 0.006699999997815050956 ) ) ;
#3225 = CARTESIAN_POINT ( 'NONE',  ( 1.642871457563348924E-19, 0.002683012700000000049, 0.008449999998907525844 ) ) ;
#3226 = CARTESIAN_POINT ( 'NONE',  ( 1.642871457563348924E-19, 0.002683012700000000049, 0.002949999998907525296 ) ) ;
#3227 = CARTESIAN_POINT ( 'NONE',  ( -0.002250000000000012840, 0.0009319805153394514555, 0.01155000000000000124 ) ) ;
#3228 = CARTESIAN_POINT ( 'NONE',  ( 0.001111340248359257146, -0.002683012700000000049, 0.001799999998907525099 ) ) ;
#3229 = CARTESIAN_POINT ( 'NONE',  ( -0.002250000000000000697, -0.0009319805153394634901, 0.01165000000000000063 ) ) ;
#3230 = CARTESIAN_POINT ( 'NONE',  ( 0.002683012700000000916, 0.001111340248359256279, 0.007499999998907526388 ) ) ;
#3231 = CARTESIAN_POINT ( 'NONE',  ( -0.002250000000000000697, 0.0009319805153394642491, 0.001749999997815050549 ) ) ;
#3232 = CARTESIAN_POINT ( 'NONE',  ( -0.001590990257669732148, -0.001590990257669731714, 0.005899999997815050592 ) ) ;
#3233 = EDGE_CURVE ( 'NONE', #3792, #1695, #1569, .T. ) ;
#3234 = CARTESIAN_POINT ( 'NONE',  ( -0.001111340248359257796, -0.002683012700000000049, 0.004899999998907527375 ) ) ;
#3235 = CARTESIAN_POINT ( 'NONE',  ( -4.928614372690046772E-19, -0.002683012700000000049, 0.01284999999890752524 ) ) ;
#3236 = CARTESIAN_POINT ( 'NONE',  ( 0.001590990257669731497, -0.001590990257669732148, 0.001500000000000000031 ) ) ;
#3237 = ORIENTED_EDGE ( 'NONE', *, *, #607, .F. ) ;
#3238 = EDGE_CURVE ( 'NONE', #859, #3792, #3041, .T. ) ;
#3239 = CARTESIAN_POINT ( 'NONE',  ( 0.002249999999999996361, -0.0009319805153394684774, 0.003749999997815050591 ) ) ;
#3240 = CARTESIAN_POINT ( 'NONE',  ( 0.0009319805153394645743, -0.002249999999999999830, 0.0006500000000000000786 ) ) ;
#3241 = CARTESIAN_POINT ( 'NONE',  ( -4.928614372690046772E-19, -0.002683012700000000049, 0.003249999998907525216 ) ) ;
#3242 = CARTESIAN_POINT ( 'NONE',  ( 0.002683012700000000916, 0.001111340248359256279, 0.001899999998907525144 ) ) ;
#3243 = CARTESIAN_POINT ( 'NONE',  ( 0.001897176474179627622, -0.001897176474179628489, 0.01144999999890752504 ) ) ;
#3244 = CARTESIAN_POINT ( 'NONE',  ( -0.001897176474179627838, 0.001897176474179628272, 0.01104999999890752573 ) ) ;
#3245 = CARTESIAN_POINT ( 'NONE',  ( 0.002249999999999999830, 0.000000000000000000, 0.01019999999781505060 ) ) ;
#3246 = DIRECTION ( 'NONE',  ( -0.000000000000000000, -0.000000000000000000, -1.000000000000000000 ) ) ;
#3247 = CARTESIAN_POINT ( 'NONE',  ( -0.0009319805153394637070, 0.002250000000000000697, 0.0002500000000000000052 ) ) ;
#3248 = CARTESIAN_POINT ( 'NONE',  ( -0.001111340248359256062, 0.002683012700000000916, 0.008499999998907525542 ) ) ;
#3249 = ORIENTED_EDGE ( 'NONE', *, *, #2542, .F. ) ;
#3250 = CARTESIAN_POINT ( 'NONE',  ( 0.001897176474179627622, -0.001897176474179628489, 0.001049999998907525083 ) ) ;
#3251 = EDGE_CURVE ( 'NONE', #1126, #1718, #2406, .T. ) ;
#3252 = CARTESIAN_POINT ( 'NONE',  ( 0.0009319805153394645743, -0.002249999999999999830, 0.01345000000000000015 ) ) ;
#3253 = CARTESIAN_POINT ( 'NONE',  ( 0.002683012700000000916, 0.001111340248359256279, 0.001999999998907524973 ) ) ;
#3254 = CARTESIAN_POINT ( 'NONE',  ( -0.002249999999999999830, 2.755455298081544393E-19, 0.01560000000000000102 ) ) ;
#3255 = CARTESIAN_POINT ( 'NONE',  ( -0.001897176474179628489, -0.001897176474179627838, 0.006349999998907525540 ) ) ;
#3256 = VERTEX_POINT ( 'NONE', #446 ) ;
#3257 = CARTESIAN_POINT ( 'NONE',  ( 0.0009319805153394645743, -0.002249999999999999830, 0.001249999997815050539 ) ) ;
#3258 = CARTESIAN_POINT ( 'NONE',  ( -0.001590990257669731714, 0.001590990257669731931, 0.004099999997815050208 ) ) ;
#3259 = CARTESIAN_POINT ( 'NONE',  ( 0.002249999999999999830, 0.000000000000000000, 0.01119999999999999989 ) ) ;
#3260 = CARTESIAN_POINT ( 'NONE',  ( 0.002683012700000000049, 0.000000000000000000, 0.008349999998907524715 ) ) ;
#3261 = CARTESIAN_POINT ( 'NONE',  ( 0.002683012700000000049, 0.000000000000000000, 0.01464999999890752649 ) ) ;
#3262 = CARTESIAN_POINT ( 'NONE',  ( 0.002250000000000000697, 0.0009319805153394639238, 0.005650000000000000508 ) ) ;
#3263 = ORIENTED_EDGE ( 'NONE', *, *, #206, .F. ) ;
#3264 = CARTESIAN_POINT ( 'NONE',  ( -0.001111340248359256062, 0.002683012700000000916, 0.01329999999890752772 ) ) ;
#3265 = CARTESIAN_POINT ( 'NONE',  ( 0.001590990257669731497, -0.001590990257669732148, 0.001500000000000000031 ) ) ;
#3266 = CARTESIAN_POINT ( 'NONE',  ( 0.001897176474179628272, 0.001897176474179628272, 0.0004499999989075251900 ) ) ;
#3267 = CARTESIAN_POINT ( 'NONE',  ( 0.001897176474179627622, -0.001897176474179628489, 0.002549999998907525114 ) ) ;
#3268 = CARTESIAN_POINT ( 'NONE',  ( 0.002683012700000000916, 0.001111340248359256279, 0.004299999998907524934 ) ) ;
#3269 = CARTESIAN_POINT ( 'NONE',  ( 0.002683012700000000916, 0.001111340248359256279, 0.01239999999890752450 ) ) ;
#3270 = CARTESIAN_POINT ( 'NONE',  ( -0.002249999999999999830, 2.755455298081544393E-19, 0.01059999999781504991 ) ) ;
#3271 = CARTESIAN_POINT ( 'NONE',  ( -4.133182947122316589E-19, -0.002249999999999999830, 0.01399999999781505015 ) ) ;
#3272 = CARTESIAN_POINT ( 'NONE',  ( 0.000000000000000000, 0.000000000000000000, 0.01799999999999999864 ) ) ;
#3273 = CARTESIAN_POINT ( 'NONE',  ( -0.002683012700000000916, 0.001111340248359256495, 0.009399999998907525300 ) ) ;
#3274 = CARTESIAN_POINT ( 'NONE',  ( -0.001111340248359256062, 0.002683012700000000916, 0.003799999998907525791 ) ) ;
#3275 = DIRECTION ( 'NONE',  ( -1.000000000000000000, 0.000000000000000000, 0.000000000000000000 ) ) ;
#3276 = CARTESIAN_POINT ( 'NONE',  ( 1.642871457563348924E-19, 0.002683012700000000049, 0.005349999998907525520 ) ) ;
#3277 = CARTESIAN_POINT ( 'NONE',  ( -0.002250000000000000697, 0.0009319805153394642491, 0.01555000000000000132 ) ) ;
#3278 = CARTESIAN_POINT ( 'NONE',  ( -0.001111340248359256062, 0.002683012700000000916, 0.006099999998907525318 ) ) ;
#3279 = ORIENTED_EDGE ( 'NONE', *, *, #1618, .T. ) ;
#3280 = EDGE_LOOP ( 'NONE', ( #3627, #4650 ) ) ;
#3281 = CARTESIAN_POINT ( 'NONE',  ( -0.002250000000000000697, -0.0009319805153394634901, 0.001849999997815050378 ) ) ;
#3282 = CARTESIAN_POINT ( 'NONE',  ( -0.0009319805153394637070, 0.002250000000000000697, 0.003249999997815050147 ) ) ;
#3283 = CARTESIAN_POINT ( 'NONE',  ( -0.001897176474179628489, -0.001897176474179627838, 0.009649999998907525522 ) ) ;
#3284 = CARTESIAN_POINT ( 'NONE',  ( 1.377727649040772196E-19, 0.002249999999999999830, 0.01279999999781505048 ) ) ;
#3285 = CARTESIAN_POINT ( 'NONE',  ( 0.001590990257669731931, 0.001590990257669731931, 0.007300000000000000065 ) ) ;
#3286 = ORIENTED_EDGE ( 'NONE', *, *, #3410, .F. ) ;
#3287 = CARTESIAN_POINT ( 'NONE',  ( 1.642871457563348924E-19, 0.002683012700000000049, 0.01564999999890752738 ) ) ;
#3288 = CARTESIAN_POINT ( 'NONE',  ( 0.002249999999999999830, 0.000000000000000000, 0.004800000000000000447 ) ) ;
#3289 = CARTESIAN_POINT ( 'NONE',  ( 0.002250000000000000697, 0.0009319805153394639238, 0.01204999999999999995 ) ) ;
#3290 = CARTESIAN_POINT ( 'NONE',  ( -0.001111340248359257796, -0.002683012700000000049, 0.003999999998907525882 ) ) ;
#3291 = CARTESIAN_POINT ( 'NONE',  ( 0.0009319805153394640322, 0.002250000000000000697, 0.01434999999781504977 ) ) ;
#3292 = ORIENTED_EDGE ( 'NONE', *, *, #70, .T. ) ;
#3293 = CARTESIAN_POINT ( 'NONE',  ( 0.002683012700000000049, -0.001111340248359258013, 0.01309999999890752546 ) ) ;
#3294 = CARTESIAN_POINT ( 'NONE',  ( 0.0009319805153394645743, -0.002249999999999999830, 0.01484999999781505022 ) ) ;
#3295 = CARTESIAN_POINT ( 'NONE',  ( -0.0009319805153394637070, 0.002250000000000000697, 0.008250000000000000389 ) ) ;
#3296 = CYLINDRICAL_SURFACE ( 'NONE', #2444, 0.002249999999999999830 ) ;
#3297 = CARTESIAN_POINT ( 'NONE',  ( 1.642871457563348924E-19, 0.002683012700000000049, 0.01004999999890752484 ) ) ;
#3298 = ORIENTED_EDGE ( 'NONE', *, *, #1532, .T. ) ;
#3299 = EDGE_LOOP ( 'NONE', ( #3983, #3152, #3756, #1824 ) ) ;
#3300 = VECTOR ( 'NONE', #2686, 1.000000000000000000 ) ;
#3301 = CARTESIAN_POINT ( 'NONE',  ( 0.001897176474179628272, 0.001897176474179628272, 0.002049999998907525538 ) ) ;
#3302 = EDGE_CURVE ( 'NONE', #4475, #1143, #2251, .T. ) ;
#3303 = CARTESIAN_POINT ( 'NONE',  ( 0.002249999999999999830, 0.000000000000000000, 0.003200000000000000153 ) ) ;
#3304 = CARTESIAN_POINT ( 'NONE',  ( 0.001111340248359256495, 0.002683012700000000916, 0.007699999998907526913 ) ) ;
#3305 = CARTESIAN_POINT ( 'NONE',  ( -0.001590990257669732148, -0.001590990257669731714, 0.01490000000000000005 ) ) ;
#3306 = ORIENTED_EDGE ( 'NONE', *, *, #2253, .F. ) ;
#3307 = ORIENTED_EDGE ( 'NONE', *, *, #967, .T. ) ;
#3308 = CARTESIAN_POINT ( 'NONE',  ( -0.0009319805153394651164, -0.002249999999999999830, 0.001949999997815050424 ) ) ;
#3309 = CARTESIAN_POINT ( 'NONE',  ( -0.002683012700000000916, -0.001111340248359255845, 0.008699999998907526066 ) ) ;
#3310 = EDGE_CURVE ( 'NONE', #917, #509, #2546, .T. ) ;
#3311 = CARTESIAN_POINT ( 'NONE',  ( 0.001590990257669731497, -0.001590990257669732148, 0.004499999997815050390 ) ) ;
#3312 = CARTESIAN_POINT ( 'NONE',  ( 0.001897176474179628272, 0.001897176474179628272, 0.008449999998907524110 ) ) ;
#3313 = CARTESIAN_POINT ( 'NONE',  ( -0.002249999999999999830, 2.755455298081544393E-19, 0.009199999999999999845 ) ) ;
#3314 = CARTESIAN_POINT ( 'NONE',  ( -0.002250000000000000697, -0.0009319805153394634901, 0.006850000000000000186 ) ) ;
#3315 = EDGE_LOOP ( 'NONE', ( #4174, #751, #2433, #527 ) ) ;
#3316 = CARTESIAN_POINT ( 'NONE',  ( -0.002683012700000000916, 0.001111340248359256495, 0.01499999999890752611 ) ) ;
#3317 = CARTESIAN_POINT ( 'NONE',  ( 0.0009319805153394645743, -0.002249999999999999830, 0.009249999997815049405 ) ) ;
#3318 = CARTESIAN_POINT ( 'NONE',  ( 0.002249999999999999830, 0.000000000000000000, 0.008800000000000000530 ) ) ;
#3319 = CARTESIAN_POINT ( 'NONE',  ( 0.001897176474179628272, 0.001897176474179628272, 0.006749999998907525722 ) ) ;
#3320 = VERTEX_POINT ( 'NONE', #3318 ) ;
#3321 = VERTEX_POINT ( 'NONE', #4114 ) ;
#3322 = CARTESIAN_POINT ( 'NONE',  ( 0.001897176474179627622, -0.001897176474179628489, 0.01384999999890752440 ) ) ;
#3323 = CARTESIAN_POINT ( 'NONE',  ( -0.002249999999999999830, 2.755455298081544393E-19, 0.01459999999781504999 ) ) ;
#3324 = CARTESIAN_POINT ( 'NONE',  ( 0.000000000000000000, 0.000000000000000000, 0.01799999999999999864 ) ) ;
#3325 = CARTESIAN_POINT ( 'NONE',  ( 1.642871457563348924E-19, 0.002683012700000000049, 0.009249999998907526208 ) ) ;
#3326 = CARTESIAN_POINT ( 'NONE',  ( -4.928614372690046772E-19, -0.002683012700000000049, 0.005749999998907525701 ) ) ;
#3327 = EDGE_CURVE ( 'NONE', #4056, #825, #1203, .T. ) ;
#3328 = CARTESIAN_POINT ( 'NONE',  ( 0.000000000000000000, 0.000000000000000000, 0.01799999999999999864 ) ) ;
#3329 = CARTESIAN_POINT ( 'NONE',  ( -0.001111340248359257796, -0.002683012700000000049, 0.004899999998907527375 ) ) ;
#3330 = CARTESIAN_POINT ( 'NONE',  ( 0.001111340248359257146, -0.002683012700000000049, 0.0008999999989075253403 ) ) ;
#3331 = CARTESIAN_POINT ( 'NONE',  ( -0.002683012700000000916, 0.001111340248359256495, 0.006999999998907525944 ) ) ;
#3332 = CARTESIAN_POINT ( 'NONE',  ( -0.001897176474179627838, 0.001897176474179628272, 0.01254999999890752532 ) ) ;
#3333 = CARTESIAN_POINT ( 'NONE',  ( -0.001897176474179627838, 0.001897176474179628272, 0.01014999999890752597 ) ) ;
#3334 = CARTESIAN_POINT ( 'NONE',  ( -0.0009319805153394651164, -0.002249999999999999830, 0.005149999997815050794 ) ) ;
#3335 = CARTESIAN_POINT ( 'NONE',  ( 0.001111340248359257146, -0.002683012700000000049, 0.007399999998907526126 ) ) ;
#3336 = FACE_OUTER_BOUND ( 'NONE', #3299, .T. ) ;
#3337 = CARTESIAN_POINT ( 'NONE',  ( 1.377727649040772196E-19, 0.002249999999999999830, 0.006599999999999999964 ) ) ;
#3338 = ORIENTED_EDGE ( 'NONE', *, *, #1328, .T. ) ;
#3339 = ORIENTED_EDGE ( 'NONE', *, *, #3167, .F. ) ;
#3340 = CARTESIAN_POINT ( 'NONE',  ( -0.001111340248359256062, 0.002683012700000000916, 0.01409999999890752635 ) ) ;
#3341 = CARTESIAN_POINT ( 'NONE',  ( -4.133182947122316589E-19, -0.002249999999999999830, 0.006200000000000000649 ) ) ;
#3342 = CARTESIAN_POINT ( 'NONE',  ( 0.001590990257669731497, -0.001590990257669732148, 0.007900000000000000772 ) ) ;
#3343 = CARTESIAN_POINT ( 'NONE',  ( -0.001111340248359257796, -0.002683012700000000049, 0.007999999998907525098 ) ) ;
#3344 = CARTESIAN_POINT ( 'NONE',  ( -0.001897176474179628489, -0.001897176474179627838, 0.003949999998907525317 ) ) ;
#3345 = ORIENTED_EDGE ( 'NONE', *, *, #409, .T. ) ;
#3346 = ORIENTED_EDGE ( 'NONE', *, *, #2037, .F. ) ;
#3347 = CARTESIAN_POINT ( 'NONE',  ( 0.002683012700000000916, 0.001111340248359256279, 0.01479999999890752732 ) ) ;
#3348 = CARTESIAN_POINT ( 'NONE',  ( -0.002249999999999999830, 2.755455298081544393E-19, 0.01299999999781505100 ) ) ;
#3349 = CARTESIAN_POINT ( 'NONE',  ( -0.002249999999999999830, 2.755455298081544393E-19, 0.004199999997815050470 ) ) ;
#3350 = CARTESIAN_POINT ( 'NONE',  ( 0.001897176474179627622, -0.001897176474179628489, 0.01214999999890752601 ) ) ;
#3351 = ORIENTED_EDGE ( 'NONE', *, *, #4623, .T. ) ;
#3352 = CARTESIAN_POINT ( 'NONE',  ( -0.001111340248359257796, -0.002683012700000000049, 0.005699999998907526004 ) ) ;
#3353 = CARTESIAN_POINT ( 'NONE',  ( 0.002250000000000000697, 0.0009319805153394639238, 0.001649999999999999991 ) ) ;
#3354 =( BOUNDED_CURVE ( )  B_SPLINE_CURVE ( 2, ( #786, #2678, #4146, #1184, #854, #2314, #3787, #3428, #3060 ),
 .UNSPECIFIED., .F., .T. ) 
 B_SPLINE_CURVE_WITH_KNOTS ( ( 3, 2, 2, 2, 3 ),
 ( 0.6500000000000001332, 0.6562500000000001110, 0.6625000000000000888, 0.6687499999999999556, 0.6750000000000000444 ),
 .UNSPECIFIED. ) 
 CURVE ( )  GEOMETRIC_REPRESENTATION_ITEM ( )  RATIONAL_B_SPLINE_CURVE ( ( 0.9999999999999986677, 0.9238795325112880708, 1.000000000000000000, 0.9238795325112867385, 1.000000000000000000, 0.9238795325112867385, 1.000000000000000000, 0.9238795325112867385, 1.000000000000000000 ) ) 
 REPRESENTATION_ITEM ( '' )  );
#3355 = DIRECTION ( 'NONE',  ( -0.000000000000000000, -0.000000000000000000, -1.000000000000000000 ) ) ;
#3356 = CARTESIAN_POINT ( 'NONE',  ( -0.001897176474179627838, 0.001897176474179628272, 0.007049999998907525642 ) ) ;
#3357 = CARTESIAN_POINT ( 'NONE',  ( -0.001590990257669731714, 0.001590990257669731931, 0.01549999999999999989 ) ) ;
#3358 = CARTESIAN_POINT ( 'NONE',  ( -0.001897176474179628489, -0.001897176474179627838, 0.004749999998907525681 ) ) ;
#3359 = EDGE_LOOP ( 'NONE', ( #3351, #3777, #2709, #2662 ) ) ;
#3360 = CARTESIAN_POINT ( 'NONE',  ( -0.002683012700000000916, -0.001111340248359255845, 0.01349999999890752651 ) ) ;
#3361 = CARTESIAN_POINT ( 'NONE',  ( -4.928614372690046772E-19, -0.002683012700000000049, 0.008049999998907526530 ) ) ;
#3362 = CARTESIAN_POINT ( 'NONE',  ( 0.001590990257669731497, -0.001590990257669732148, 0.007699999997815050977 ) ) ;
#3363 = CARTESIAN_POINT ( 'NONE',  ( -0.001897176474179627838, 0.001897176474179628272, 0.007049999998907525642 ) ) ;
#3364 = CYLINDRICAL_SURFACE ( 'NONE', #3145, 0.002249999999999999830 ) ;
#3365 = CARTESIAN_POINT ( 'NONE',  ( 0.001590990257669731497, -0.001590990257669732148, 0.006300000000000000044 ) ) ;
#3366 = CARTESIAN_POINT ( 'NONE',  ( 0.001897176474179627622, -0.001897176474179628489, 0.01454999999890752536 ) ) ;
#3367 = CARTESIAN_POINT ( 'NONE',  ( -0.001590990257669732148, -0.001590990257669731714, 0.01069999999781505104 ) ) ;
#3368 = CARTESIAN_POINT ( 'NONE',  ( 1.377727649040772196E-19, 0.002249999999999999830, 0.006599999999999999964 ) ) ;
#3369 = CARTESIAN_POINT ( 'NONE',  ( -0.002683012700000000916, -0.001111340248359255845, 0.008699999998907526066 ) ) ;
#3370 = VERTEX_POINT ( 'NONE', #4487 ) ;
#3371 = CARTESIAN_POINT ( 'NONE',  ( -4.928614372690046772E-19, -0.002683012700000000049, 0.01534999999890752573 ) ) ;
#3372 = CARTESIAN_POINT ( 'NONE',  ( 0.0009319805153394640322, 0.002250000000000000697, 0.01354999999781505114 ) ) ;
#3373 = CARTESIAN_POINT ( 'NONE',  ( 0.002249999999999999830, 0.000000000000000000, 0.006199999997815050512 ) ) ;
#3374 = CIRCLE ( 'NONE', #2913, 0.002249999999999999830 ) ;
#3375 = CARTESIAN_POINT ( 'NONE',  ( 0.001111340248359257146, -0.002683012700000000049, 0.01209999999890752631 ) ) ;
#3376 = ORIENTED_EDGE ( 'NONE', *, *, #1112, .F. ) ;
#3377 = PRODUCT_DEFINITION_FORMATION_WITH_SPECIFIED_SOURCE ( 'ANY', '', #1920, .NOT_KNOWN. ) ;
#3378 = CARTESIAN_POINT ( 'NONE',  ( -0.002683012700000000916, -0.001111340248359255845, 0.003999999998907525015 ) ) ;
#3379 = CIRCLE ( 'NONE', #1298, 0.004000000000000000083 ) ;
#3380 = CARTESIAN_POINT ( 'NONE',  ( 0.001590990257669731931, 0.001590990257669731931, 0.01509999999781505044 ) ) ;
#3381 = CARTESIAN_POINT ( 'NONE',  ( 1.642871457563348924E-19, 0.002683012700000000049, 0.006149999998907525883 ) ) ;
#3382 = CARTESIAN_POINT ( 'NONE',  ( 0.002683012700000000049, 0.000000000000000000, 0.001849999998907525230 ) ) ;
#3383 = CIRCLE ( 'NONE', #773, 0.005000000000000000104 ) ;
#3384 = CARTESIAN_POINT ( 'NONE',  ( -4.928614372690046772E-19, -0.002683012700000000049, 0.004849999998907525076 ) ) ;
#3385 = EDGE_LOOP ( 'NONE', ( #2510, #1700, #810, #3470 ) ) ;
#3386 = CARTESIAN_POINT ( 'NONE',  ( -0.001897176474179628489, -0.001897176474179627838, 0.01034999999890752649 ) ) ;
#3387 = CARTESIAN_POINT ( 'NONE',  ( 0.001897176474179628272, 0.001897176474179628272, 0.008349999998907524715 ) ) ;
#3388 = CARTESIAN_POINT ( 'NONE',  ( 0.0009319805153394640322, 0.002250000000000000697, 0.007949999997815050332 ) ) ;
#3389 = CARTESIAN_POINT ( 'NONE',  ( 0.002683012700000000049, 0.000000000000000000, 0.01234999999890752480 ) ) ;
#3390 = CARTESIAN_POINT ( 'NONE',  ( 0.002249999999999999830, 2.755455298081544393E-19, 0.01799999999999999864 ) ) ;
#3391 = CARTESIAN_POINT ( 'NONE',  ( 0.001590990257669731931, 0.001590990257669731931, 0.01050000000000000065 ) ) ;
#3392 = EDGE_CURVE ( 'NONE', #1695, #3456, #1821, .T. ) ;
#3393 = CARTESIAN_POINT ( 'NONE',  ( 0.001590990257669731931, 0.001590990257669731931, 0.001499999997815050327 ) ) ;
#3394 = CARTESIAN_POINT ( 'NONE',  ( 0.002249999999999999830, 0.000000000000000000, 0.01099999999781505096 ) ) ;
#3395 = CARTESIAN_POINT ( 'NONE',  ( -0.001111340248359257796, -0.002683012700000000049, 0.003299999998907525347 ) ) ;
#3396 = CARTESIAN_POINT ( 'NONE',  ( -0.002683012700000000916, 0.001111340248359256495, 0.006199999998907525581 ) ) ;
#3397 = DIRECTION ( 'NONE',  ( -1.000000000000000000, 0.000000000000000000, 0.000000000000000000 ) ) ;
#3398 = ORIENTED_EDGE ( 'NONE', *, *, #6, .F. ) ;
#3399 = CARTESIAN_POINT ( 'NONE',  ( 0.002683012700000000049, -0.001111340248359258013, 0.01549999999890752482 ) ) ;
#3400 = CARTESIAN_POINT ( 'NONE',  ( 0.001590990257669731497, -0.001590990257669732148, 0.01329999999781505092 ) ) ;
#3401 = CARTESIAN_POINT ( 'NONE',  ( 0.001590990257669731931, 0.001590990257669731931, 0.003299999999999999982 ) ) ;
#3402 = CARTESIAN_POINT ( 'NONE',  ( -0.001897176474179627838, 0.001897176474179628272, 0.0005499999989075252897 ) ) ;
#3403 = CARTESIAN_POINT ( 'NONE',  ( -4.928614372690046772E-19, -0.002683012700000000049, 0.01124999999890752625 ) ) ;
#3404 = EDGE_CURVE ( 'NONE', #153, #4422, #4506, .T. ) ;
#3405 = CARTESIAN_POINT ( 'NONE',  ( 0.001897176474179628272, 0.001897176474179628272, 0.004449999998907525761 ) ) ;
#3406 = CARTESIAN_POINT ( 'NONE',  ( -4.133182947122316589E-19, -0.002249999999999999830, 0.01500000000000000118 ) ) ;
#3407 = CARTESIAN_POINT ( 'NONE',  ( 1.642871457563348924E-19, 0.002683012700000000049, 0.009349999998907525603 ) ) ;
#3408 = CARTESIAN_POINT ( 'NONE',  ( 0.002683012700000000916, 0.001111340248359256279, 0.002699999998907525074 ) ) ;
#3409 = ORIENTED_EDGE ( 'NONE', *, *, #4323, .T. ) ;
#3410 = EDGE_CURVE ( 'NONE', #4056, #2255, #1305, .T. ) ;
#3411 = CARTESIAN_POINT ( 'NONE',  ( -0.001111340248359256062, 0.002683012700000000916, 0.01249999999890752563 ) ) ;
#3412 = CARTESIAN_POINT ( 'NONE',  ( -0.002250000000000000697, 0.0009319805153394642491, 0.006549999997815050996 ) ) ;
#3413 = CARTESIAN_POINT ( 'NONE',  ( 0.002683012700000000916, 0.001111340248359256279, 0.01319999999890752659 ) ) ;
#3414 = CARTESIAN_POINT ( 'NONE',  ( 0.000000000000000000, 0.000000000000000000, 0.01799999999999999864 ) ) ;
#3415 = CARTESIAN_POINT ( 'NONE',  ( 0.0009319805153394640322, 0.002250000000000000697, 0.009750000000000001721 ) ) ;
#3416 = FACE_OUTER_BOUND ( 'NONE', #721, .T. ) ;
#3417 = CARTESIAN_POINT ( 'NONE',  ( -4.133182947122316589E-19, -0.002249999999999999830, 0.003799999999999999992 ) ) ;
#3418 = CARTESIAN_POINT ( 'NONE',  ( 0.002683012700000000916, 0.001111340248359256279, 0.003599999998907525700 ) ) ;
#3419 = CARTESIAN_POINT ( 'NONE',  ( 1.642871457563348924E-19, 0.002683012700000000049, 0.006049999998907525621 ) ) ;
#3420 = CARTESIAN_POINT ( 'NONE',  ( 0.0009319805153394640322, 0.002250000000000000697, 0.0009499999999999999981 ) ) ;
#3421 = EDGE_CURVE ( 'NONE', #1658, #1876, #3374, .T. ) ;
#3422 = CARTESIAN_POINT ( 'NONE',  ( -0.001111340248359257796, -0.002683012700000000049, 0.01369999999890752704 ) ) ;
#3423 = CARTESIAN_POINT ( 'NONE',  ( -0.0009319805153394651164, -0.002249999999999999830, 0.01634999999781504981 ) ) ;
#3424 = CARTESIAN_POINT ( 'NONE',  ( -4.133182947122316589E-19, -0.002249999999999999830, 0.01639999999781505124 ) ) ;
#3425 = CARTESIAN_POINT ( 'NONE',  ( -0.001590990257669731714, 0.001590990257669731931, 0.003500000000000000073 ) ) ;
#3426 = CARTESIAN_POINT ( 'NONE',  ( -0.002683012700000000916, -0.001111340248359255845, 0.0006999999989075252494 ) ) ;
#3427 = CARTESIAN_POINT ( 'NONE',  ( -0.001897176474179628489, -0.001897176474179627838, 0.006449999998907525803 ) ) ;
#3428 = CARTESIAN_POINT ( 'NONE',  ( -0.002250000000000000697, 0.0009319805153394642491, 0.01134999999781505058 ) ) ;
#3429 = CARTESIAN_POINT ( 'NONE',  ( -0.002249999999999999830, 2.755455298081544393E-19, 0.01459999999781504999 ) ) ;
#3430 = CARTESIAN_POINT ( 'NONE',  ( -0.001897176474179627838, 0.001897176474179628272, 0.01024999999890752536 ) ) ;
#3431 = CARTESIAN_POINT ( 'NONE',  ( -0.001897176474179627838, 0.001897176474179628272, 0.004549999998907525156 ) ) ;
#3432 = VERTEX_POINT ( 'NONE', #4400 ) ;
#3433 = ORIENTED_EDGE ( 'NONE', *, *, #2959, .T. ) ;
#3434 = ORIENTED_EDGE ( 'NONE', *, *, #3675, .T. ) ;
#3435 = CARTESIAN_POINT ( 'NONE',  ( 0.001897176474179628272, 0.001897176474179628272, 0.01314999999890752516 ) ) ;
#3436 = CARTESIAN_POINT ( 'NONE',  ( -0.0009319805153394637070, 0.002250000000000000697, 0.007249999997815051098 ) ) ;
#3437 = CARTESIAN_POINT ( 'NONE',  ( -0.001897176474179627838, 0.001897176474179628272, 0.01104999999890752573 ) ) ;
#3438 = FACE_OUTER_BOUND ( 'NONE', #2230, .T. ) ;
#3439 = CARTESIAN_POINT ( 'NONE',  ( -0.0009319805153394637070, 0.002250000000000000697, 0.009850000000000001116 ) ) ;
#3440 = VERTEX_POINT ( 'NONE', #4370 ) ;
#3441 = CARTESIAN_POINT ( 'NONE',  ( 0.002250000000000011973, -0.0009319805153394526481, 0.01574999999781504997 ) ) ;
#3442 = CARTESIAN_POINT ( 'NONE',  ( 0.001590990257669731497, -0.001590990257669732148, 0.01030000000000000013 ) ) ;
#3443 = CARTESIAN_POINT ( 'NONE',  ( 0.001111340248359256495, 0.002683012700000000916, 0.002899999998907526032 ) ) ;
#3444 = CARTESIAN_POINT ( 'NONE',  ( -0.002683012700000000916, -0.001111340248359255845, 0.01189999999890752579 ) ) ;
#3445 = CARTESIAN_POINT ( 'NONE',  ( -0.002250000000000000697, 0.0009319805153394642491, 0.002549999997815050913 ) ) ;
#3446 =( BOUNDED_CURVE ( )  B_SPLINE_CURVE ( 2, ( #379, #1823, #2205, #3291, #3613, #2857, #23, #1460, #2939 ),
 .UNSPECIFIED., .F., .T. ) 
 B_SPLINE_CURVE_WITH_KNOTS ( ( 3, 2, 2, 2, 3 ),
 ( 0.8500000000000000888, 0.8562500000000000666, 0.8625000000000000444, 0.8687500000000000222, 0.8750000000000000000 ),
 .UNSPECIFIED. ) 
 CURVE ( )  GEOMETRIC_REPRESENTATION_ITEM ( )  RATIONAL_B_SPLINE_CURVE ( ( 0.9999999999999986677, 0.9238795325112880708, 1.000000000000000000, 0.9238795325112867385, 1.000000000000000000, 0.9238795325112867385, 1.000000000000000000, 0.9238795325112867385, 1.000000000000000000 ) ) 
 REPRESENTATION_ITEM ( '' )  );
#3447 = CARTESIAN_POINT ( 'NONE',  ( 0.000000000000000000, 0.000000000000000000, 0.01799999999999999864 ) ) ;
#3448 = CARTESIAN_POINT ( 'NONE',  ( 0.005000000000000000104, 0.000000000000000000, 0.03400000000000000244 ) ) ;
#3449 = CARTESIAN_POINT ( 'NONE',  ( 0.002683012700000000049, 0.000000000000000000, 0.0002499999989075252075 ) ) ;
#3450 = CARTESIAN_POINT ( 'NONE',  ( -0.001897176474179627838, 0.001897176474179628272, 0.007849999998907526005 ) ) ;
#3451 = LINE ( 'NONE', #1424, #1300 ) ;
#3452 = AXIS2_PLACEMENT_3D ( 'NONE', #3104, #4216, #2380 ) ;
#3453 = CARTESIAN_POINT ( 'NONE',  ( -0.002249999999999988121, -0.0009319805153394762837, 0.01565000000000000419 ) ) ;
#3454 = CARTESIAN_POINT ( 'NONE',  ( 0.002683012700000000049, -0.001111340248359258013, 0.009099999998907527116 ) ) ;
#3455 = CARTESIAN_POINT ( 'NONE',  ( -0.002683012700000000916, -0.001111340248359255845, 0.003099999998907525256 ) ) ;
#3456 = VERTEX_POINT ( 'NONE', #1783 ) ;
#3457 = VECTOR ( 'NONE', #2653, 1.000000000000000000 ) ;
#3458 = ADVANCED_FACE ( 'NONE', ( #4424 ), #364, .F. ) ;
#3459 = CARTESIAN_POINT ( 'NONE',  ( -4.928614372690046772E-19, -0.002683012700000000049, 0.01444999999890752597 ) ) ;
#3460 = CARTESIAN_POINT ( 'NONE',  ( 0.001590990257669731931, 0.001590990257669731931, 0.008699999997815049263 ) ) ;
#3461 = CARTESIAN_POINT ( 'NONE',  ( -0.001897176474179628489, -0.001897176474179627838, 0.01204999999890752488 ) ) ;
#3462 = CARTESIAN_POINT ( 'NONE',  ( -0.002250000000000012840, 0.0009319805153394514555, 0.01555000000000000132 ) ) ;
#3463 = VECTOR ( 'NONE', #794, 1.000000000000000000 ) ;
#3464 = CARTESIAN_POINT ( 'NONE',  ( -0.001590990257669731714, 0.001590990257669731931, 0.01070000000000000118 ) ) ;
#3465 = CYLINDRICAL_SURFACE ( 'NONE', #923, 0.002249999999999999830 ) ;
#3466 = CARTESIAN_POINT ( 'NONE',  ( -0.002249999999999999830, 2.755455298081544393E-19, 0.01539999999781505036 ) ) ;
#3467 = CARTESIAN_POINT ( 'NONE',  ( 0.002683012700000000049, 0.000000000000000000, 0.001149999998907525346 ) ) ;
#3468 = CARTESIAN_POINT ( 'NONE',  ( 0.002683012700000000916, 0.001111340248359256279, 0.01069999999890752611 ) ) ;
#3469 = CARTESIAN_POINT ( 'NONE',  ( 1.377727649040772196E-19, 0.002249999999999999830, 0.01199999999781505011 ) ) ;
#3470 = ORIENTED_EDGE ( 'NONE', *, *, #1736, .F. ) ;
#3471 = EDGE_CURVE ( 'NONE', #2906, #852, #3979, .T. ) ;
#3472 = CARTESIAN_POINT ( 'NONE',  ( -0.001590990257669731714, 0.001590990257669731931, 0.01470000000000000126 ) ) ;
#3473 = CARTESIAN_POINT ( 'NONE',  ( 0.001590990257669731931, 0.001590990257669731931, 0.0009000000000000000838 ) ) ;
#3474 = CARTESIAN_POINT ( 'NONE',  ( 0.001897176474179628272, 0.001897176474179628272, 0.001949999998907525275 ) ) ;
#3475 = ORIENTED_EDGE ( 'NONE', *, *, #4476, .T. ) ;
#3476 = CARTESIAN_POINT ( 'NONE',  ( 0.001897176474179628272, 0.001897176474179628272, 0.01004999999890752484 ) ) ;
#3477 = CARTESIAN_POINT ( 'NONE',  ( 0.000000000000000000, 0.000000000000000000, 0.000000000000000000 ) ) ;
#3478 = CARTESIAN_POINT ( 'NONE',  ( 0.002249999999999999830, 0.000000000000000000, 0.004800000000000000447 ) ) ;
#3479 = CARTESIAN_POINT ( 'NONE',  ( -0.002683012700000000049, 3.285742915126697848E-19, 0.009549999998907524393 ) ) ;
#3480 = CARTESIAN_POINT ( 'NONE',  ( -0.002683012700000000049, 3.285742915126697848E-19, 0.002249999998907525195 ) ) ;
#3481 = ORIENTED_EDGE ( 'NONE', *, *, #1973, .F. ) ;
#3482 = ORIENTED_EDGE ( 'NONE', *, *, #1468, .F. ) ;
#3483 = ORIENTED_EDGE ( 'NONE', *, *, #3100, .T. ) ;
#3484 = CARTESIAN_POINT ( 'NONE',  ( 0.002683012700000000049, 0.000000000000000000, 0.01624999999890752722 ) ) ;
#3485 = CARTESIAN_POINT ( 'NONE',  ( 0.001897176474179627622, -0.001897176474179628489, 0.01064999999890752468 ) ) ;
#3486 = FACE_OUTER_BOUND ( 'NONE', #154, .T. ) ;
#3487 = CARTESIAN_POINT ( 'NONE',  ( -0.002250000000000000697, -0.0009319805153394634901, 0.008450000000000000913 ) ) ;
#3488 = FILL_AREA_STYLE_COLOUR ( '', #2052 ) ;
#3489 = CARTESIAN_POINT ( 'NONE',  ( -0.002249999999999999830, 0.000000000000000000, 0.01799999999999999864 ) ) ;
#3490 = CARTESIAN_POINT ( 'NONE',  ( 0.001897176474179627622, -0.001897176474179628489, 0.001849999998907525230 ) ) ;
#3491 = CARTESIAN_POINT ( 'NONE',  ( 1.642871457563348924E-19, 0.002683012700000000049, 0.01084999999890752520 ) ) ;
#3492 = LINE ( 'NONE', #4606, #1072 ) ;
#3493 = ORIENTED_EDGE ( 'NONE', *, *, #851, .F. ) ;
#3494 = FACE_OUTER_BOUND ( 'NONE', #3359, .T. ) ;
#3495 = DIRECTION ( 'NONE',  ( -1.000000000000000000, 0.000000000000000000, 0.000000000000000000 ) ) ;
#3496 = CARTESIAN_POINT ( 'NONE',  ( -0.001897176474179627838, 0.001897176474179628272, 0.0005499999989075252897 ) ) ;
#3497 = CARTESIAN_POINT ( 'NONE',  ( 1.642871457563348924E-19, 0.002683012700000000049, 0.007749999998907525743 ) ) ;
#3498 = FACE_OUTER_BOUND ( 'NONE', #3118, .T. ) ;
#3499 = CARTESIAN_POINT ( 'NONE',  ( -4.133182947122316589E-19, -0.002249999999999999830, 0.004599999999999999922 ) ) ;
#3500 = CARTESIAN_POINT ( 'NONE',  ( -0.002683012700000000916, -0.001111340248359255845, 0.005499999998907525479 ) ) ;
#3501 = VERTEX_POINT ( 'NONE', #2614 ) ;
#3502 = CARTESIAN_POINT ( 'NONE',  ( -0.001111340248359257796, -0.002683012700000000049, 0.01359999999890752591 ) ) ;
#3503 = CARTESIAN_POINT ( 'NONE',  ( -0.001111340248359256062, 0.002683012700000000916, 0.01419999999890752575 ) ) ;
#3504 = CARTESIAN_POINT ( 'NONE',  ( 0.002683012700000000916, 0.001111340248359256279, 0.001199999998907525260 ) ) ;
#3505 = CARTESIAN_POINT ( 'NONE',  ( -0.002250000000000000697, -0.0009319805153394634901, 0.01404999999999999999 ) ) ;
#3506 = CARTESIAN_POINT ( 'NONE',  ( 0.001590990257669731497, -0.001590990257669732148, 0.006099999997815051117 ) ) ;
#3507 = CARTESIAN_POINT ( 'NONE',  ( -0.001897176474179628489, -0.001897176474179627838, 0.01364999999890752561 ) ) ;
#3508 = CARTESIAN_POINT ( 'NONE',  ( -0.0009319805153394637070, 0.002250000000000000697, 0.007249999997815051098 ) ) ;
#3509 = CARTESIAN_POINT ( 'NONE',  ( 0.001897176474179627622, -0.001897176474179628489, 0.006649999998907525460 ) ) ;
#3510 = CARTESIAN_POINT ( 'NONE',  ( -0.001897176474179627838, 0.001897176474179628272, 0.01014999999890752597 ) ) ;
#3511 =( BOUNDED_CURVE ( )  B_SPLINE_CURVE ( 2, ( #191, #1609, #944, #2804, #255, #4632, #1338, #3171, #1698 ),
 .UNSPECIFIED., .F., .T. ) 
 B_SPLINE_CURVE_WITH_KNOTS ( ( 3, 2, 2, 2, 3 ),
 ( 0.9500000000000000666, 0.9562500000000001554, 0.9625000000000001332, 0.9687500000000002220, 0.9750000000000001998 ),
 .UNSPECIFIED. ) 
 CURVE ( )  GEOMETRIC_REPRESENTATION_ITEM ( )  RATIONAL_B_SPLINE_CURVE ( ( 0.9999999999999986677, 0.9238795325112880708, 1.000000000000000000, 0.9238795325112867385, 1.000000000000000000, 0.9238795325112867385, 1.000000000000000000, 0.9238795325112840739, 1.000000000000002665 ) ) 
 REPRESENTATION_ITEM ( '' )  );
#3512 = CARTESIAN_POINT ( 'NONE',  ( 0.001590990257669731931, 0.001590990257669731931, 0.01189999999781505072 ) ) ;
#3513 = ORIENTED_EDGE ( 'NONE', *, *, #2530, .F. ) ;
#3514 = CARTESIAN_POINT ( 'NONE',  ( -0.001590990257669731714, 0.001590990257669731931, 0.009100000000000000450 ) ) ;
#3515 = CARTESIAN_POINT ( 'NONE',  ( -0.002249999999999999830, 2.755455298081544393E-19, 0.01619999999781505245 ) ) ;
#3516 = CARTESIAN_POINT ( 'NONE',  ( -0.001111340248359257796, -0.002683012700000000049, 0.001599999998907525658 ) ) ;
#3517 = EDGE_CURVE ( 'NONE', #1086, #3738, #2016, .T. ) ;
#3518 = CARTESIAN_POINT ( 'NONE',  ( -0.002683012700000000049, 3.285742915126697848E-19, 0.01034999999890752476 ) ) ;
#3519 = DIRECTION ( 'NONE',  ( 1.000000000000000000, 0.000000000000000000, 0.000000000000000000 ) ) ;
#3520 = CARTESIAN_POINT ( 'NONE',  ( -0.002249999999999999830, 2.755455298081544393E-19, 0.002799999999999999972 ) ) ;
#3521 = CARTESIAN_POINT ( 'NONE',  ( -0.001897176474179627838, 0.001897176474179628272, 0.007749999998907525743 ) ) ;
#3522 = ORIENTED_EDGE ( 'NONE', *, *, #986, .F. ) ;
#3523 = VERTEX_POINT ( 'NONE', #4052 ) ;
#3524 = AXIS2_PLACEMENT_3D ( 'NONE', #2625, #4086, #2222 ) ;
#3525 = CARTESIAN_POINT ( 'NONE',  ( 0.002683012700000000049, -0.001111340248359258013, 0.01619999999890752926 ) ) ;
#3526 = EDGE_CURVE ( 'NONE', #1220, #859, #1229, .T. ) ;
#3527 = CARTESIAN_POINT ( 'NONE',  ( -0.001111340248359257796, -0.002683012700000000049, 0.01529999999890752777 ) ) ;
#3528 = CARTESIAN_POINT ( 'NONE',  ( -0.002683012700000000916, 0.001111340248359256495, 0.003099999998907525256 ) ) ;
#3529 = CARTESIAN_POINT ( 'NONE',  ( -0.001590990257669732148, -0.001590990257669731714, 0.01330000000000000106 ) ) ;
#3530 = AXIS2_PLACEMENT_3D ( 'NONE', #603, #4701, #1382 ) ;
#3531 = FACE_OUTER_BOUND ( 'NONE', #2960, .T. ) ;
#3532 = CARTESIAN_POINT ( 'NONE',  ( 0.001897176474179628272, 0.001897176474179628272, 0.01564999999890752738 ) ) ;
#3533 = CARTESIAN_POINT ( 'NONE',  ( -0.001590990257669731714, 0.001590990257669731931, 0.005899999999999999863 ) ) ;
#3534 = DIRECTION ( 'NONE',  ( 0.8660254037844414832, -0.000000000000000000, -0.4999999999999948930 ) ) ;
#3535 = CARTESIAN_POINT ( 'NONE',  ( 0.001897176474179628272, 0.001897176474179628272, 0.004449999998907525761 ) ) ;
#3536 = CARTESIAN_POINT ( 'NONE',  ( 0.001111340248359256495, 0.002683012700000000916, 0.01079999999890752550 ) ) ;
#3537 = CARTESIAN_POINT ( 'NONE',  ( -0.0009319805153394637070, 0.002250000000000000697, 0.003450000000000000375 ) ) ;
#3538 = AXIS2_PLACEMENT_3D ( 'NONE', #3048, #491, #1218 ) ;
#3539 =( BOUNDED_SURFACE ( )  B_SPLINE_SURFACE ( 1, 2, ( 
 ( #561, #1271, #4239, #2734, #941, #2672, #4163, #1604, #4212, #4137, #2714, #519, #845, #870, #2376, #2308, #497, #1944, #166, #3420, #2692, #1579, #4187, #141, #3054, #1225, #3582, #3940, #1334, #960, #3236, #2096, #3633, #3964, #2800, #671, #4282, #3607, #601, #1006, #3894, #4698, #4629, #2470, #4672, #4306, #348, #3144, #1054, #649, #625, #3191, #2494, #4332, #2051, #300, #2445, #4722, #2516, #1717, #1742, #3213, #1353, #2423, #1378, #2850, #2825, #1027, #4263, #3537, #2124, #3990, #325, #1770, #982, #251, #1400, #4358, #1313, #1694, #2876, #2073, #277, #698, #3915, #2149, #2781, #3562, #3166, #4649, #17, #1452, #4013, #1100, #2541, #1868, #3750, #4483, #795, #2275, #4110, #1172, #1150, #3730, #2647, #420, #1078, #2248, #1793, #4036, #720, #815, #2626, #3262, #743, #3682, #1427, #4087, #772, #443, #3707, #1894, #87, #2931, #394, #4432, #3365, #1845, #2567, #2904, #4409, #2173, #3337, #3655, #62, #374, #2199, #3314, #1502, #41, #1524, #3006, #2983, #4748, #4382, #1817, #3285, #1479, #2958, #1123, #2594, #4062, #4457, #2223, #4206, #934, #2687, #2668, #3117, #4579, #466, #4156, #2326, #112, #1264, #4179, #2368, #2346, #3849, #3487, #135, #3798, #3071, #909, #514, #1219, #1551, #1573, #4132, #3821, #4505, #532, #1196, #864, #3049, #182, #1960, #2003, #555, #4554, #2728, #2751, #199, #4528, #1645, #3415, #2301, #3439, #1625, #4600, #1284, #886, #1242, #161, #3029, #4232, #1979, #2393, #1919, #1598, #3391, #2708, #838, #3776, #3464, #492, #3094, #1939, #3184, #619, #270, #1045, #4350, #1762, #4665, #1326, #3908, #3206, #294, #1307, #1708, #3159, #665, #3229, #2437, #1348, #2817, #2066, #1662, #4297, #3934, #3556, #1000, #220, #3136, #643, #4715, #1734, #4691, #244, #4622, #2464, #317, #3868, #2776, #3957, #2793, #975, #2488, #4642, #2090, #3576, #4276, #1371, #593, #2042, #3529, #4255, #2842, #952, #4326, #1021, #2417, #1687, #3887, #2118, #3598, #1393, #2868, #575, #2020, #3505, #2925, #4080, #1141, #388, #1860, #80, #2976, #1808, #2242, #713, #4372, #735, #3700, #1886, #438, #2950, #3305, #2167, #340, #2617, #2508, #2534, #1516, #9, #1785, #2999, #3725, #1094, #3357, #3277, #3254, #688, #1443, #1837, #4402, #4054, #788, #2562, #1495 ),
 ( #3674, #34, #4030, #4739, #1471, #2586, #2190, #4426, #3625, #1419, #762, #4474, #412, #3330, #3648, #2896, #1116, #3981, #2141, #1071, #4006, #2216, #55, #366, #4449, #3790, #151, #486, #4172, #2661, #4126, #830, #3382, #1933, #1911, #1235, #3112, #3841, #176, #1641, #3480, #548, #526, #3087, #1997, #4547, #458, #1615, #1165, #3408, #105, #195, #1972, #2640, #127, #3040, #809, #3455, #1590, #4570, #3064, #1257, #4198, #2292, #4519, #507, #2722, #4103, #1213, #1542, #902, #2360, #2682, #4498, #2266, #2318, #3021, #3742, #4149, #3768, #1565, #1954, #1188, #857, #2701, #879, #3431, #2341, #3812, #3151, #1303, #3928, #2770, #3202, #4225, #1365, #3551, #2838, #1756, #4637, #3953, #4321, #2484, #661, #1017, #3500, #312, #1322, #3903, #611, #2112, #1729, #2062, #266, #1704, #2789, #4249, #4271, #639, #3592, #4596, #2432, #3179, #971, #4661, #1280, #4616, #1344, #2813, #4292, #994, #2460, #2086, #3572, #948, #289, #4684, #2746, #929, #2387, #3863, #2014, #570, #215, #1657, #3131, #2412, #3883, #589, #2038, #3521, #238, #1681, #4368, #432, #2529, #1415, #1066, #4, #51, #2864, #3720, #1439, #2186, #3225, #3248, #783, #709, #2504, #4710, #4444, #1804, #1137, #4002, #3977, #1389, #2160, #2556, #3645, #30, #3325, #361, #2212, #3273, #2920, #3695, #4398, #2234, #731, #3670, #2579, #1091, #4024, #384, #1830, #1856, #3297, #1466, #2945, #4421, #1111, #4735, #2891, #4049, #682, #758, #2136, #407, #4346, #2606, #1491, #1041, #3621, #4074, #2970, #336, #1781, #1536, #74, #4121, #3403, #803, #1511, #479, #2656, #1881, #2259, #3737, #2993, #824, #3015, #2285, #4493, #3761, #1928, #4097, #453, #3375, #3350, #1181, #1905, #1160, #100, #4469, #2635, #701, #43, #2151, #2176, #2544, #1127, #1819, #2984, #66, #4038, #774, #3731, #1870, #723, #1152, #4386, #3264, #4412, #2595, #796, #4089, #1847, #2201, #4459, #1402, #1503, #1429, #1896, #2226, #1081, #3711, #4015, #3340, #3635, #746, #350, #2961, #2878, #3684, #2935, #2570, #3366, #4360, #2249, #397, #3657, #1454, #423, #4064, #1795, #3316, #376, #2627, #444, #19, #1481, #4435, #1103, #3992, #1057, #2519, #4751, #2909, #3287, #4112, #162, #912, #2710, #4181, #1197, #1174, #1575, #1266, #557, #2648, #184 ) ),
 .UNSPECIFIED., .F., .F., .F. ) 
 B_SPLINE_SURFACE_WITH_KNOTS ( ( 2, 2 ),
 ( 3, 2, 2, 2, 2, 2, 2, 2, 2, 2, 2, 2, 2, 2, 2, 2, 2, 2, 2, 2, 2, 2, 2, 2, 2, 2, 2, 2, 2, 2, 2, 2, 2, 2, 2, 2, 2, 2, 2, 2, 2, 2, 2, 2, 2, 2, 2, 2, 2, 2, 2, 2, 2, 2, 2, 2, 2, 2, 2, 2, 2, 2, 2, 2, 2, 2, 2, 2, 2, 2, 2, 2, 2, 2, 2, 2, 2, 2, 2, 2, 2, 2, 2, 2, 2, 2, 2, 2, 2, 2, 2, 2, 2, 2, 2, 2, 2, 2, 2, 2, 2, 2, 2, 2, 2, 2, 2, 2, 2, 2, 2, 2, 2, 2, 2, 2, 2, 2, 2, 2, 2, 2, 2, 2, 2, 2, 2, 2, 2, 2, 2, 2, 2, 2, 2, 2, 2, 2, 2, 2, 2, 2, 2, 2, 2, 2, 2, 2, 2, 2, 2, 2, 2, 2, 2, 2, 2, 2, 2, 2, 3 ),
 ( 0.000000000000000000, 1.000000000000000000 ),
 ( 0.000000000000000000, 0.006250000000000000347, 0.01250000000000000069, 0.01874999999999999931, 0.02500000000000000139, 0.03125000000000000000, 0.03749999999999999861, 0.04374999999999999722, 0.05000000000000000278, 0.05625000000000000139, 0.06250000000000000000, 0.06875000000000000555, 0.07499999999999999722, 0.08125000000000000278, 0.08749999999999999445, 0.09375000000000000000, 0.1000000000000000056, 0.1062499999999999972, 0.1125000000000000028, 0.1187499999999999944, 0.1250000000000000000, 0.1312500000000000056, 0.1375000000000000111, 0.1437499999999999889, 0.1499999999999999944, 0.1562500000000000000, 0.1625000000000000056, 0.1687500000000000111, 0.1749999999999999889, 0.1812499999999999944, 0.1875000000000000000, 0.1937500000000000056, 0.2000000000000000111, 0.2062499999999999889, 0.2124999999999999944, 0.2187500000000000000, 0.2250000000000000056, 0.2312500000000000111, 0.2374999999999999889, 0.2437499999999999944, 0.2500000000000000000, 0.2562499999999999778, 0.2625000000000000111, 0.2687499999999999889, 0.2750000000000000222, 0.2812500000000000000, 0.2874999999999999778, 0.2937500000000000111, 0.2999999999999999889, 0.3062500000000000222, 0.3125000000000000000, 0.3187499999999999778, 0.3250000000000000111, 0.3312499999999999889, 0.3375000000000000222, 0.3437500000000000000, 0.3499999999999999778, 0.3562500000000000111, 0.3624999999999999889, 0.3687500000000000222, 0.3750000000000000000, 0.3812499999999999778, 0.3875000000000000111, 0.3937499999999999889, 0.4000000000000000222, 0.4062500000000000000, 0.4124999999999999778, 0.4187500000000000111, 0.4249999999999999889, 0.4312500000000000222, 0.4375000000000000000, 0.4437499999999999778, 0.4500000000000000111, 0.4562499999999999889, 0.4625000000000000222, 0.4687500000000000000, 0.4749999999999999778, 0.4812500000000000111, 0.4874999999999999889, 0.4937500000000000222, 0.5000000000000000000, 0.5062499999999999778, 0.5124999999999999556, 0.5187500000000000444, 0.5250000000000000222, 0.5312500000000000000, 0.5374999999999999778, 0.5437499999999999556, 0.5500000000000000444, 0.5562500000000000222, 0.5625000000000000000, 0.5687499999999999778, 0.5749999999999999556, 0.5812500000000000444, 0.5875000000000000222, 0.5937500000000000000, 0.5999999999999999778, 0.6062499999999999556, 0.6125000000000000444, 0.6187500000000000222, 0.6250000000000000000, 0.6312499999999999778, 0.6374999999999999556, 0.6437500000000000444, 0.6500000000000000222, 0.6562500000000000000, 0.6624999999999999778, 0.6687499999999999556, 0.6750000000000000444, 0.6812500000000000222, 0.6875000000000000000, 0.6937499999999999778, 0.6999999999999999556, 0.7062500000000000444, 0.7125000000000000222, 0.7187500000000000000, 0.7249999999999999778, 0.7312499999999999556, 0.7375000000000000444, 0.7437500000000000222, 0.7500000000000000000, 0.7562499999999999778, 0.7624999999999999556, 0.7687500000000000444, 0.7750000000000000222, 0.7812500000000000000, 0.7874999999999999778, 0.7937499999999999556, 0.8000000000000000444, 0.8062500000000000222, 0.8125000000000000000, 0.8187499999999999778, 0.8249999999999999556, 0.8312500000000000444, 0.8375000000000000222, 0.8437500000000000000, 0.8499999999999999778, 0.8562499999999999556, 0.8625000000000000444, 0.8687500000000000222, 0.8750000000000000000, 0.8812499999999999778, 0.8874999999999999556, 0.8937500000000000444, 0.9000000000000000222, 0.9062500000000000000, 0.9124999999999999778, 0.9187499999999999556, 0.9250000000000000444, 0.9312500000000000222, 0.9375000000000000000, 0.9437499999999999778, 0.9499999999999999556, 0.9562500000000000444, 0.9625000000000000222, 0.9687500000000000000, 0.9749999999999999778, 0.9812499999999999556, 0.9875000000000000444, 0.9937500000000000222, 1.000000000000000000 ),
 .UNSPECIFIED. ) 
 GEOMETRIC_REPRESENTATION_ITEM ( )  RATIONAL_B_SPLINE_SURFACE ( (
 ( 1.000000000000000000, 0.9238795325112867385, 1.000000000000000000, 0.9238795325112867385, 1.000000000000000000, 0.9238795325112867385, 1.000000000000000000, 0.9238795325112867385, 1.000000000000000000, 0.9238795325112867385, 1.000000000000000000, 0.9238795325112867385, 1.000000000000000000, 0.9238795325112867385, 1.000000000000000000, 0.9238795325112867385, 1.000000000000000000, 0.9238795325112867385, 1.000000000000000000, 0.9238795325112867385, 1.000000000000000000, 0.9238795325112867385, 1.000000000000000000, 0.9238795325112867385, 1.000000000000000000, 0.9238795325112867385, 1.000000000000000000, 0.9238795325112867385, 1.000000000000000000, 0.9238795325112867385, 1.000000000000000000, 0.9238795325112867385, 1.000000000000000000, 0.9238795325112867385, 1.000000000000000000, 0.9238795325112867385, 1.000000000000000000, 0.9238795325112867385, 1.000000000000000000, 0.9238795325112867385, 1.000000000000000000, 0.9238795325112867385, 1.000000000000000000, 0.9238795325112867385, 1.000000000000000000, 0.9238795325112867385, 1.000000000000000000, 0.9238795325112867385, 1.000000000000000000, 0.9238795325112867385, 1.000000000000000000, 0.9238795325112867385, 1.000000000000000000, 0.9238795325112867385, 1.000000000000000000, 0.9238795325112867385, 1.000000000000000000, 0.9238795325112867385, 1.000000000000000000, 0.9238795325112867385, 1.000000000000000000, 0.9238795325112867385, 1.000000000000000000, 0.9238795325112867385, 1.000000000000000000, 0.9238795325112867385, 1.000000000000000000, 0.9238795325112867385, 1.000000000000000000, 0.9238795325112867385, 1.000000000000000000, 0.9238795325112867385, 1.000000000000000000, 0.9238795325112867385, 1.000000000000000000, 0.9238795325112867385, 1.000000000000000000, 0.9238795325112867385, 1.000000000000000000, 0.9238795325112867385, 1.000000000000000000, 0.9238795325112867385, 1.000000000000000000, 0.9238795325112867385, 1.000000000000000000, 0.9238795325112867385, 1.000000000000000000, 0.9238795325112867385, 1.000000000000000000, 0.9238795325112867385, 1.000000000000000000, 0.9238795325112867385, 1.000000000000000000, 0.9238795325112867385, 1.000000000000000000, 0.9238795325112867385, 1.000000000000000000, 0.9238795325112867385, 1.000000000000000000, 0.9238795325112867385, 1.000000000000000000, 0.9238795325112867385, 1.000000000000000000, 0.9238795325112867385, 1.000000000000000000, 0.9238795325112867385, 1.000000000000000000, 0.9238795325112867385, 1.000000000000000000, 0.9238795325112867385, 1.000000000000000000, 0.9238795325112867385, 1.000000000000000000, 0.9238795325112867385, 1.000000000000000000, 0.9238795325112867385, 1.000000000000000000, 0.9238795325112867385, 1.000000000000000000, 0.9238795325112867385, 1.000000000000000000, 0.9238795325112867385, 1.000000000000000000, 0.9238795325112867385, 1.000000000000000000, 0.9238795325112867385, 1.000000000000000000, 0.9238795325112867385, 1.000000000000000000, 0.9238795325112867385, 1.000000000000000000, 0.9238795325112867385, 1.000000000000000000, 0.9238795325112867385, 1.000000000000000000, 0.9238795325112867385, 1.000000000000000000, 0.9238795325112867385, 1.000000000000000000, 0.9238795325112867385, 1.000000000000000000, 0.9238795325112867385, 1.000000000000000000, 0.9238795325112867385, 1.000000000000000000, 0.9238795325112867385, 1.000000000000000000, 0.9238795325112867385, 1.000000000000000000, 0.9238795325112867385, 1.000000000000000000, 0.9238795325112867385, 1.000000000000000000, 0.9238795325112867385, 1.000000000000000000, 0.9238795325112867385, 1.000000000000000000, 0.9238795325112867385, 1.000000000000000000, 0.9238795325112867385, 1.000000000000000000, 0.9238795325112867385, 1.000000000000000000, 0.9238795325112867385, 1.000000000000000000, 0.9238795325112867385, 1.000000000000000000, 0.9238795325112867385, 1.000000000000000000, 0.9238795325112867385, 1.000000000000000000, 0.9238795325112867385, 1.000000000000000000, 0.9238795325112867385, 1.000000000000000000, 0.9238795325112867385, 1.000000000000000000, 0.9238795325112867385, 1.000000000000000000, 0.9238795325112867385, 1.000000000000000000, 0.9238795325112867385, 1.000000000000000000, 0.9238795325112867385, 1.000000000000000000, 0.9238795325112867385, 1.000000000000000000, 0.9238795325112867385, 1.000000000000000000, 0.9238795325112867385, 1.000000000000000000, 0.9238795325112867385, 1.000000000000000000, 0.9238795325112867385, 1.000000000000000000, 0.9238795325112867385, 1.000000000000000000, 0.9238795325112867385, 1.000000000000000000, 0.9238795325112867385, 1.000000000000000000, 0.9238795325112867385, 1.000000000000000000, 0.9238795325112867385, 1.000000000000000000, 0.9238795325112867385, 1.000000000000000000, 0.9238795325112867385, 1.000000000000000000, 0.9238795325112867385, 1.000000000000000000, 0.9238795325112867385, 1.000000000000000000, 0.9238795325112867385, 1.000000000000000000, 0.9238795325112867385, 1.000000000000000000, 0.9238795325112867385, 1.000000000000000000, 0.9238795325112867385, 1.000000000000000000, 0.9238795325112867385, 1.000000000000000000, 0.9238795325112867385, 1.000000000000000000, 0.9238795325112867385, 1.000000000000000000, 0.9238795325112867385, 1.000000000000000000, 0.9238795325112867385, 1.000000000000000000, 0.9238795325112867385, 1.000000000000000000, 0.9238795325112867385, 1.000000000000000000, 0.9238795325112867385, 1.000000000000000000, 0.9238795325112867385, 1.000000000000000000, 0.9238795325112867385, 1.000000000000000000, 0.9238795325112867385, 1.000000000000000000, 0.9238795325112867385, 1.000000000000000000, 0.9238795325112867385, 1.000000000000000000, 0.9238795325112867385, 1.000000000000000000, 0.9238795325112867385, 1.000000000000000000, 0.9238795325112867385, 1.000000000000000000, 0.9238795325112867385, 1.000000000000000000, 0.9238795325112867385, 1.000000000000000000, 0.9238795325112867385, 1.000000000000000000, 0.9238795325112867385, 1.000000000000000000, 0.9238795325112867385, 1.000000000000000000, 0.9238795325112867385, 1.000000000000000000, 0.9238795325112867385, 1.000000000000000000, 0.9238795325112867385, 1.000000000000000000, 0.9238795325112867385, 1.000000000000000000, 0.9238795325112867385, 1.000000000000000000, 0.9238795325112867385, 1.000000000000000000, 0.9238795325112867385, 1.000000000000000000, 0.9238795325112867385, 1.000000000000000000, 0.9238795325112867385, 1.000000000000000000, 0.9238795325112867385, 1.000000000000000000, 0.9238795325112867385, 1.000000000000000000, 0.9238795325112867385, 1.000000000000000000, 0.9238795325112867385, 1.000000000000000000, 0.9238795325112867385, 1.000000000000000000, 0.9238795325112867385, 1.000000000000000000, 0.9238795325112867385, 1.000000000000000000, 0.9238795325112867385, 1.000000000000000000, 0.9238795325112867385, 1.000000000000000000, 0.9238795325112867385, 1.000000000000000000, 0.9238795325112867385, 1.000000000000000000, 0.9238795325112867385, 1.000000000000000000, 0.9238795325112867385, 1.000000000000000000, 0.9238795325112867385, 1.000000000000000000, 0.9238795325112867385, 1.000000000000000000, 0.9238795325112867385, 1.000000000000000000, 0.9238795325112867385, 1.000000000000000000, 0.9238795325112867385, 1.000000000000000000, 0.9238795325112867385, 1.000000000000000000, 0.9238795325112867385, 1.000000000000000000),
 ( 1.000000000000000000, 0.9238795325112867385, 1.000000000000000000, 0.9238795325112867385, 1.000000000000000000, 0.9238795325112867385, 1.000000000000000000, 0.9238795325112867385, 1.000000000000000000, 0.9238795325112867385, 1.000000000000000000, 0.9238795325112867385, 1.000000000000000000, 0.9238795325112867385, 1.000000000000000000, 0.9238795325112867385, 1.000000000000000000, 0.9238795325112867385, 1.000000000000000000, 0.9238795325112867385, 1.000000000000000000, 0.9238795325112867385, 1.000000000000000000, 0.9238795325112867385, 1.000000000000000000, 0.9238795325112867385, 1.000000000000000000, 0.9238795325112867385, 1.000000000000000000, 0.9238795325112867385, 1.000000000000000000, 0.9238795325112867385, 1.000000000000000000, 0.9238795325112867385, 1.000000000000000000, 0.9238795325112867385, 1.000000000000000000, 0.9238795325112867385, 1.000000000000000000, 0.9238795325112867385, 1.000000000000000000, 0.9238795325112867385, 1.000000000000000000, 0.9238795325112867385, 1.000000000000000000, 0.9238795325112867385, 1.000000000000000000, 0.9238795325112867385, 1.000000000000000000, 0.9238795325112867385, 1.000000000000000000, 0.9238795325112867385, 1.000000000000000000, 0.9238795325112867385, 1.000000000000000000, 0.9238795325112867385, 1.000000000000000000, 0.9238795325112867385, 1.000000000000000000, 0.9238795325112867385, 1.000000000000000000, 0.9238795325112867385, 1.000000000000000000, 0.9238795325112867385, 1.000000000000000000, 0.9238795325112867385, 1.000000000000000000, 0.9238795325112867385, 1.000000000000000000, 0.9238795325112867385, 1.000000000000000000, 0.9238795325112867385, 1.000000000000000000, 0.9238795325112867385, 1.000000000000000000, 0.9238795325112867385, 1.000000000000000000, 0.9238795325112867385, 1.000000000000000000, 0.9238795325112867385, 1.000000000000000000, 0.9238795325112867385, 1.000000000000000000, 0.9238795325112867385, 1.000000000000000000, 0.9238795325112867385, 1.000000000000000000, 0.9238795325112867385, 1.000000000000000000, 0.9238795325112867385, 1.000000000000000000, 0.9238795325112867385, 1.000000000000000000, 0.9238795325112867385, 1.000000000000000000, 0.9238795325112867385, 1.000000000000000000, 0.9238795325112867385, 1.000000000000000000, 0.9238795325112867385, 1.000000000000000000, 0.9238795325112867385, 1.000000000000000000, 0.9238795325112867385, 1.000000000000000000, 0.9238795325112867385, 1.000000000000000000, 0.9238795325112867385, 1.000000000000000000, 0.9238795325112867385, 1.000000000000000000, 0.9238795325112867385, 1.000000000000000000, 0.9238795325112867385, 1.000000000000000000, 0.9238795325112867385, 1.000000000000000000, 0.9238795325112867385, 1.000000000000000000, 0.9238795325112867385, 1.000000000000000000, 0.9238795325112867385, 1.000000000000000000, 0.9238795325112867385, 1.000000000000000000, 0.9238795325112867385, 1.000000000000000000, 0.9238795325112867385, 1.000000000000000000, 0.9238795325112867385, 1.000000000000000000, 0.9238795325112867385, 1.000000000000000000, 0.9238795325112867385, 1.000000000000000000, 0.9238795325112867385, 1.000000000000000000, 0.9238795325112867385, 1.000000000000000000, 0.9238795325112867385, 1.000000000000000000, 0.9238795325112867385, 1.000000000000000000, 0.9238795325112867385, 1.000000000000000000, 0.9238795325112867385, 1.000000000000000000, 0.9238795325112867385, 1.000000000000000000, 0.9238795325112867385, 1.000000000000000000, 0.9238795325112867385, 1.000000000000000000, 0.9238795325112867385, 1.000000000000000000, 0.9238795325112867385, 1.000000000000000000, 0.9238795325112867385, 1.000000000000000000, 0.9238795325112867385, 1.000000000000000000, 0.9238795325112867385, 1.000000000000000000, 0.9238795325112867385, 1.000000000000000000, 0.9238795325112867385, 1.000000000000000000, 0.9238795325112867385, 1.000000000000000000, 0.9238795325112867385, 1.000000000000000000, 0.9238795325112867385, 1.000000000000000000, 0.9238795325112867385, 1.000000000000000000, 0.9238795325112867385, 1.000000000000000000, 0.9238795325112867385, 1.000000000000000000, 0.9238795325112867385, 1.000000000000000000, 0.9238795325112867385, 1.000000000000000000, 0.9238795325112867385, 1.000000000000000000, 0.9238795325112867385, 1.000000000000000000, 0.9238795325112867385, 1.000000000000000000, 0.9238795325112867385, 1.000000000000000000, 0.9238795325112867385, 1.000000000000000000, 0.9238795325112867385, 1.000000000000000000, 0.9238795325112867385, 1.000000000000000000, 0.9238795325112867385, 1.000000000000000000, 0.9238795325112867385, 1.000000000000000000, 0.9238795325112867385, 1.000000000000000000, 0.9238795325112867385, 1.000000000000000000, 0.9238795325112867385, 1.000000000000000000, 0.9238795325112867385, 1.000000000000000000, 0.9238795325112867385, 1.000000000000000000, 0.9238795325112867385, 1.000000000000000000, 0.9238795325112867385, 1.000000000000000000, 0.9238795325112867385, 1.000000000000000000, 0.9238795325112867385, 1.000000000000000000, 0.9238795325112867385, 1.000000000000000000, 0.9238795325112867385, 1.000000000000000000, 0.9238795325112867385, 1.000000000000000000, 0.9238795325112867385, 1.000000000000000000, 0.9238795325112867385, 1.000000000000000000, 0.9238795325112867385, 1.000000000000000000, 0.9238795325112867385, 1.000000000000000000, 0.9238795325112867385, 1.000000000000000000, 0.9238795325112867385, 1.000000000000000000, 0.9238795325112867385, 1.000000000000000000, 0.9238795325112867385, 1.000000000000000000, 0.9238795325112867385, 1.000000000000000000, 0.9238795325112867385, 1.000000000000000000, 0.9238795325112867385, 1.000000000000000000, 0.9238795325112867385, 1.000000000000000000, 0.9238795325112867385, 1.000000000000000000, 0.9238795325112867385, 1.000000000000000000, 0.9238795325112867385, 1.000000000000000000, 0.9238795325112867385, 1.000000000000000000, 0.9238795325112867385, 1.000000000000000000, 0.9238795325112867385, 1.000000000000000000, 0.9238795325112867385, 1.000000000000000000, 0.9238795325112867385, 1.000000000000000000, 0.9238795325112867385, 1.000000000000000000, 0.9238795325112867385, 1.000000000000000000, 0.9238795325112867385, 1.000000000000000000, 0.9238795325112867385, 1.000000000000000000, 0.9238795325112867385, 1.000000000000000000, 0.9238795325112867385, 1.000000000000000000, 0.9238795325112867385, 1.000000000000000000, 0.9238795325112867385, 1.000000000000000000, 0.9238795325112867385, 1.000000000000000000, 0.9238795325112867385, 1.000000000000000000, 0.9238795325112867385, 1.000000000000000000, 0.9238795325112867385, 1.000000000000000000, 0.9238795325112867385, 1.000000000000000000, 0.9238795325112867385, 1.000000000000000000, 0.9238795325112867385, 1.000000000000000000, 0.9238795325112867385, 1.000000000000000000, 0.9238795325112867385, 1.000000000000000000, 0.9238795325112867385, 1.000000000000000000, 0.9238795325112867385, 1.000000000000000000, 0.9238795325112867385, 1.000000000000000000, 0.9238795325112867385, 1.000000000000000000, 0.9238795325112867385, 1.000000000000000000, 0.9238795325112867385, 1.000000000000000000, 0.9238795325112867385, 1.000000000000000000, 0.9238795325112867385, 1.000000000000000000, 0.9238795325112867385, 1.000000000000000000, 0.9238795325112867385, 1.000000000000000000, 0.9238795325112867385, 1.000000000000000000) ) ) 
 REPRESENTATION_ITEM ( '' )  SURFACE ( )  );
#3540 = CARTESIAN_POINT ( 'NONE',  ( -4.133182947122316589E-19, -0.002249999999999999830, 0.01420000000000000082 ) ) ;
#3541 = DIRECTION ( 'NONE',  ( -0.000000000000000000, -0.000000000000000000, -1.000000000000000000 ) ) ;
#3542 = FACE_OUTER_BOUND ( 'NONE', #1616, .T. ) ;
#3543 = CARTESIAN_POINT ( 'NONE',  ( -0.002683012700000000049, 3.285742915126697848E-19, 0.003049999998907525125 ) ) ;
#3544 = CARTESIAN_POINT ( 'NONE',  ( 0.002249999999999999830, 0.000000000000000000, 0.008800000000000000530 ) ) ;
#3545 = ORIENTED_EDGE ( 'NONE', *, *, #2740, .F. ) ;
#3546 = ADVANCED_FACE ( 'NONE', ( #686 ), #1139, .F. ) ;
#3547 = CARTESIAN_POINT ( 'NONE',  ( 0.002683012700000000916, 0.001111340248359256279, 0.007599999998907525783 ) ) ;
#3548 = CARTESIAN_POINT ( 'NONE',  ( 0.0009319805153394640322, 0.002250000000000000697, 0.01194999999781505041 ) ) ;
#3549 = CARTESIAN_POINT ( 'NONE',  ( 0.000000000000000000, 0.000000000000000000, 0.03400000000000000244 ) ) ;
#3550 = CARTESIAN_POINT ( 'NONE',  ( 0.002249999999999999830, -0.0009319805153394653333, 0.003150000000000000890 ) ) ;
#3551 = CARTESIAN_POINT ( 'NONE',  ( 0.002683012700000000049, 0.000000000000000000, 0.005049999998907525600 ) ) ;
#3552 = ADVANCED_FACE ( 'NONE', ( #733 ), #410, .F. ) ;
#3553 = CARTESIAN_POINT ( 'NONE',  ( -0.001897176474179628489, -0.001897176474179627838, 0.01514999999890752520 ) ) ;
#3554 = CARTESIAN_POINT ( 'NONE',  ( -4.928614372690046772E-19, -0.002683012700000000049, 0.01454999999890752536 ) ) ;
#3555 = CARTESIAN_POINT ( 'NONE',  ( -0.002683012700000000049, 3.285742915126697848E-19, 0.001549999998907525310 ) ) ;
#3556 = CARTESIAN_POINT ( 'NONE',  ( 0.002250000000000000697, 0.0009319805153394639238, 0.01204999999999999995 ) ) ;
#3557 = CARTESIAN_POINT ( 'NONE',  ( 0.0009319805153394645743, -0.002249999999999999830, 0.006049999997815050552 ) ) ;
#3558 = CARTESIAN_POINT ( 'NONE',  ( 0.001897176474179627622, -0.001897176474179628489, 0.01384999999890752440 ) ) ;
#3559 = CARTESIAN_POINT ( 'NONE',  ( 0.002249999999999999830, -0.0009319805153394653333, 0.01334999999781505062 ) ) ;
#3560 = CARTESIAN_POINT ( 'NONE',  ( -0.001111340248359257796, -0.002683012700000000049, 0.005699999998907526004 ) ) ;
#3561 = CARTESIAN_POINT ( 'NONE',  ( -0.002683012700000000916, 0.001111340248359256495, 0.01499999999890752611 ) ) ;
#3562 = CARTESIAN_POINT ( 'NONE',  ( -0.002250000000000000697, 0.0009319805153394642491, 0.004350000000000000568 ) ) ;
#3563 = CARTESIAN_POINT ( 'NONE',  ( -0.002249999999999999830, 2.755455298081544393E-19, 0.001200000000000000112 ) ) ;
#3564 = CARTESIAN_POINT ( 'NONE',  ( 0.0009319805153394640322, 0.002250000000000000697, 0.01375000000000000007 ) ) ;
#3565 = CARTESIAN_POINT ( 'NONE',  ( -0.001111340248359256062, 0.002683012700000000916, 0.002899999998907525165 ) ) ;
#3566 = CARTESIAN_POINT ( 'NONE',  ( 0.001897176474179627622, -0.001897176474179628489, 0.001749999998907525185 ) ) ;
#3567 = CARTESIAN_POINT ( 'NONE',  ( 0.001111340248359257146, -0.002683012700000000049, 0.009799999998907524615 ) ) ;
#3568 =( BOUNDED_CURVE ( )  B_SPLINE_CURVE ( 2, ( #3173, #1061, #3996, #1131, #2155, #3640, #4439, #1485, #4018 ),
 .UNSPECIFIED., .F., .T. ) 
 B_SPLINE_CURVE_WITH_KNOTS ( ( 3, 2, 2, 2, 3 ),
 ( 0.1500000000000000222, 0.1562500000000000000, 0.1625000000000000056, 0.1687500000000000111, 0.1749999999999999611 ),
 .UNSPECIFIED. ) 
 CURVE ( )  GEOMETRIC_REPRESENTATION_ITEM ( )  RATIONAL_B_SPLINE_CURVE ( ( 0.9999999999999996669, 0.9238795325112870716, 1.000000000000000000, 0.9238795325112867385, 1.000000000000000000, 0.9238795325112867385, 1.000000000000000000, 0.9238795325112870716, 0.9999999999999996669 ) ) 
 REPRESENTATION_ITEM ( '' )  );
#3569 = CARTESIAN_POINT ( 'NONE',  ( -0.002683012700000000916, -0.001111340248359255845, 0.01039999999890752445 ) ) ;
#3570 = CARTESIAN_POINT ( 'NONE',  ( -0.0009319805153394637070, 0.002250000000000000697, 0.009649999997815050454 ) ) ;
#3571 = CARTESIAN_POINT ( 'NONE',  ( 0.0009319805153394645743, -0.002249999999999999830, 0.004650000000000000487 ) ) ;
#3572 = CARTESIAN_POINT ( 'NONE',  ( -0.001111340248359256062, 0.002683012700000000916, 0.006899999998907525682 ) ) ;
#3573 = CARTESIAN_POINT ( 'NONE',  ( -4.928614372690046772E-19, -0.002683012700000000049, 0.003349999998907525478 ) ) ;
#3574 = CARTESIAN_POINT ( 'NONE',  ( 0.002683012700000000916, 0.001111340248359256279, 0.01399999999890752522 ) ) ;
#3575 = CARTESIAN_POINT ( 'NONE',  ( -0.001897176474179628489, -0.001897176474179627838, 0.003249999998907525216 ) ) ;
#3576 = CARTESIAN_POINT ( 'NONE',  ( -0.0009319805153394637070, 0.002250000000000000697, 0.01305000000000000084 ) ) ;
#3577 = CARTESIAN_POINT ( 'NONE',  ( 0.002683012700000000916, 0.001111340248359256279, 0.01319999999890752659 ) ) ;
#3578 = CARTESIAN_POINT ( 'NONE',  ( 0.002249999999999999830, 0.000000000000000000, 0.0005999999978150503521 ) ) ;
#3579 = CARTESIAN_POINT ( 'NONE',  ( -0.002249999999999999830, 2.755455298081544393E-19, 0.01299999999781505100 ) ) ;
#3580 = CARTESIAN_POINT ( 'NONE',  ( -0.001111340248359256062, 0.002683012700000000916, 0.006199999998907525581 ) ) ;
#3581 = CARTESIAN_POINT ( 'NONE',  ( 0.001111340248359256495, 0.002683012700000000916, 0.01239999999890752623 ) ) ;
#3582 = CARTESIAN_POINT ( 'NONE',  ( -0.001590990257669732148, -0.001590990257669731714, 0.001300000000000000157 ) ) ;
#3583 = ORIENTED_EDGE ( 'NONE', *, *, #4335, .F. ) ;
#3584 = DIRECTION ( 'NONE',  ( -1.000000000000000000, 0.000000000000000000, -0.000000000000000000 ) ) ;
#3585 = CARTESIAN_POINT ( 'NONE',  ( -0.001897176474179627838, 0.001897176474179628272, 0.003749999998907525226 ) ) ;
#3586 = CARTESIAN_POINT ( 'NONE',  ( -4.928614372690046772E-19, -0.002683012700000000049, 0.002449999998907525286 ) ) ;
#3587 = CARTESIAN_POINT ( 'NONE',  ( -0.001897176474179628489, -0.001897176474179627838, 0.01204999999890752488 ) ) ;
#3588 = CARTESIAN_POINT ( 'NONE',  ( -0.002683012700000000049, 3.285742915126697848E-19, 0.01194999999890752548 ) ) ;
#3589 = CARTESIAN_POINT ( 'NONE',  ( -0.0009319805153394651164, -0.002249999999999999830, 0.01154999999781504937 ) ) ;
#3590 = CARTESIAN_POINT ( 'NONE',  ( -0.002249999999999999830, 0.000000000000000000, 0.01799999999999999864 ) ) ;
#3591 = CARTESIAN_POINT ( 'NONE',  ( 0.002249999999999999830, 0.000000000000000000, 0.004000000000000000083 ) ) ;
#3592 = CARTESIAN_POINT ( 'NONE',  ( -0.002683012700000000916, 0.001111340248359256495, 0.006199999998907525581 ) ) ;
#3593 =( BOUNDED_CURVE ( )  B_SPLINE_CURVE ( 2, ( #2288, #2658, #1513, #4123, #3765, #102, #4077, #827, #1562 ),
 .UNSPECIFIED., .F., .T. ) 
 B_SPLINE_CURVE_WITH_KNOTS ( ( 3, 2, 2, 2, 3 ),
 ( 0.7250000000000000888, 0.7312500000000000666, 0.7375000000000000444, 0.7437500000000000222, 0.7500000000000000000 ),
 .UNSPECIFIED. ) 
 CURVE ( )  GEOMETRIC_REPRESENTATION_ITEM ( )  RATIONAL_B_SPLINE_CURVE ( ( 0.9999999999999986677, 0.9238795325112880708, 1.000000000000000000, 0.9238795325112867385, 1.000000000000000000, 0.9238795325112867385, 1.000000000000000000, 0.9238795325112867385, 1.000000000000000000 ) ) 
 REPRESENTATION_ITEM ( '' )  );
#3594 = EDGE_CURVE ( 'NONE', #852, #1335, #2363, .T. ) ;
#3595 = CARTESIAN_POINT ( 'NONE',  ( -0.001111340248359257796, -0.002683012700000000049, 0.001699999998907525270 ) ) ;
#3596 = CARTESIAN_POINT ( 'NONE',  ( 1.642871457563348924E-19, 0.002683012700000000049, 0.01494999999890752468 ) ) ;
#3597 = CARTESIAN_POINT ( 'NONE',  ( 0.001111340248359256495, 0.002683012700000000916, 0.004499999998907525459 ) ) ;
#3598 = CARTESIAN_POINT ( 'NONE',  ( 1.377727649040772196E-19, 0.002249999999999999830, 0.01380000000000000150 ) ) ;
#3599 = CARTESIAN_POINT ( 'NONE',  ( 0.001897176474179628272, 0.001897176474179628272, 0.006749999998907525722 ) ) ;
#3600 = ADVANCED_FACE ( 'NONE', ( #2506 ), #711, .F. ) ;
#3601 = CARTESIAN_POINT ( 'NONE',  ( 0.0009319805153394640322, 0.002250000000000000697, 0.001549999997815050459 ) ) ;
#3602 = CARTESIAN_POINT ( 'NONE',  ( 0.002249999999999999830, 0.000000000000000000, 0.005399999997815051016 ) ) ;
#3603 = CARTESIAN_POINT ( 'NONE',  ( 0.001590990257669731497, -0.001590990257669732148, 0.01329999999781505092 ) ) ;
#3604 = CARTESIAN_POINT ( 'NONE',  ( -0.002683012700000000049, 3.285742915126697848E-19, 0.004749999998907525681 ) ) ;
#3605 = CARTESIAN_POINT ( 'NONE',  ( 0.001111340248359257146, -0.002683012700000000049, 0.01289999999890752494 ) ) ;
#3606 = VECTOR ( 'NONE', #1505, 1.000000000000000000 ) ;
#3607 = CARTESIAN_POINT ( 'NONE',  ( -0.0009319805153394637070, 0.002250000000000000697, 0.001850000000000000082 ) ) ;
#3608 = VERTEX_POINT ( 'NONE', #3303 ) ;
#3609 = CARTESIAN_POINT ( 'NONE',  ( 0.000000000000000000, 0.000000000000000000, 0.01799999999999999864 ) ) ;
#3610 = CARTESIAN_POINT ( 'NONE',  ( -4.133182947122316589E-19, -0.002249999999999999830, 0.0006000000000000000559 ) ) ;
#3611 = CARTESIAN_POINT ( 'NONE',  ( -0.001111340248359256062, 0.002683012700000000916, 0.004499999998907525459 ) ) ;
#3612 = CARTESIAN_POINT ( 'NONE',  ( -0.001111340248359257796, -0.002683012700000000049, 0.002399999998907525588 ) ) ;
#3613 = CARTESIAN_POINT ( 'NONE',  ( 1.377727649040772196E-19, 0.002249999999999999830, 0.01439999999781505120 ) ) ;
#3614 = CARTESIAN_POINT ( 'NONE',  ( -0.001897176474179627838, 0.001897176474179628272, 0.01104999999890752573 ) ) ;
#3615 = VECTOR ( 'NONE', #203, 1.000000000000000000 ) ;
#3616 = EDGE_CURVE ( 'NONE', #3523, #722, #421, .T. ) ;
#3617 = CARTESIAN_POINT ( 'NONE',  ( 0.001111340248359256495, 0.002683012700000000916, 0.01089999999890752490 ) ) ;
#3618 = CARTESIAN_POINT ( 'NONE',  ( 1.377727649040772196E-19, 0.002249999999999999830, 0.01039999999781504939 ) ) ;
#3619 = FACE_OUTER_BOUND ( 'NONE', #4638, .T. ) ;
#3620 = CARTESIAN_POINT ( 'NONE',  ( -0.002249999999999999830, 2.755455298081544393E-19, 0.004400000000000000265 ) ) ;
#3621 = CARTESIAN_POINT ( 'NONE',  ( 1.642871457563348924E-19, 0.002683012700000000049, 0.01084999999890752520 ) ) ;
#3622 = CARTESIAN_POINT ( 'NONE',  ( 0.002683012700000000916, 0.001111340248359256279, 0.001999999998907524973 ) ) ;
#3623 = DIRECTION ( 'NONE',  ( -1.000000000000000000, 0.000000000000000000, 0.000000000000000000 ) ) ;
#3624 = CARTESIAN_POINT ( 'NONE',  ( -0.002683012700000000916, 0.001111340248359256495, 0.002299999998907525326 ) ) ;
#3625 = CARTESIAN_POINT ( 'NONE',  ( -0.002683012700000000049, 3.285742915126697848E-19, 0.0006499999989075252267 ) ) ;
#3626 = CARTESIAN_POINT ( 'NONE',  ( 0.001111340248359256495, 0.002683012700000000916, 0.006799999998907525420 ) ) ;
#3627 = ORIENTED_EDGE ( 'NONE', *, *, #4042, .F. ) ;
#3628 = CARTESIAN_POINT ( 'NONE',  ( -0.0009319805153394637070, 0.002250000000000000697, 0.0008499999978150503573 ) ) ;
#3629 = CARTESIAN_POINT ( 'NONE',  ( 0.002249999999999999830, 0.000000000000000000, 0.004599999997815050652 ) ) ;
#3630 = CARTESIAN_POINT ( 'NONE',  ( -0.002249999999999999830, 2.755455298081544393E-19, 0.0009999999978150503170 ) ) ;
#3631 = CARTESIAN_POINT ( 'NONE',  ( 0.001897176474179627622, -0.001897176474179628489, 0.009849999998907524312 ) ) ;
#3632 = CARTESIAN_POINT ( 'NONE',  ( 0.002683012700000000916, 0.001111340248359256279, 0.01389999999890752583 ) ) ;
#3633 = CARTESIAN_POINT ( 'NONE',  ( 0.002249999999999999830, 0.000000000000000000, 0.001600000000000000077 ) ) ;
#3634 = ORIENTED_EDGE ( 'NONE', *, *, #2161, .F. ) ;
#3635 = CARTESIAN_POINT ( 'NONE',  ( -0.001897176474179627838, 0.001897176474179628272, 0.01414999999890752605 ) ) ;
#3636 = CARTESIAN_POINT ( 'NONE',  ( -0.0009319805153394651164, -0.002249999999999999830, 0.001350000000000000071 ) ) ;
#3637 = CARTESIAN_POINT ( 'NONE',  ( 0.002683012700000000049, 0.000000000000000000, 0.0003499999989075251988 ) ) ;
#3638 = CARTESIAN_POINT ( 'NONE',  ( -4.928614372690046772E-19, -0.002683012700000000049, 0.004849999998907525076 ) ) ;
#3639 = CARTESIAN_POINT ( 'NONE',  ( 0.001897176474179627622, -0.001897176474179628489, 0.004149999998907525842 ) ) ;
#3640 = CARTESIAN_POINT ( 'NONE',  ( -0.0009319805153394637070, 0.002250000000000000697, 0.003249999997815050147 ) ) ;
#3641 = CARTESIAN_POINT ( 'NONE',  ( -4.928614372690046772E-19, -0.002683012700000000049, 0.01214999999890752427 ) ) ;
#3642 = CARTESIAN_POINT ( 'NONE',  ( 0.0009319805153394640322, 0.002250000000000000697, 0.01034999999781504969 ) ) ;
#3643 = FACE_OUTER_BOUND ( 'NONE', #2851, .T. ) ;
#3644 = FACE_OUTER_BOUND ( 'NONE', #278, .T. ) ;
#3645 = CARTESIAN_POINT ( 'NONE',  ( 0.001897176474179628272, 0.001897176474179628272, 0.009149999998907525078 ) ) ;
#3646 = CARTESIAN_POINT ( 'NONE',  ( -4.928614372690046772E-19, -0.002683012700000000049, 0.002549999998907525114 ) ) ;
#3647 = CARTESIAN_POINT ( 'NONE',  ( -0.002683012700000000049, 3.285742915126697848E-19, 0.007149999998907525904 ) ) ;
#3648 = CARTESIAN_POINT ( 'NONE',  ( 0.001897176474179627622, -0.001897176474179628489, 0.0009499999989075252546 ) ) ;
#3649 = CARTESIAN_POINT ( 'NONE',  ( -0.002683012700000000916, 0.001111340248359256495, 0.005399999998907526085 ) ) ;
#3650 = ORIENTED_EDGE ( 'NONE', *, *, #3526, .T. ) ;
#3651 = CARTESIAN_POINT ( 'NONE',  ( -4.928614372690046772E-19, -0.002683012700000000049, 0.01614999999890752783 ) ) ;
#3652 = CARTESIAN_POINT ( 'NONE',  ( 1.377727649040772196E-19, 0.002249999999999999830, 0.003999999997815050813 ) ) ;
#3653 = CARTESIAN_POINT ( 'NONE',  ( 0.001111340248359257146, -0.002683012700000000049, 0.009799999998907524615 ) ) ;
#3654 = CARTESIAN_POINT ( 'NONE',  ( 0.001590990257669731931, 0.001590990257669731931, 0.01269999999781505108 ) ) ;
#3655 = CARTESIAN_POINT ( 'NONE',  ( -0.0009319805153394637070, 0.002250000000000000697, 0.006650000000000000529 ) ) ;
#3656 = VERTEX_POINT ( 'NONE', #1254 ) ;
#3657 = CARTESIAN_POINT ( 'NONE',  ( 0.001897176474179628272, 0.001897176474179628272, 0.01474999999890752589 ) ) ;
#3658 = CARTESIAN_POINT ( 'NONE',  ( 0.001590990257669731497, -0.001590990257669732148, 0.008499999997815050473 ) ) ;
#3659 = DIRECTION ( 'NONE',  ( -0.000000000000000000, -0.000000000000000000, -1.000000000000000000 ) ) ;
#3660 = CARTESIAN_POINT ( 'NONE',  ( 0.002683012700000000049, -0.001111340248359258013, 0.004999999998907525035 ) ) ;
#3661 = LINE ( 'NONE', #750, #2454 ) ;
#3662 = EDGE_LOOP ( 'NONE', ( #3835, #1593, #1794, #1776, #1999, #258, #129, #2927, #1189, #1730, #1473, #4219, #4520, #4411, #2801, #3113, #3482, #1487, #1173, #4434, #3702, #3263, #3346, #2966, #1543, #2703, #1862, #2113, #865, #252, #1409, #2747, #2294, #2028, #1156, #472, #4075, #1810, #677, #3237, #904, #2098, #4201 ) ) ;
#3663 = ORIENTED_EDGE ( 'NONE', *, *, #4315, .T. ) ;
#3664 = EDGE_CURVE ( 'NONE', #2574, #1086, #1531, .T. ) ;
#3665 = CARTESIAN_POINT ( 'NONE',  ( -0.002683012700000000049, 3.285742915126697848E-19, 0.01274999999890752585 ) ) ;
#3666 = CARTESIAN_POINT ( 'NONE',  ( -0.001590990257669731714, 0.001590990257669731931, 0.01369999999781505023 ) ) ;
#3667 = CARTESIAN_POINT ( 'NONE',  ( -0.005000000000000000104, 6.123233995736765959E-19, 0.03400000000000000244 ) ) ;
#3668 = CARTESIAN_POINT ( 'NONE',  ( 0.002250000000000000697, 0.0009319805153394639238, 0.004049999999999999781 ) ) ;
#3669 =( BOUNDED_CURVE ( )  B_SPLINE_CURVE ( 2, ( #207, #892, #3512, #1986, #3469, #3855, #2352, #3828, #188 ),
 .UNSPECIFIED., .F., .F. ) 
 B_SPLINE_CURVE_WITH_KNOTS ( ( 3, 2, 2, 2, 3 ),
 ( 0.7000000000000000666, 0.7062500000000001554, 0.7125000000000001332, 0.7187500000000001110, 0.7250000000000000888 ),
 .UNSPECIFIED. ) 
 CURVE ( )  GEOMETRIC_REPRESENTATION_ITEM ( )  RATIONAL_B_SPLINE_CURVE ( ( 0.9999999999999986677, 0.9238795325112880708, 1.000000000000000000, 0.9238795325112867385, 1.000000000000000000, 0.9238795325112867385, 1.000000000000000000, 0.9238795325112854062, 1.000000000000001332 ) ) 
 REPRESENTATION_ITEM ( '' )  );
#3670 = CARTESIAN_POINT ( 'NONE',  ( 0.001111340248359257146, -0.002683012700000000049, 0.009699999998907526955 ) ) ;
#3671 = CARTESIAN_POINT ( 'NONE',  ( -4.928614372690046772E-19, -0.002683012700000000049, 0.001749999998907525185 ) ) ;
#3672 = CARTESIAN_POINT ( 'NONE',  ( 0.000000000000000000, 0.000000000000000000, 0.01799999999999999864 ) ) ;
#3673 = CARTESIAN_POINT ( 'NONE',  ( 0.002683012700000000916, 0.001111340248359256279, 0.006799999998907525420 ) ) ;
#3674 = CARTESIAN_POINT ( 'NONE',  ( 0.002683012700000000049, 0.000000000000000000, 0.0002499999989075252075 ) ) ;
#3675 = EDGE_CURVE ( 'NONE', #216, #1876, #1514, .T. ) ;
#3676 = ORIENTED_EDGE ( 'NONE', *, *, #2921, .T. ) ;
#3677 = CARTESIAN_POINT ( 'NONE',  ( 1.377727649040772196E-19, 0.002249999999999999830, 0.0007999999978150503345 ) ) ;
#3678 = CARTESIAN_POINT ( 'NONE',  ( 0.002683012700000000916, 0.001111340248359256279, 0.009899999998907525744 ) ) ;
#3679 = CARTESIAN_POINT ( 'NONE',  ( -0.001590990257669731714, 0.001590990257669731931, 0.005699999997815050935 ) ) ;
#3680 = CARTESIAN_POINT ( 'NONE',  ( -0.001111340248359256062, 0.002683012700000000916, 0.007799999998907525441 ) ) ;
#3681 = CARTESIAN_POINT ( 'NONE',  ( -0.002250000000000000697, 0.0009319805153394642491, 0.01294999999781504957 ) ) ;
#3682 = CARTESIAN_POINT ( 'NONE',  ( 0.0009319805153394640322, 0.002250000000000000697, 0.005749999999999999903 ) ) ;
#3683 = ORIENTED_EDGE ( 'NONE', *, *, #1544, .F. ) ;
#3684 = CARTESIAN_POINT ( 'NONE',  ( -0.001111340248359257796, -0.002683012700000000049, 0.01439999999890752627 ) ) ;
#3685 = CARTESIAN_POINT ( 'NONE',  ( 0.002249999999999999830, 0.000000000000000000, 0.005399999997815051016 ) ) ;
#3686 = CARTESIAN_POINT ( 'NONE',  ( -0.001897176474179627838, 0.001897176474179628272, 0.006149999998907525016 ) ) ;
#3687 = CARTESIAN_POINT ( 'NONE',  ( -0.002249999999999999830, 2.755455298081544393E-19, 0.001200000000000000112 ) ) ;
#3688 = VERTEX_POINT ( 'NONE', #3062 ) ;
#3689 = EDGE_CURVE ( 'NONE', #4199, #208, #2659, .T. ) ;
#3690 = CARTESIAN_POINT ( 'NONE',  ( -0.002683012700000000916, -0.001111340248359255845, 0.01519999999890752490 ) ) ;
#3691 = CARTESIAN_POINT ( 'NONE',  ( -0.001590990257669732148, -0.001590990257669731714, 0.01389999999781505076 ) ) ;
#3692 = CARTESIAN_POINT ( 'NONE',  ( -0.0009319805153394637070, 0.002250000000000000697, 0.003450000000000000375 ) ) ;
#3693 = AXIS2_PLACEMENT_3D ( 'NONE', #627, #1082, #4752 ) ;
#3694 = FACE_OUTER_BOUND ( 'NONE', #626, .T. ) ;
#3695 = CARTESIAN_POINT ( 'NONE',  ( -0.002683012700000000916, -0.001111340248359255845, 0.009499999998907526430 ) ) ;
#3696 = AXIS2_PLACEMENT_3D ( 'NONE', #1941, #2349, #2711 ) ;
#3697 = CARTESIAN_POINT ( 'NONE',  ( 0.001111340248359257146, -0.002683012700000000049, 0.004199999998907525539 ) ) ;
#3698 = CARTESIAN_POINT ( 'NONE',  ( 1.377727649040772196E-19, 0.002249999999999999830, 0.01140000000000000041 ) ) ;
#3699 = CARTESIAN_POINT ( 'NONE',  ( -0.002683012700000000916, 0.001111340248359256495, 0.006299999998907525843 ) ) ;
#3700 = CARTESIAN_POINT ( 'NONE',  ( -0.001590990257669731714, 0.001590990257669731931, 0.01470000000000000126 ) ) ;
#3701 = CARTESIAN_POINT ( 'NONE',  ( 0.002683012700000000916, 0.001111340248359256279, 0.006699999998907526025 ) ) ;
#3702 = ORIENTED_EDGE ( 'NONE', *, *, #503, .F. ) ;
#3703 = CARTESIAN_POINT ( 'NONE',  ( -0.002250000000000000697, -0.0009319805153394634901, 0.001049999997815050448 ) ) ;
#3704 = CARTESIAN_POINT ( 'NONE',  ( -4.133182947122316589E-19, -0.002249999999999999830, 0.004399999997815050128 ) ) ;
#3705 = CARTESIAN_POINT ( 'NONE',  ( 0.001897176474179627622, -0.001897176474179628489, 0.008249999998907525320 ) ) ;
#3706 = CARTESIAN_POINT ( 'NONE',  ( -0.002683012700000000049, 3.285742915126697848E-19, 0.01584999999890752617 ) ) ;
#3707 = CARTESIAN_POINT ( 'NONE',  ( -0.002249999999999999830, 2.755455298081544393E-19, 0.006000000000000000125 ) ) ;
#3708 = EDGE_LOOP ( 'NONE', ( #4111, #3709, #217, #128 ) ) ;
#3709 = ORIENTED_EDGE ( 'NONE', *, *, #1895, .F. ) ;
#3710 = ORIENTED_EDGE ( 'NONE', *, *, #1256, .T. ) ;
#3711 = CARTESIAN_POINT ( 'NONE',  ( 0.001111340248359256495, 0.002683012700000000916, 0.01399999999890752522 ) ) ;
#3712 = CARTESIAN_POINT ( 'NONE',  ( -0.002250000000000000697, -0.0009319805153394634901, 0.01064999999781505134 ) ) ;
#3713 = CARTESIAN_POINT ( 'NONE',  ( 0.002249999999999999830, 0.000000000000000000, 0.01200000000000000025 ) ) ;
#3714 = CARTESIAN_POINT ( 'NONE',  ( -0.001111340248359256062, 0.002683012700000000916, 0.006899999998907525682 ) ) ;
#3715 = CARTESIAN_POINT ( 'NONE',  ( -0.002249999999999994192, -0.0009319805153394696701, 0.007449999997815050755 ) ) ;
#3716 = EDGE_LOOP ( 'NONE', ( #2180, #3941, #4549, #3339 ) ) ;
#3717 = CARTESIAN_POINT ( 'NONE',  ( -0.002683012700000000916, -0.001111340248359255845, 0.01439999999890752454 ) ) ;
#3718 = CARTESIAN_POINT ( 'NONE',  ( -0.002250000000000000697, -0.0009319805153394634901, 0.01304999999781505070 ) ) ;
#3719 = CARTESIAN_POINT ( 'NONE',  ( 1.377727649040772196E-19, 0.002249999999999999830, 0.009799999999999999684 ) ) ;
#3720 = CARTESIAN_POINT ( 'NONE',  ( 0.002683012700000000916, 0.001111340248359256279, 0.008299999998907525017 ) ) ;
#3721 = CARTESIAN_POINT ( 'NONE',  ( -0.002683012700000000916, -0.001111340248359255845, 0.006399999998907526973 ) ) ;
#3722 = CARTESIAN_POINT ( 'NONE',  ( 0.002249999999999999830, 0.000000000000000000, 0.01659999999781505003 ) ) ;
#3723 = DIRECTION ( 'NONE',  ( -0.000000000000000000, -0.000000000000000000, -1.000000000000000000 ) ) ;
#3724 = CARTESIAN_POINT ( 'NONE',  ( -0.001897176474179627838, 0.001897176474179628272, 0.004649999998907525418 ) ) ;
#3725 = CARTESIAN_POINT ( 'NONE',  ( 1.377727649040772196E-19, 0.002249999999999999830, 0.01540000000000000049 ) ) ;
#3726 = CARTESIAN_POINT ( 'NONE',  ( -0.001897176474179627838, 0.001897176474179628272, 0.01334999999890752569 ) ) ;
#3727 = CARTESIAN_POINT ( 'NONE',  ( 0.002249999999999999830, -0.0009319805153394653333, 0.008549999997815050171 ) ) ;
#3728 = CARTESIAN_POINT ( 'NONE',  ( -0.002683012700000000916, -0.001111340248359255845, 0.009599999998907527560 ) ) ;
#3729 = CARTESIAN_POINT ( 'NONE',  ( 1.642871457563348924E-19, 0.002683012700000000049, 0.01564999999890752738 ) ) ;
#3730 = CARTESIAN_POINT ( 'NONE',  ( -0.002250000000000000697, 0.0009319805153394642491, 0.005150000000000000064 ) ) ;
#3731 = CARTESIAN_POINT ( 'NONE',  ( 0.002683012700000000049, 0.000000000000000000, 0.01304999999890752577 ) ) ;
#3732 = CARTESIAN_POINT ( 'NONE',  ( 0.002249999999999999830, -0.0009319805153394653333, 0.006350000000000000609 ) ) ;
#3733 = CARTESIAN_POINT ( 'NONE',  ( -0.001111340248359256062, 0.002683012700000000916, 0.008499999998907525542 ) ) ;
#3734 = CARTESIAN_POINT ( 'NONE',  ( -0.001111340248359256062, 0.002683012700000000916, 0.01499999999890752611 ) ) ;
#3735 = CARTESIAN_POINT ( 'NONE',  ( 0.002249999999999999830, -0.0009319805153394653333, 0.01334999999781505062 ) ) ;
#3736 = CARTESIAN_POINT ( 'NONE',  ( -0.001590990257669731714, 0.001590990257669731931, 0.009900000000000000813 ) ) ;
#3737 = CARTESIAN_POINT ( 'NONE',  ( 0.001111340248359256495, 0.002683012700000000916, 0.01159999999890752587 ) ) ;
#3738 = VERTEX_POINT ( 'NONE', #524 ) ;
#3739 = CARTESIAN_POINT ( 'NONE',  ( 0.002683012700000000049, 0.000000000000000000, 0.006749999998907525722 ) ) ;
#3740 = CARTESIAN_POINT ( 'NONE',  ( -4.133182947122316589E-19, -0.002249999999999999830, 0.01479999999781505052 ) ) ;
#3741 = CARTESIAN_POINT ( 'NONE',  ( 0.002683012700000000049, -0.001111340248359258013, 0.005099999998907525298 ) ) ;
#3742 = CARTESIAN_POINT ( 'NONE',  ( 0.001111340248359257146, -0.002683012700000000049, 0.004099999998907525277 ) ) ;
#3743 = EDGE_CURVE ( 'NONE', #3608, #2827, #4568, .T. ) ;
#3744 = VERTEX_POINT ( 'NONE', #125 ) ;
#3745 = CARTESIAN_POINT ( 'NONE',  ( -0.002683012700000000916, -0.001111340248359255845, 0.01269999999890752788 ) ) ;
#3746 = CARTESIAN_POINT ( 'NONE',  ( 0.001897176474179628272, 0.001897176474179628272, 0.009149999998907525078 ) ) ;
#3747 = CARTESIAN_POINT ( 'NONE',  ( -4.133182947122316589E-19, -0.002249999999999999830, 0.007599999997815050715 ) ) ;
#3748 = CARTESIAN_POINT ( 'NONE',  ( -0.002683012700000000916, 0.001111340248359256495, 0.01029999999890752506 ) ) ;
#3749 = DIRECTION ( 'NONE',  ( -0.000000000000000000, -0.000000000000000000, -1.000000000000000000 ) ) ;
#3750 = CARTESIAN_POINT ( 'NONE',  ( 0.002249999999999999830, 0.000000000000000000, 0.004800000000000000447 ) ) ;
#3751 = ADVANCED_FACE ( 'NONE', ( #900 ), #3766, .F. ) ;
#3752 = CARTESIAN_POINT ( 'NONE',  ( 0.000000000000000000, 0.000000000000000000, 0.01799999999999999864 ) ) ;
#3753 = CARTESIAN_POINT ( 'NONE',  ( -0.002250000000000000697, -0.0009319805153394634901, 0.006050000000000001557 ) ) ;
#3754 = CARTESIAN_POINT ( 'NONE',  ( -0.002683012700000000916, -0.001111340248359255845, 0.003199999998907525518 ) ) ;
#3755 = CARTESIAN_POINT ( 'NONE',  ( 0.001897176474179627622, -0.001897176474179628489, 0.008149999998907525925 ) ) ;
#3756 = ORIENTED_EDGE ( 'NONE', *, *, #4025, .T. ) ;
#3757 = CARTESIAN_POINT ( 'NONE',  ( -0.001897176474179628489, -0.001897176474179627838, 0.01444999999890752597 ) ) ;
#3758 = CARTESIAN_POINT ( 'NONE',  ( 0.001590990257669731497, -0.001590990257669732148, 0.01409999999781504955 ) ) ;
#3759 = CARTESIAN_POINT ( 'NONE',  ( 0.002250000000000000697, 0.0009319805153394639238, 0.003250000000000000284 ) ) ;
#3760 = CIRCLE ( 'NONE', #1750, 0.005000000000000000104 ) ;
#3761 = CARTESIAN_POINT ( 'NONE',  ( -0.002683012700000000916, -0.001111340248359255845, 0.01189999999890752579 ) ) ;
#3762 = EDGE_CURVE ( 'NONE', #2609, #2898, #483, .T. ) ;
#3763 = MECHANICAL_DESIGN_GEOMETRIC_PRESENTATION_REPRESENTATION (  '', ( #2610 ), #4384 ) ;
#3764 = CARTESIAN_POINT ( 'NONE',  ( -0.002683012700000000916, -0.001111340248359255845, 0.004799999998907525378 ) ) ;
#3765 = CARTESIAN_POINT ( 'NONE',  ( -4.133182947122316589E-19, -0.002249999999999999830, 0.01239999999781504943 ) ) ;
#3766 = CYLINDRICAL_SURFACE ( 'NONE', #1359, 0.002249999999999999830 ) ;
#3767 = CARTESIAN_POINT ( 'NONE',  ( -0.002683012700000000916, 0.001111340248359256495, 0.007899999998907525703 ) ) ;
#3768 = CARTESIAN_POINT ( 'NONE',  ( 0.002683012700000000049, -0.001111340248359258013, 0.004199999998907525539 ) ) ;
#3769 = AXIS2_PLACEMENT_3D ( 'NONE', #3324, #1490, #2969 ) ;
#3770 = ORIENTED_EDGE ( 'NONE', *, *, #2037, .T. ) ;
#3771 = CARTESIAN_POINT ( 'NONE',  ( 0.001111340248359257146, -0.002683012700000000049, 0.01209999999890752631 ) ) ;
#3772 = CARTESIAN_POINT ( 'NONE',  ( -4.928614372690046772E-19, -0.002683012700000000049, 0.009649999998907525522 ) ) ;
#3773 = CARTESIAN_POINT ( 'NONE',  ( -0.0009319805153394637070, 0.002250000000000000697, 0.006449999997815050734 ) ) ;
#3774 = CARTESIAN_POINT ( 'NONE',  ( 0.001897176474179627622, -0.001897176474179628489, 0.01304999999890752577 ) ) ;
#3775 = CARTESIAN_POINT ( 'NONE',  ( -0.002683012700000000049, 3.285742915126697848E-19, 0.0007499999989075251637 ) ) ;
#3776 = CARTESIAN_POINT ( 'NONE',  ( -0.0009319805153394637070, 0.002250000000000000697, 0.01064999999999999974 ) ) ;
#3777 = ORIENTED_EDGE ( 'NONE', *, *, #356, .T. ) ;
#3778 = CARTESIAN_POINT ( 'NONE',  ( 0.001590990257669731931, 0.001590990257669731931, 0.01349999999781504971 ) ) ;
#3779 = CARTESIAN_POINT ( 'NONE',  ( 0.002249999999999999830, 0.000000000000000000, 0.01629999999890752518 ) ) ;
#3780 = CARTESIAN_POINT ( 'NONE',  ( 0.002683012700000000049, -0.001111340248359258013, 0.003499999998907525438 ) ) ;
#3781 = CARTESIAN_POINT ( 'NONE',  ( 0.001111340248359256495, 0.002683012700000000916, 0.006799999998907525420 ) ) ;
#3782 = CARTESIAN_POINT ( 'NONE',  ( -0.002249999999999999830, 2.755455298081544393E-19, 0.002599999997815050611 ) ) ;
#3783 = CARTESIAN_POINT ( 'NONE',  ( -0.001111340248359257796, -0.002683012700000000049, 0.01529999999890752777 ) ) ;
#3784 = CARTESIAN_POINT ( 'NONE',  ( 0.002683012700000000049, -0.001111340248359258013, 0.01389999999890752583 ) ) ;
#3785 = CARTESIAN_POINT ( 'NONE',  ( 0.002249999999999999830, -0.0009319805153394653333, 0.004549999997815051822 ) ) ;
#3786 = CARTESIAN_POINT ( 'NONE',  ( 1.642871457563348924E-19, 0.002683012700000000049, 0.006149999998907525883 ) ) ;
#3787 = CARTESIAN_POINT ( 'NONE',  ( -0.001590990257669731714, 0.001590990257669731931, 0.01129999999781505088 ) ) ;
#3788 = DIRECTION ( 'NONE',  ( -0.000000000000000000, -0.000000000000000000, -1.000000000000000000 ) ) ;
#3789 = CARTESIAN_POINT ( 'NONE',  ( -0.001111340248359257796, -0.002683012700000000049, 0.008099999998907524493 ) ) ;
#3790 = CARTESIAN_POINT ( 'NONE',  ( -0.002683012700000000916, -0.001111340248359255845, 0.001499999998907525179 ) ) ;
#3791 = VERTEX_POINT ( 'NONE', #1884 ) ;
#3792 = VERTEX_POINT ( 'NONE', #4101 ) ;
#3793 = ORIENTED_EDGE ( 'NONE', *, *, #4096, .T. ) ;
#3794 = CARTESIAN_POINT ( 'NONE',  ( 0.001111340248359256495, 0.002683012700000000916, 0.01159999999890752587 ) ) ;
#3795 = CARTESIAN_POINT ( 'NONE',  ( -0.001590990257669732148, -0.001590990257669731714, 0.006699999997815050956 ) ) ;
#3796 = CARTESIAN_POINT ( 'NONE',  ( 0.002683012700000000916, 0.001111340248359256279, 0.01079999999890752550 ) ) ;
#3797 = CARTESIAN_POINT ( 'NONE',  ( 0.002249999999999999830, 0.000000000000000000, 0.01019999999781505060 ) ) ;
#3798 = CARTESIAN_POINT ( 'NONE',  ( -0.0009319805153394651164, -0.002249999999999999830, 0.008550000000000000308 ) ) ;
#3799 = DIRECTION ( 'NONE',  ( -0.000000000000000000, -0.000000000000000000, -1.000000000000000000 ) ) ;
#3800 = CARTESIAN_POINT ( 'NONE',  ( 0.001897176474179627622, -0.001897176474179628489, 0.0009499999989075252546 ) ) ;
#3801 = CARTESIAN_POINT ( 'NONE',  ( -0.001111340248359257796, -0.002683012700000000049, 0.002499999998907525417 ) ) ;
#3802 = CARTESIAN_POINT ( 'NONE',  ( 1.642871457563348924E-19, 0.002683012700000000049, 0.01004999999890752484 ) ) ;
#3803 = LINE ( 'NONE', #916, #846 ) ;
#3804 = CARTESIAN_POINT ( 'NONE',  ( -0.002249999999999999830, 2.755455298081544393E-19, 0.002000000000000000042 ) ) ;
#3805 = CYLINDRICAL_SURFACE ( 'NONE', #313, 0.002249999999999999830 ) ;
#3806 = CARTESIAN_POINT ( 'NONE',  ( -0.001897176474179627838, 0.001897176474179628272, 0.001349999998907525220 ) ) ;
#3807 = EDGE_CURVE ( 'NONE', #2620, #414, #1079, .T. ) ;
#3808 = CARTESIAN_POINT ( 'NONE',  ( -4.928614372690046772E-19, -0.002683012700000000049, 0.008949999998907524554 ) ) ;
#3809 = CARTESIAN_POINT ( 'NONE',  ( -0.002249999999999999830, 2.755455298081544393E-19, 0.006599999997815050694 ) ) ;
#3810 = DIRECTION ( 'NONE',  ( -1.000000000000000000, 0.000000000000000000, 0.000000000000000000 ) ) ;
#3811 = CARTESIAN_POINT ( 'NONE',  ( 0.002683012700000000049, 0.000000000000000000, 0.008349999998907524715 ) ) ;
#3812 = CARTESIAN_POINT ( 'NONE',  ( -0.002683012700000000049, 3.285742915126697848E-19, 0.004649999998907525418 ) ) ;
#3813 = ADVANCED_FACE ( 'NONE', ( #1211 ), #2339, .F. ) ;
#3814 = ORIENTED_EDGE ( 'NONE', *, *, #3842, .T. ) ;
#3815 = ORIENTED_EDGE ( 'NONE', *, *, #1888, .F. ) ;
#3816 = ORIENTED_EDGE ( 'NONE', *, *, #331, .T. ) ;
#3817 = CARTESIAN_POINT ( 'NONE',  ( -0.001897176474179628489, -0.001897176474179627838, 0.01194999999890752548 ) ) ;
#3818 = CARTESIAN_POINT ( 'NONE',  ( -0.001590990257669732148, -0.001590990257669731714, 0.009099999997815050312 ) ) ;
#3819 = CARTESIAN_POINT ( 'NONE',  ( 0.001897176474179627622, -0.001897176474179628489, 0.01224999999890752540 ) ) ;
#3820 = CARTESIAN_POINT ( 'NONE',  ( 0.001111340248359257146, -0.002683012700000000049, 0.0009999999989075253858 ) ) ;
#3821 = CARTESIAN_POINT ( 'NONE',  ( 0.0009319805153394640322, 0.002250000000000000697, 0.008949999999999999623 ) ) ;
#3822 = ORIENTED_EDGE ( 'NONE', *, *, #986, .T. ) ;
#3823 = EDGE_CURVE ( 'NONE', #2495, #1366, #1047, .T. ) ;
#3824 = CARTESIAN_POINT ( 'NONE',  ( -0.002249999999999999830, 2.755455298081544393E-19, 0.01379999999781504963 ) ) ;
#3825 = LINE ( 'NONE', #867, #4548 ) ;
#3826 = CARTESIAN_POINT ( 'NONE',  ( -0.002683012700000000916, 0.001111340248359256495, 0.002299999998907525326 ) ) ;
#3827 = CARTESIAN_POINT ( 'NONE',  ( 0.002683012700000000049, 0.000000000000000000, 0.009849999998907526047 ) ) ;
#3829 = CARTESIAN_POINT ( 'NONE',  ( 0.002683012700000000916, 0.001111340248359256279, 0.0002999999989075252302 ) ) ;
#3828 = CARTESIAN_POINT ( 'NONE',  ( -0.002250000000000012840, 0.0009319805153394514555, 0.01214999999781505267 ) ) ;
#3830 = ORIENTED_EDGE ( 'NONE', *, *, #1689, .F. ) ;
#3831 = CARTESIAN_POINT ( 'NONE',  ( 0.001590990257669731931, 0.001590990257669731931, 0.01450000000000000074 ) ) ;
#3832 = CARTESIAN_POINT ( 'NONE',  ( 0.002249999999999999830, 0.000000000000000000, 0.0008000000000000000383 ) ) ;
#3833 = CARTESIAN_POINT ( 'NONE',  ( -0.001111340248359257796, -0.002683012700000000049, 0.0007999999989075252949 ) ) ;
#3834 = EDGE_CURVE ( 'NONE', #1243, #3608, #2679, .T. ) ;
#3835 = ORIENTED_EDGE ( 'NONE', *, *, #351, .T. ) ;
#3836 = CARTESIAN_POINT ( 'NONE',  ( -0.001897176474179627838, 0.001897176474179628272, 0.008649999998907524634 ) ) ;
#3837 = CARTESIAN_POINT ( 'NONE',  ( 0.002249999999999999830, 0.000000000000000000, 0.000000000000000000 ) ) ;
#3838 = AXIS2_PLACEMENT_3D ( 'NONE', #3328, #1391, #1417 ) ;
#3839 = DIRECTION ( 'NONE',  ( -0.000000000000000000, -0.000000000000000000, -1.000000000000000000 ) ) ;
#3840 = CARTESIAN_POINT ( 'NONE',  ( 1.642871457563348924E-19, 0.002683012700000000049, 0.008549999998907525239 ) ) ;
#3841 = CARTESIAN_POINT ( 'NONE',  ( -0.001111340248359256062, 0.002683012700000000916, 0.002099999998907525235 ) ) ;
#3842 = EDGE_CURVE ( 'NONE', #2588, #4199, #2050, .T. ) ;
#3843 = AXIS2_PLACEMENT_3D ( 'NONE', #3876, #2715, #3146 ) ;
#3844 = VERTEX_POINT ( 'NONE', #587 ) ;
#3845 = CARTESIAN_POINT ( 'NONE',  ( 1.642871457563348924E-19, 0.002683012700000000049, 0.01564999999890752738 ) ) ;
#3846 = CARTESIAN_POINT ( 'NONE',  ( -4.133182947122316589E-19, -0.002249999999999999830, 0.01239999999781504943 ) ) ;
#3847 = CARTESIAN_POINT ( 'NONE',  ( 0.002683012700000000049, 0.000000000000000000, 0.01154999999890752443 ) ) ;
#3848 = CARTESIAN_POINT ( 'NONE',  ( 0.001590990257669731931, 0.001590990257669731931, 0.01530000000000000110 ) ) ;
#3849 = CARTESIAN_POINT ( 'NONE',  ( -0.002249999999999999830, 2.755455298081544393E-19, 0.008400000000000001216 ) ) ;
#3850 = CARTESIAN_POINT ( 'NONE',  ( 0.001590990257669731497, -0.001590990257669732148, 0.01169999999781505019 ) ) ;
#3851 = LINE ( 'NONE', #3779, #1363 ) ;
#3852 = CARTESIAN_POINT ( 'NONE',  ( -0.001111340248359256062, 0.002683012700000000916, 0.0005999999989075252040 ) ) ;
#3853 = CARTESIAN_POINT ( 'NONE',  ( -0.001897176474179628489, -0.001897176474179627838, 0.01034999999890752649 ) ) ;
#3854 =( BOUNDED_CURVE ( )  B_SPLINE_CURVE ( 2, ( #586, #3084, #3881, #1320, #261, #2385, #3901, #3861, #568 ),
 .UNSPECIFIED., .F., .T. ) 
 B_SPLINE_CURVE_WITH_KNOTS ( ( 3, 2, 2, 2, 3 ),
 ( 0.02499999999999999792, 0.03125000000000000000, 0.03750000000000000555, 0.04375000000000001110, 0.05000000000000001665 ),
 .UNSPECIFIED. ) 
 CURVE ( )  GEOMETRIC_REPRESENTATION_ITEM ( )  RATIONAL_B_SPLINE_CURVE ( ( 1.000000000000000222, 0.9238795325112868495, 1.000000000000000000, 0.9238795325112867385, 1.000000000000000000, 0.9238795325112867385, 1.000000000000000000, 0.9238795325112865164, 1.000000000000000222 ) ) 
 REPRESENTATION_ITEM ( '' )  );
#3855 = CARTESIAN_POINT ( 'NONE',  ( -0.0009319805153394637070, 0.002250000000000000697, 0.01204999999781504981 ) ) ;
#3856 = CARTESIAN_POINT ( 'NONE',  ( 0.002249999999999999830, 2.755455298081544393E-19, 0.01799999999999999864 ) ) ;
#3857 = CARTESIAN_POINT ( 'NONE',  ( -0.002249999999999999830, 2.755455298081544393E-19, 0.008999999997815050917 ) ) ;
#3858 = CARTESIAN_POINT ( 'NONE',  ( -0.002683012700000000916, 0.001111340248359256495, 0.001399999998907525134 ) ) ;
#3859 = CARTESIAN_POINT ( 'NONE',  ( -0.0009319805153394651164, -0.002249999999999999830, 0.008550000000000000308 ) ) ;
#3860 = CARTESIAN_POINT ( 'NONE',  ( 0.001897176474179628272, 0.001897176474179628272, 0.008449999998907524110 ) ) ;
#3861 = CARTESIAN_POINT ( 'NONE',  ( 0.002250000000000001565, -0.0009319805153394638154, 0.001349999997815050801 ) ) ;
#3862 = CARTESIAN_POINT ( 'NONE',  ( -0.001590990257669732148, -0.001590990257669731714, 0.004500000000000000527 ) ) ;
#3863 = CARTESIAN_POINT ( 'NONE',  ( -4.928614372690046772E-19, -0.002683012700000000049, 0.007249999998907525299 ) ) ;
#3864 = ORIENTED_EDGE ( 'NONE', *, *, #784, .T. ) ;
#3865 = CARTESIAN_POINT ( 'NONE',  ( -0.002683012700000000916, 0.001111340248359256495, 0.01419999999890752575 ) ) ;
#3866 = CARTESIAN_POINT ( 'NONE',  ( 0.001111340248359256495, 0.002683012700000000916, 0.01489999999890752325 ) ) ;
#3867 = CARTESIAN_POINT ( 'NONE',  ( 0.002249999999999999830, 0.000000000000000000, 0.01519999999999999997 ) ) ;
#3868 = CARTESIAN_POINT ( 'NONE',  ( 0.0009319805153394645743, -0.002249999999999999830, 0.01264999999999999979 ) ) ;
#3869 = CARTESIAN_POINT ( 'NONE',  ( -4.133182947122316589E-19, -0.002249999999999999830, 0.005999999997815050855 ) ) ;
#3870 = CARTESIAN_POINT ( 'NONE',  ( 0.002683012700000000049, -0.001111340248359258013, 0.01469999999890752446 ) ) ;
#3871 = CARTESIAN_POINT ( 'NONE',  ( 0.001590990257669731931, 0.001590990257669731931, 0.005700000000000000205 ) ) ;
#3872 = CARTESIAN_POINT ( 'NONE',  ( 0.002250000000000011973, -0.0009319805153394526481, 0.01035000000000000156 ) ) ;
#3873 = CARTESIAN_POINT ( 'NONE',  ( -0.001897176474179628489, -0.001897176474179627838, 0.005649999998907525439 ) ) ;
#3874 = CARTESIAN_POINT ( 'NONE',  ( 0.001897176474179628272, 0.001897176474179628272, 0.009149999998907525078 ) ) ;
#3875 = DIRECTION ( 'NONE',  ( -1.000000000000000000, 0.000000000000000000, 0.000000000000000000 ) ) ;
#3876 = CARTESIAN_POINT ( 'NONE',  ( 0.000000000000000000, 0.000000000000000000, 0.03100000000000000325 ) ) ;
#3877 = FACE_BOUND ( 'NONE', #2378, .T. ) ;
#3878 = CARTESIAN_POINT ( 'NONE',  ( -0.002683012700000000916, -0.001111340248359255845, 0.0006999999989075252494 ) ) ;
#3879 = CARTESIAN_POINT ( 'NONE',  ( 0.001111340248359257146, -0.002683012700000000049, 0.003299999998907525781 ) ) ;
#3880 = CARTESIAN_POINT ( 'NONE',  ( 1.642871457563348924E-19, 0.002683012700000000049, 0.01014999999890752423 ) ) ;
#3881 = CARTESIAN_POINT ( 'NONE',  ( -0.001590990257669732148, -0.001590990257669731714, 0.001099999997815050362 ) ) ;
#3882 = CARTESIAN_POINT ( 'NONE',  ( 0.0009319805153394645743, -0.002249999999999999830, 0.003050000000000000194 ) ) ;
#3883 = CARTESIAN_POINT ( 'NONE',  ( 0.001111340248359256495, 0.002683012700000000916, 0.007599999998907525783 ) ) ;
#3884 = CARTESIAN_POINT ( 'NONE',  ( -0.001897176474179627838, 0.001897176474179628272, 0.01574999999890752678 ) ) ;
#3885 = CARTESIAN_POINT ( 'NONE',  ( 0.001897176474179628272, 0.001897176474179628272, 0.01484999999890752528 ) ) ;
#3886 = CARTESIAN_POINT ( 'NONE',  ( -0.001897176474179628489, -0.001897176474179627838, 0.002449999998907525720 ) ) ;
#3887 = CARTESIAN_POINT ( 'NONE',  ( 0.001590990257669731931, 0.001590990257669731931, 0.01370000000000000037 ) ) ;
#3888 = DIRECTION ( 'NONE',  ( -0.000000000000000000, -0.000000000000000000, -1.000000000000000000 ) ) ;
#3889 = CARTESIAN_POINT ( 'NONE',  ( 0.001111340248359256495, 0.002683012700000000916, 0.01409999999890752462 ) ) ;
#3890 = CARTESIAN_POINT ( 'NONE',  ( 0.002249999999999999830, 0.000000000000000000, 0.005599999999999999943 ) ) ;
#3891 = CARTESIAN_POINT ( 'NONE',  ( 0.0009319805153394640322, 0.002250000000000000697, 0.01055000000000000035 ) ) ;
#3892 = CARTESIAN_POINT ( 'NONE',  ( 0.002683012700000000049, -0.001111340248359258013, 0.004299999998907525801 ) ) ;
#3893 = CARTESIAN_POINT ( 'NONE',  ( -4.928614372690046772E-19, -0.002683012700000000049, 0.01044999999890752589 ) ) ;
#3894 = CARTESIAN_POINT ( 'NONE',  ( -0.002249999999999999830, 2.755455298081544393E-19, 0.002000000000000000042 ) ) ;
#3895 = CYLINDRICAL_SURFACE ( 'NONE', #1675, 0.002249999999999999830 ) ;
#3896 = EDGE_CURVE ( 'NONE', #820, #2200, #1559, .T. ) ;
#3897 = CARTESIAN_POINT ( 'NONE',  ( 0.002249999999999987253, 0.0009319805153394767174, 0.01365000000000000241 ) ) ;
#3898 = CARTESIAN_POINT ( 'NONE',  ( -0.002683012700000000916, -0.001111340248359255845, 0.001499999998907525179 ) ) ;
#3899 =( BOUNDED_CURVE ( )  B_SPLINE_CURVE ( 2, ( #632, #4244, #2382, #3859, #1318, #2056, #606, #2806, #3544 ),
 .UNSPECIFIED., .F., .T. ) 
 B_SPLINE_CURVE_WITH_KNOTS ( ( 3, 2, 2, 2, 3 ),
 ( 0.5250000000000001332, 0.5312500000000001110, 0.5375000000000000888, 0.5437499999999999556, 0.5500000000000000444 ),
 .UNSPECIFIED. ) 
 CURVE ( )  GEOMETRIC_REPRESENTATION_ITEM ( )  RATIONAL_B_SPLINE_CURVE ( ( 0.9999999999999986677, 0.9238795325112880708, 1.000000000000000000, 0.9238795325112867385, 1.000000000000000000, 0.9238795325112867385, 1.000000000000000000, 0.9238795325112867385, 1.000000000000000000 ) ) 
 REPRESENTATION_ITEM ( '' )  );
#3900 = CARTESIAN_POINT ( 'NONE',  ( 0.001111340248359256495, 0.002683012700000000916, 0.01009999999890752453 ) ) ;
#3901 = CARTESIAN_POINT ( 'NONE',  ( 0.001590990257669731497, -0.001590990257669732148, 0.001299999997815050237 ) ) ;
#3902 = CARTESIAN_POINT ( 'NONE',  ( 0.002249999999999999830, 0.000000000000000000, 0.006400000000000000307 ) ) ;
#3903 = CARTESIAN_POINT ( 'NONE',  ( -4.928614372690046772E-19, -0.002683012700000000049, 0.005649999998907525439 ) ) ;
#3904 = AXIS2_PLACEMENT_3D ( 'NONE', #569, #4291, #2013 ) ;
#3905 = CARTESIAN_POINT ( 'NONE',  ( 0.001897176474179627622, -0.001897176474179628489, 0.01614999999890752783 ) ) ;
#3906 = CARTESIAN_POINT ( 'NONE',  ( -0.001897176474179627838, 0.001897176474179628272, 0.01584999999890752617 ) ) ;
#3907 = CARTESIAN_POINT ( 'NONE',  ( -0.002683012700000000916, 0.001111340248359256495, 0.001499999998907525179 ) ) ;
#3908 = CARTESIAN_POINT ( 'NONE',  ( 0.001590990257669731931, 0.001590990257669731931, 0.01130000000000000102 ) ) ;
#3909 = DIRECTION ( 'NONE',  ( -1.000000000000000000, 0.000000000000000000, 0.000000000000000000 ) ) ;
#3910 = CARTESIAN_POINT ( 'NONE',  ( -0.002683012700000000049, 3.285742915126697848E-19, 0.01354999999890752448 ) ) ;
#3911 = FACE_OUTER_BOUND ( 'NONE', #2471, .T. ) ;
#3912 = CARTESIAN_POINT ( 'NONE',  ( -0.002249999999999999830, 2.755455298081544393E-19, 0.007399999997815051057 ) ) ;
#3913 = CARTESIAN_POINT ( 'NONE',  ( 0.001111340248359257146, -0.002683012700000000049, 0.005799999998907525399 ) ) ;
#3914 = CARTESIAN_POINT ( 'NONE',  ( 0.002683012700000000916, 0.001111340248359256279, 0.01229999999890752337 ) ) ;
#3915 = CARTESIAN_POINT ( 'NONE',  ( 1.377727649040772196E-19, 0.002249999999999999830, 0.004200000000000000608 ) ) ;
#3916 = CIRCLE ( 'NONE', #1151, 0.005000000000000000104 ) ;
#3917 = ORIENTED_EDGE ( 'NONE', *, *, #288, .T. ) ;
#3918 = DIRECTION ( 'NONE',  ( 0.000000000000000000, 0.000000000000000000, -1.000000000000000000 ) ) ;
#3919 = CARTESIAN_POINT ( 'NONE',  ( 0.0009319805153394645743, -0.002249999999999999830, 0.002849999997815050833 ) ) ;
#3920 = CARTESIAN_POINT ( 'NONE',  ( -0.001111340248359257796, -0.002683012700000000049, 0.005599999998907525742 ) ) ;
#3921 = CARTESIAN_POINT ( 'NONE',  ( 0.002683012700000000049, 0.000000000000000000, 0.002649999998907525377 ) ) ;
#3922 = LINE ( 'NONE', #1275, #2527 ) ;
#3923 = CARTESIAN_POINT ( 'NONE',  ( -0.001897176474179627838, 0.001897176474179628272, 0.009449999998907524998 ) ) ;
#3924 = CARTESIAN_POINT ( 'NONE',  ( -0.001111340248359257796, -0.002683012700000000049, 0.01129999999890752248 ) ) ;
#3925 = CARTESIAN_POINT ( 'NONE',  ( -0.002250000000000000697, -0.0009319805153394634901, 0.009849999997815050978 ) ) ;
#3926 = CARTESIAN_POINT ( 'NONE',  ( -0.0009319805153394637070, 0.002250000000000000697, 0.001850000000000000082 ) ) ;
#3927 = CARTESIAN_POINT ( 'NONE',  ( 0.000000000000000000, 0.000000000000000000, 0.01799999999999999864 ) ) ;
#3928 = CARTESIAN_POINT ( 'NONE',  ( -0.001111340248359257796, -0.002683012700000000049, 0.004799999998907525378 ) ) ;
#3929 =( BOUNDED_CURVE ( )  B_SPLINE_CURVE ( 2, ( #4308, #1719, #2802, #2076, #3540, #1430, #2828, #4284, #253 ),
 .UNSPECIFIED., .F., .T. ) 
 B_SPLINE_CURVE_WITH_KNOTS ( ( 3, 2, 2, 2, 3 ),
 ( 0.8750000000000000000, 0.8812499999999999778, 0.8874999999999999556, 0.8937500000000000444, 0.9000000000000000222 ),
 .UNSPECIFIED. ) 
 CURVE ( )  GEOMETRIC_REPRESENTATION_ITEM ( )  RATIONAL_B_SPLINE_CURVE ( ( 1.000000000000000000, 0.9238795325112867385, 1.000000000000000000, 0.9238795325112867385, 1.000000000000000000, 0.9238795325112867385, 1.000000000000000000, 0.9238795325112867385, 1.000000000000000000 ) ) 
 REPRESENTATION_ITEM ( '' )  );
#3930 = CARTESIAN_POINT ( 'NONE',  ( 1.642871457563348924E-19, 0.002683012700000000049, 0.01404999999890752665 ) ) ;
#3931 = CARTESIAN_POINT ( 'NONE',  ( 0.001111340248359257146, -0.002683012700000000049, 0.01459999999890752506 ) ) ;
#3932 = CARTESIAN_POINT ( 'NONE',  ( 0.001897176474179627622, -0.001897176474179628489, 0.002649999998907525377 ) ) ;
#3933 = PRODUCT_DEFINITION_CONTEXT ( 'detailed design', #2269, 'design' ) ;
#3934 = CARTESIAN_POINT ( 'NONE',  ( 0.002249999999999999830, 0.000000000000000000, 0.01200000000000000025 ) ) ;
#3935 = CARTESIAN_POINT ( 'NONE',  ( -4.928614372690046772E-19, -0.002683012700000000049, 0.01294999999890752464 ) ) ;
#3936 = CARTESIAN_POINT ( 'NONE',  ( -0.001590990257669732148, -0.001590990257669731714, 0.005300000000000000024 ) ) ;
#3937 = LINE ( 'NONE', #2821, #4695 ) ;
#3938 = CARTESIAN_POINT ( 'NONE',  ( 0.002683012700000000916, 0.001111340248359256279, 0.006799999998907525420 ) ) ;
#3939 = CARTESIAN_POINT ( 'NONE',  ( 0.001897176474179627622, -0.001897176474179628489, 0.01454999999890752536 ) ) ;
#3940 = CARTESIAN_POINT ( 'NONE',  ( -0.0009319805153394651164, -0.002249999999999999830, 0.001350000000000000071 ) ) ;
#3941 = ORIENTED_EDGE ( 'NONE', *, *, #3743, .T. ) ;
#3942 = DIRECTION ( 'NONE',  ( -0.000000000000000000, -0.000000000000000000, -1.000000000000000000 ) ) ;
#3943 = CARTESIAN_POINT ( 'NONE',  ( -0.002250000000000000697, -0.0009319805153394634901, 0.0004500000000000000419 ) ) ;
#3944 = CARTESIAN_POINT ( 'NONE',  ( 0.001897176474179628272, 0.001897176474179628272, 0.002749999998907525205 ) ) ;
#3945 = CARTESIAN_POINT ( 'NONE',  ( 0.001897176474179627622, -0.001897176474179628489, 0.003349999998907525478 ) ) ;
#3946 = CARTESIAN_POINT ( 'NONE',  ( 0.001897176474179628272, 0.001897176474179628272, 0.01244999999890752593 ) ) ;
#3947 = ORIENTED_EDGE ( 'NONE', *, *, #2818, .T. ) ;
#3948 = CARTESIAN_POINT ( 'NONE',  ( 0.002683012700000000049, -0.001111340248359258013, 0.01069999999890752611 ) ) ;
#3949 = CARTESIAN_POINT ( 'NONE',  ( -0.002250000000000000697, 0.0009319805153394642491, 0.01214999999781505094 ) ) ;
#3950 = CARTESIAN_POINT ( 'NONE',  ( -0.001590990257669731714, 0.001590990257669731931, 0.008899999997815049788 ) ) ;
#3951 = CARTESIAN_POINT ( 'NONE',  ( 0.001590990257669731931, 0.001590990257669731931, 0.0001000000000000000048 ) ) ;
#3952 = ADVANCED_FACE ( 'NONE', ( #4248 ), #2812, .T. ) ;
#3953 = CARTESIAN_POINT ( 'NONE',  ( 1.642871457563348924E-19, 0.002683012700000000049, 0.005249999998907525257 ) ) ;
#3954 = CARTESIAN_POINT ( 'NONE',  ( 0.002683012700000000916, 0.001111340248359256279, 0.003599999998907525700 ) ) ;
#3955 = CARTESIAN_POINT ( 'NONE',  ( 0.002683012700000000049, 0.000000000000000000, 0.01394999999890752553 ) ) ;
#3956 = CARTESIAN_POINT ( 'NONE',  ( -4.928614372690046772E-19, -0.002683012700000000049, 0.004149999998907524974 ) ) ;
#3957 = CARTESIAN_POINT ( 'NONE',  ( 0.002249999999999999830, -0.0009319805153394653333, 0.01275000000000000092 ) ) ;
#3958 = VERTEX_POINT ( 'NONE', #1321 ) ;
#3959 = CARTESIAN_POINT ( 'NONE',  ( -0.001590990257669732148, -0.001590990257669731714, 0.001099999997815050362 ) ) ;
#3960 = CARTESIAN_POINT ( 'NONE',  ( -0.002249999999999999830, 0.000000000000000000, 0.01799999999999999864 ) ) ;
#3961 = DIRECTION ( 'NONE',  ( -0.000000000000000000, -0.000000000000000000, -1.000000000000000000 ) ) ;
#3962 = CARTESIAN_POINT ( 'NONE',  ( -0.002683012700000000916, 0.001111340248359256495, 0.006299999998907525843 ) ) ;
#3963 = CARTESIAN_POINT ( 'NONE',  ( 0.001897176474179628272, 0.001897176474179628272, 0.01394999999890752553 ) ) ;
#3964 = CARTESIAN_POINT ( 'NONE',  ( 0.002250000000000000697, 0.0009319805153394639238, 0.001649999999999999991 ) ) ;
#3965 = EDGE_CURVE ( 'NONE', #1507, #1335, #2788, .T. ) ;
#3966 = ORIENTED_EDGE ( 'NONE', *, *, #288, .F. ) ;
#3967 = FACE_OUTER_BOUND ( 'NONE', #4742, .T. ) ;
#3968 = CARTESIAN_POINT ( 'NONE',  ( 0.001590990257669731931, 0.001590990257669731931, 0.01370000000000000037 ) ) ;
#3969 = CARTESIAN_POINT ( 'NONE',  ( -0.001111340248359257796, -0.002683012700000000049, 0.004799999998907525378 ) ) ;
#3970 = CARTESIAN_POINT ( 'NONE',  ( -0.001111340248359256062, 0.002683012700000000916, 0.002099999998907525235 ) ) ;
#3971 = CARTESIAN_POINT ( 'NONE',  ( -0.001897176474179628489, -0.001897176474179627838, 0.01124999999890752451 ) ) ;
#3972 = EDGE_LOOP ( 'NONE', ( #1900, #4352, #3398, #1869 ) ) ;
#3973 = CARTESIAN_POINT ( 'NONE',  ( -0.001111340248359256062, 0.002683012700000000916, 0.01179999999890752292 ) ) ;
#3974 = CARTESIAN_POINT ( 'NONE',  ( 0.0009319805153394640322, 0.002250000000000000697, 0.01274999999781505078 ) ) ;
#3975 = DIRECTION ( 'NONE',  ( -1.000000000000000000, 0.000000000000000000, 0.000000000000000000 ) ) ;
#3976 = CARTESIAN_POINT ( 'NONE',  ( 0.0009319805153394640322, 0.002250000000000000697, 0.004150000000000000043 ) ) ;
#3977 = CARTESIAN_POINT ( 'NONE',  ( 0.001897176474179627622, -0.001897176474179628489, 0.008949999998907526289 ) ) ;
#3978 = CARTESIAN_POINT ( 'NONE',  ( 0.001897176474179627622, -0.001897176474179628489, 0.001849999998907525230 ) ) ;
#3979 = LINE ( 'NONE', #760, #467 ) ;
#3980 = CARTESIAN_POINT ( 'NONE',  ( 0.001897176474179628272, 0.001897176474179628272, 0.003649999998907525398 ) ) ;
#3981 = CARTESIAN_POINT ( 'NONE',  ( 0.002683012700000000916, 0.001111340248359256279, 0.001099999998907525214 ) ) ;
#3982 = CARTESIAN_POINT ( 'NONE',  ( -0.002683012700000000049, 3.285742915126697848E-19, 0.007049999998907525642 ) ) ;
#3983 = ORIENTED_EDGE ( 'NONE', *, *, #3183, .F. ) ;
#3984 = CARTESIAN_POINT ( 'NONE',  ( -0.001590990257669732148, -0.001590990257669731714, 0.002699999997815050873 ) ) ;
#3985 = CARTESIAN_POINT ( 'NONE',  ( 0.0009319805153394645743, -0.002249999999999999830, 0.004449999997815050692 ) ) ;
#3986 = CARTESIAN_POINT ( 'NONE',  ( 0.002249999999999999830, 2.755455298081544393E-19, 0.01799999999999999864 ) ) ;
#3987 = CARTESIAN_POINT ( 'NONE',  ( 0.002683012700000000049, -0.001111340248359258013, 0.009099999998907527116 ) ) ;
#3988 = CARTESIAN_POINT ( 'NONE',  ( 0.002683012700000000049, -0.001111340248359258013, 0.01219999999890752744 ) ) ;
#3989 = VECTOR ( 'NONE', #2036, 1.000000000000000000 ) ;
#3990 = CARTESIAN_POINT ( 'NONE',  ( -0.002250000000000000697, 0.0009319805153394642491, 0.003549999999999999770 ) ) ;
#3991 = VERTEX_POINT ( 'NONE', #4270 ) ;
#3992 = CARTESIAN_POINT ( 'NONE',  ( 0.002683012700000000049, -0.001111340248359258013, 0.01539999999890752369 ) ) ;
#3993 = CARTESIAN_POINT ( 'NONE',  ( -0.002249999999999999830, 2.755455298081544393E-19, 0.006000000000000000125 ) ) ;
#3994 = CARTESIAN_POINT ( 'NONE',  ( -0.002683012700000000916, 0.001111340248359256495, 0.005399999998907526085 ) ) ;
#3995 = CARTESIAN_POINT ( 'NONE',  ( -4.928614372690046772E-19, -0.002683012700000000049, 0.004049999998907525579 ) ) ;
#3996 = CARTESIAN_POINT ( 'NONE',  ( 0.001590990257669731931, 0.001590990257669731931, 0.003099999997815050187 ) ) ;
#3997 = CARTESIAN_POINT ( 'NONE',  ( 0.001897176474179627622, -0.001897176474179628489, 0.01224999999890752540 ) ) ;
#3998 = CARTESIAN_POINT ( 'NONE',  ( -0.002250000000000000697, -0.0009319805153394634901, 0.01224999999781505033 ) ) ;
#3999 = CARTESIAN_POINT ( 'NONE',  ( 0.001590990257669731497, -0.001590990257669732148, 0.009499999999999999764 ) ) ;
#4000 = FACE_OUTER_BOUND ( 'NONE', #745, .T. ) ;
#4001 =( BOUNDED_CURVE ( )  B_SPLINE_CURVE ( 2, ( #280, #3897, #3968, #3564, #4309, #2474, #1773, #328, #652 ),
 .UNSPECIFIED., .F., .F. ) 
 B_SPLINE_CURVE_WITH_KNOTS ( ( 3, 2, 2, 2, 3 ),
 ( 0.8500000000000000888, 0.8562500000000000666, 0.8625000000000000444, 0.8687500000000000222, 0.8750000000000000000 ),
 .UNSPECIFIED. ) 
 CURVE ( )  GEOMETRIC_REPRESENTATION_ITEM ( )  RATIONAL_B_SPLINE_CURVE ( ( 0.9999999999999986677, 0.9238795325112880708, 1.000000000000000000, 0.9238795325112867385, 1.000000000000000000, 0.9238795325112867385, 1.000000000000000000, 0.9238795325112867385, 1.000000000000000000 ) ) 
 REPRESENTATION_ITEM ( '' )  );
#4002 = CARTESIAN_POINT ( 'NONE',  ( 0.001111340248359257146, -0.002683012700000000049, 0.008899999998907524856 ) ) ;
#4003 = CARTESIAN_POINT ( 'NONE',  ( 1.642871457563348924E-19, 0.002683012700000000049, 0.001349999998907525220 ) ) ;
#4004 = CARTESIAN_POINT ( 'NONE',  ( -0.002250000000000012840, 0.0009319805153394514555, 0.009749999997815049849 ) ) ;
#4005 = CARTESIAN_POINT ( 'NONE',  ( -0.002683012700000000916, -0.001111340248359255845, 0.004799999998907525378 ) ) ;
#4006 = CARTESIAN_POINT ( 'NONE',  ( 1.642871457563348924E-19, 0.002683012700000000049, 0.001249999998907525174 ) ) ;
#4007 = CARTESIAN_POINT ( 'NONE',  ( -4.928614372690046772E-19, -0.002683012700000000049, 0.005649999998907525439 ) ) ;
#4008 = ORIENTED_EDGE ( 'NONE', *, *, #2335, .T. ) ;
#4009 = CARTESIAN_POINT ( 'NONE',  ( 0.002249999999999999830, 0.000000000000000000, 0.001399999997815050499 ) ) ;
#4010 = CARTESIAN_POINT ( 'NONE',  ( 0.001590990257669731497, -0.001590990257669732148, 0.003699999997815050894 ) ) ;
#4011 = CARTESIAN_POINT ( 'NONE',  ( 1.642871457563348924E-19, 0.002683012700000000049, 0.009349999998907525603 ) ) ;
#4012 = CARTESIAN_POINT ( 'NONE',  ( 0.002683012700000000916, 0.001111340248359256279, 0.01469999999890752619 ) ) ;
#4013 = CARTESIAN_POINT ( 'NONE',  ( -4.133182947122316589E-19, -0.002249999999999999830, 0.004599999999999999922 ) ) ;
#4014 = ORIENTED_EDGE ( 'NONE', *, *, #1468, .T. ) ;
#4015 = CARTESIAN_POINT ( 'NONE',  ( 1.642871457563348924E-19, 0.002683012700000000049, 0.01404999999890752665 ) ) ;
#4016 = DIRECTION ( 'NONE',  ( -0.000000000000000000, -0.000000000000000000, -1.000000000000000000 ) ) ;
#4017 = CARTESIAN_POINT ( 'NONE',  ( 1.642871457563348924E-19, 0.002683012700000000049, 0.005249999998907525257 ) ) ;
#4018 = CARTESIAN_POINT ( 'NONE',  ( -0.002249999999999999830, 2.755455298081544393E-19, 0.003399999997815050107 ) ) ;
#4019 = ORIENTED_EDGE ( 'NONE', *, *, #3675, .F. ) ;
#4020 = CARTESIAN_POINT ( 'NONE',  ( 0.001897176474179627622, -0.001897176474179628489, 0.01064999999890752468 ) ) ;
#4021 = CARTESIAN_POINT ( 'NONE',  ( 0.001590990257669731931, 0.001590990257669731931, 0.01509999999781505044 ) ) ;
#4022 = CARTESIAN_POINT ( 'NONE',  ( 0.002250000000000011973, -0.0009319805153394526481, 0.01414999999781505445 ) ) ;
#4023 = CARTESIAN_POINT ( 'NONE',  ( -0.002249999999999999830, 2.755455298081544393E-19, 0.006599999997815050694 ) ) ;
#4024 = CARTESIAN_POINT ( 'NONE',  ( 0.002683012700000000049, 0.000000000000000000, 0.009849999998907526047 ) ) ;
#4025 = EDGE_CURVE ( 'NONE', #3958, #2884, #2744, .T. ) ;
#4026 = CARTESIAN_POINT ( 'NONE',  ( -0.002683012700000000916, -0.001111340248359255845, 0.002399999998907525588 ) ) ;
#4027 =( BOUNDED_CURVE ( )  B_SPLINE_CURVE ( 2, ( #703, #4336, #2153, #228, #3216, #2783, #1672, #962, #2854 ),
 .UNSPECIFIED., .F., .F. ) 
 B_SPLINE_CURVE_WITH_KNOTS ( ( 3, 2, 2, 2, 3 ),
 ( 0.7750000000000000222, 0.7812500000000000000, 0.7874999999999999778, 0.7937499999999999556, 0.8000000000000000444 ),
 .UNSPECIFIED. ) 
 CURVE ( )  GEOMETRIC_REPRESENTATION_ITEM ( )  RATIONAL_B_SPLINE_CURVE ( ( 1.000000000000000000, 0.9238795325112867385, 1.000000000000000000, 0.9238795325112867385, 1.000000000000000000, 0.9238795325112867385, 1.000000000000000000, 0.9238795325112867385, 1.000000000000000000 ) ) 
 REPRESENTATION_ITEM ( '' )  );
#4028 = CARTESIAN_POINT ( 'NONE',  ( 0.001590990257669731931, 0.001590990257669731931, 0.01130000000000000102 ) ) ;
#4029 = CARTESIAN_POINT ( 'NONE',  ( 0.001111340248359256495, 0.002683012700000000916, 0.006899999998907525682 ) ) ;
#4030 = CARTESIAN_POINT ( 'NONE',  ( 0.001897176474179628272, 0.001897176474179628272, 0.0003499999989075251988 ) ) ;
#4031 = CARTESIAN_POINT ( 'NONE',  ( -0.002250000000000000697, -0.0009319805153394634901, 0.002649999997815050308 ) ) ;
#4032 = CARTESIAN_POINT ( 'NONE',  ( -0.001111340248359257796, -0.002683012700000000049, 0.008799999998907525461 ) ) ;
#4033 = CARTESIAN_POINT ( 'NONE',  ( -0.001590990257669731714, 0.001590990257669731931, 0.004899999997815050572 ) ) ;
#4034 = CARTESIAN_POINT ( 'NONE',  ( -0.002683012700000000916, -0.001111340248359255845, 0.008799999998907525461 ) ) ;
#4035 = CARTESIAN_POINT ( 'NONE',  ( 0.002250000000000000697, 0.0009319805153394639238, 0.01264999999781505138 ) ) ;
#4036 = CARTESIAN_POINT ( 'NONE',  ( 0.0009319805153394645743, -0.002249999999999999830, 0.005449999999999999983 ) ) ;
#4037 = ORIENTED_EDGE ( 'NONE', *, *, #2085, .T. ) ;
#4038 = CARTESIAN_POINT ( 'NONE',  ( 0.001897176474179627622, -0.001897176474179628489, 0.01294999999890752637 ) ) ;
#4039 = CARTESIAN_POINT ( 'NONE',  ( -0.002249999999999999830, 2.755455298081544393E-19, 0.007399999997815051057 ) ) ;
#4040 = CARTESIAN_POINT ( 'NONE',  ( 0.002249999999999999830, -0.0009319805153394653333, 0.007950000000000000469 ) ) ;
#4041 = CARTESIAN_POINT ( 'NONE',  ( -0.002683012700000000916, 0.001111340248359256495, 0.007799999998907525441 ) ) ;
#4042 = EDGE_CURVE ( 'NONE', #1007, #3501, #3760, .T. ) ;
#4043 = ORIENTED_EDGE ( 'NONE', *, *, #2447, .F. ) ;
#4044 = ADVANCED_FACE ( 'NONE', ( #2431 ), #993, .F. ) ;
#4045 = LINE ( 'NONE', #1462, #94 ) ;
#4046 = CARTESIAN_POINT ( 'NONE',  ( 0.001590990257669731931, 0.001590990257669731931, 0.01349999999781504971 ) ) ;
#4047 = CYLINDRICAL_SURFACE ( 'NONE', #232, 0.002249999999999999830 ) ;
#4048 = CARTESIAN_POINT ( 'NONE',  ( 0.0009319805153394645743, -0.002249999999999999830, 0.002250000000000000697 ) ) ;
#4049 = CARTESIAN_POINT ( 'NONE',  ( -0.001111340248359257796, -0.002683012700000000049, 0.01039999999890752619 ) ) ;
#4050 = ORIENTED_EDGE ( 'NONE', *, *, #1380, .F. ) ;
#4051 = CARTESIAN_POINT ( 'NONE',  ( -0.001897176474179628489, -0.001897176474179627838, 0.004049999998907525579 ) ) ;
#4052 = CARTESIAN_POINT ( 'NONE',  ( -0.002249999999999999830, 2.755455298081544393E-19, 0.01560000000000000102 ) ) ;
#4053 = CARTESIAN_POINT ( 'NONE',  ( 0.002683012700000000049, 0.000000000000000000, 0.005949999998907525359 ) ) ;
#4054 = CARTESIAN_POINT ( 'NONE',  ( 0.0009319805153394645743, -0.002249999999999999830, 0.01584999999999999951 ) ) ;
#4055 = CARTESIAN_POINT ( 'NONE',  ( -0.001111340248359257796, -0.002683012700000000049, 0.005599999998907525742 ) ) ;
#4056 = VERTEX_POINT ( 'NONE', #3902 ) ;
#4057 = CARTESIAN_POINT ( 'NONE',  ( -0.001111340248359256062, 0.002683012700000000916, 0.01579999999890752474 ) ) ;
#4058 = CARTESIAN_POINT ( 'NONE',  ( -0.001111340248359256062, 0.002683012700000000916, 0.01009999999890752800 ) ) ;
#4059 = CARTESIAN_POINT ( 'NONE',  ( -0.002249999999999999830, 2.755455298081544393E-19, 0.004199999997815050470 ) ) ;
#4060 = CARTESIAN_POINT ( 'NONE',  ( 0.002683012700000000049, 0.000000000000000000, 0.009149999998907525078 ) ) ;
#4061 = CARTESIAN_POINT ( 'NONE',  ( 0.000000000000000000, 0.000000000000000000, 0.01799999999999999864 ) ) ;
#4062 = CARTESIAN_POINT ( 'NONE',  ( -0.002250000000000000697, 0.0009319805153394642491, 0.007550000000000001155 ) ) ;
#4063 = AXIS2_PLACEMENT_3D ( 'NONE', #1669, #4560, #3875 ) ;
#4064 = CARTESIAN_POINT ( 'NONE',  ( -0.001111340248359256062, 0.002683012700000000916, 0.01489999999890752672 ) ) ;
#4065 = CARTESIAN_POINT ( 'NONE',  ( -0.002249999999999999830, 2.755455298081544393E-19, 0.006800000000000000488 ) ) ;
#4066 = CARTESIAN_POINT ( 'NONE',  ( -0.0009319805153394651164, -0.002249999999999999830, 0.01175000000000000003 ) ) ;
#4067 = CARTESIAN_POINT ( 'NONE',  ( 0.001111340248359256495, 0.002683012700000000916, 0.008399999998907526147 ) ) ;
#4068 = CARTESIAN_POINT ( 'NONE',  ( -0.002249999999999999830, 2.755455298081544393E-19, 0.007399999997815051057 ) ) ;
#4069 = ORIENTED_EDGE ( 'NONE', *, *, #4251, .F. ) ;
#4070 = AXIS2_PLACEMENT_3D ( 'NONE', #2126, #4724, #1403 ) ;
#4071 = CARTESIAN_POINT ( 'NONE',  ( 0.001111340248359257146, -0.002683012700000000049, 0.01619999999890752579 ) ) ;
#4072 = CARTESIAN_POINT ( 'NONE',  ( -0.001590990257669732148, -0.001590990257669731714, 0.01469999999781505112 ) ) ;
#4073 = CIRCLE ( 'NONE', #4307, 0.004000000000000000083 ) ;
#4074 = CARTESIAN_POINT ( 'NONE',  ( -0.001111340248359256062, 0.002683012700000000916, 0.01089999999890752490 ) ) ;
#4075 = ORIENTED_EDGE ( 'NONE', *, *, #75, .F. ) ;
#4076 = CARTESIAN_POINT ( 'NONE',  ( 0.001897176474179627622, -0.001897176474179628489, 0.005849999998907525964 ) ) ;
#4077 = CARTESIAN_POINT ( 'NONE',  ( 0.001590990257669731497, -0.001590990257669732148, 0.01249999999781505056 ) ) ;
#4078 = DIRECTION ( 'NONE',  ( -0.000000000000000000, -0.000000000000000000, -1.000000000000000000 ) ) ;
#4079 = CARTESIAN_POINT ( 'NONE',  ( -4.928614372690046772E-19, -0.002683012700000000049, 0.006549999998907526065 ) ) ;
#4080 = CARTESIAN_POINT ( 'NONE',  ( -0.0009319805153394651164, -0.002249999999999999830, 0.01415000000000000112 ) ) ;
#4081 = CARTESIAN_POINT ( 'NONE',  ( 1.642871457563348924E-19, 0.002683012700000000049, 0.006849999998907525117 ) ) ;
#4082 = CARTESIAN_POINT ( 'NONE',  ( -0.001111340248359256062, 0.002683012700000000916, 0.01329999999890752772 ) ) ;
#4083 = CARTESIAN_POINT ( 'NONE',  ( 0.002683012700000000049, -0.001111340248359258013, 0.009799999998907526350 ) ) ;
#4084 = CARTESIAN_POINT ( 'NONE',  ( -0.002250000000000000697, -0.0009319805153394634901, 0.004249999997815050168 ) ) ;
#4085 = CARTESIAN_POINT ( 'NONE',  ( -0.001111340248359256062, 0.002683012700000000916, 0.009399999998907525300 ) ) ;
#4086 = DIRECTION ( 'NONE',  ( 0.000000000000000000, 0.000000000000000000, 1.000000000000000000 ) ) ;
#4087 = CARTESIAN_POINT ( 'NONE',  ( -0.0009319805153394637070, 0.002250000000000000697, 0.005850000000000000165 ) ) ;
#4088 =( BOUNDED_CURVE ( )  B_SPLINE_CURVE ( 2, ( #4544, #1162, #3380, #482, #505, #1539, #2262, #2613, #2637 ),
 .UNSPECIFIED., .F., .T. ) 
 B_SPLINE_CURVE_WITH_KNOTS ( ( 3, 2, 2, 2, 3 ),
 ( 0.9000000000000000222, 0.9062500000000000000, 0.9124999999999999778, 0.9187499999999999556, 0.9250000000000000444 ),
 .UNSPECIFIED. ) 
 CURVE ( )  GEOMETRIC_REPRESENTATION_ITEM ( )  RATIONAL_B_SPLINE_CURVE ( ( 1.000000000000000000, 0.9238795325112867385, 1.000000000000000000, 0.9238795325112867385, 1.000000000000000000, 0.9238795325112867385, 1.000000000000000000, 0.9238795325112867385, 1.000000000000000000 ) ) 
 REPRESENTATION_ITEM ( '' )  );
#4089 = CARTESIAN_POINT ( 'NONE',  ( -0.002683012700000000916, -0.001111340248359255845, 0.01349999999890752651 ) ) ;
#4090 = CARTESIAN_POINT ( 'NONE',  ( 0.002249999999999999830, 0.000000000000000000, 0.01119999999999999989 ) ) ;
#4091 = CARTESIAN_POINT ( 'NONE',  ( -0.002249999999999999830, 2.755455298081544393E-19, 0.01160000000000000094 ) ) ;
#4092 = CARTESIAN_POINT ( 'NONE',  ( -0.001111340248359256062, 0.002683012700000000916, 0.006099999998907525318 ) ) ;
#4093 = CARTESIAN_POINT ( 'NONE',  ( -0.001897176474179627838, 0.001897176474179628272, 0.01504999999890752581 ) ) ;
#4094 = CARTESIAN_POINT ( 'NONE',  ( -0.0009319805153394637070, 0.002250000000000000697, 0.01284999999781505017 ) ) ;
#4095 = CARTESIAN_POINT ( 'NONE',  ( -0.002249999999999999830, 2.755455298081544393E-19, 0.009799999997815049546 ) ) ;
#4096 = EDGE_CURVE ( 'NONE', #3321, #820, #231, .T. ) ;
#4097 = CARTESIAN_POINT ( 'NONE',  ( -0.001111340248359257796, -0.002683012700000000049, 0.01199999999890752518 ) ) ;
#4098 = CARTESIAN_POINT ( 'NONE',  ( 0.002683012700000000916, 0.001111340248359256279, 0.004399999998907525196 ) ) ;
#4099 = CARTESIAN_POINT ( 'NONE',  ( 1.377727649040772196E-19, 0.002249999999999999830, 0.006399999997815051037 ) ) ;
#4100 = EDGE_CURVE ( 'NONE', #422, #3256, #2175, .T. ) ;
#4101 = CARTESIAN_POINT ( 'NONE',  ( 0.002249999999999999830, 0.000000000000000000, 0.01200000000000000025 ) ) ;
#4102 = CARTESIAN_POINT ( 'NONE',  ( 0.002683012700000000049, 0.000000000000000000, 0.005149999998907525862 ) ) ;
#4103 = CARTESIAN_POINT ( 'NONE',  ( 0.001111340248359256495, 0.002683012700000000916, 0.003599999998907525266 ) ) ;
#4104 = ORIENTED_EDGE ( 'NONE', *, *, #2818, .F. ) ;
#4105 = CARTESIAN_POINT ( 'NONE',  ( -0.002683012700000000916, 0.001111340248359256495, 0.01179999999890752639 ) ) ;
#4106 = CARTESIAN_POINT ( 'NONE',  ( -0.001897176474179628489, -0.001897176474179627838, 0.008749999998907525764 ) ) ;
#4107 = CARTESIAN_POINT ( 'NONE',  ( 0.002250000000000000697, 0.0009319805153394639238, 0.009449999997815049929 ) ) ;
#4108 = CARTESIAN_POINT ( 'NONE',  ( -0.002683012700000000049, 3.285742915126697848E-19, 0.01274999999890752585 ) ) ;
#4109 = LINE ( 'NONE', #61, #3463 ) ;
#4110 = CARTESIAN_POINT ( 'NONE',  ( 1.377727649040772196E-19, 0.002249999999999999830, 0.005000000000000000104 ) ) ;
#4111 = ORIENTED_EDGE ( 'NONE', *, *, #4315, .F. ) ;
#4112 = CARTESIAN_POINT ( 'NONE',  ( -0.001111340248359256062, 0.002683012700000000916, 0.01569999999890752534 ) ) ;
#4113 = CARTESIAN_POINT ( 'NONE',  ( -0.002249999999999999830, 2.755455298081544393E-19, 0.004999999997815050834 ) ) ;
#4114 = CARTESIAN_POINT ( 'NONE',  ( -0.002249999999999999830, 2.755455298081544393E-19, 0.004400000000000000265 ) ) ;
#4115 = CARTESIAN_POINT ( 'NONE',  ( -0.001111340248359257796, -0.002683012700000000049, 0.006399999998907525238 ) ) ;
#4116 = ADVANCED_FACE ( 'NONE', ( #3644 ), #3296, .F. ) ;
#4117 = ORIENTED_EDGE ( 'NONE', *, *, #3965, .F. ) ;
#4118 = DIRECTION ( 'NONE',  ( -0.000000000000000000, -0.000000000000000000, -1.000000000000000000 ) ) ;
#4119 = CARTESIAN_POINT ( 'NONE',  ( -0.0009319805153394651164, -0.002249999999999999830, 0.01554999999781505118 ) ) ;
#4120 = CARTESIAN_POINT ( 'NONE',  ( 0.002249999999999999830, 0.000000000000000000, 0.009600000000000000894 ) ) ;
#4121 = CARTESIAN_POINT ( 'NONE',  ( -0.001111340248359257796, -0.002683012700000000049, 0.01119999999890752655 ) ) ;
#4122 = CARTESIAN_POINT ( 'NONE',  ( 0.002683012700000000049, -0.001111340248359258013, 0.005099999998907525298 ) ) ;
#4123 = CARTESIAN_POINT ( 'NONE',  ( -0.0009319805153394651164, -0.002249999999999999830, 0.01234999999781504973 ) ) ;
#4124 = CARTESIAN_POINT ( 'NONE',  ( 0.001590990257669731497, -0.001590990257669732148, 0.01489999999781504991 ) ) ;
#4125 = CARTESIAN_POINT ( 'NONE',  ( -0.002683012700000000049, 3.285742915126697848E-19, 0.008749999998907525764 ) ) ;
#4126 = CARTESIAN_POINT ( 'NONE',  ( 0.001897176474179627622, -0.001897176474179628489, 0.001749999998907525185 ) ) ;
#4127 = CARTESIAN_POINT ( 'NONE',  ( 0.001897176474179628272, 0.001897176474179628272, 0.01154999999890752617 ) ) ;
#4128 = CARTESIAN_POINT ( 'NONE',  ( -0.002683012700000000916, -0.001111340248359255845, 0.009499999998907526430 ) ) ;
#4129 = CARTESIAN_POINT ( 'NONE',  ( -0.002249999999999999830, 2.755455298081544393E-19, 0.007399999997815051057 ) ) ;
#4130 = CARTESIAN_POINT ( 'NONE',  ( -0.002683012700000000916, -0.001111340248359255845, 0.01199999999890752518 ) ) ;
#4131 = DIRECTION ( 'NONE',  ( 0.000000000000000000, 1.000000000000000000, -0.000000000000000000 ) ) ;
#4132 = CARTESIAN_POINT ( 'NONE',  ( 0.001590990257669731931, 0.001590990257669731931, 0.008899999999999999925 ) ) ;
#4133 = CARTESIAN_POINT ( 'NONE',  ( 0.002249999999999999830, 0.000000000000000000, 0.004599999997815050652 ) ) ;
#4134 = CARTESIAN_POINT ( 'NONE',  ( 0.002249999999999999830, 0.000000000000000000, 0.009399999997815050232 ) ) ;
#4135 = CARTESIAN_POINT ( 'NONE',  ( 0.001897176474179627622, -0.001897176474179628489, 0.001049999998907525083 ) ) ;
#4136 = CARTESIAN_POINT ( 'NONE',  ( 0.001111340248359256495, 0.002683012700000000916, 0.007599999998907525783 ) ) ;
#4137 = CARTESIAN_POINT ( 'NONE',  ( -0.002250000000000000697, -0.0009319805153394634901, 0.0004500000000000000419 ) ) ;
#4138 = VECTOR ( 'NONE', #3355, 1.000000000000000000 ) ;
#4139 = CARTESIAN_POINT ( 'NONE',  ( -0.002683012700000000049, 3.285742915126697848E-19, 0.01514999999890752520 ) ) ;
#4140 = CARTESIAN_POINT ( 'NONE',  ( -0.001897176474179628489, -0.001897176474179627838, 0.01604999999890752843 ) ) ;
#4141 = FACE_OUTER_BOUND ( 'NONE', #3280, .T. ) ;
#4142 = CARTESIAN_POINT ( 'NONE',  ( 1.377727649040772196E-19, 0.002249999999999999830, 0.003400000000000000244 ) ) ;
#4143 = VECTOR ( 'NONE', #1206, 1.000000000000000000 ) ;
#4144 = VECTOR ( 'NONE', #2397, 1.000000000000000000 ) ;
#4145 = CARTESIAN_POINT ( 'NONE',  ( 0.002683012700000000049, 0.000000000000000000, 0.005949999998907525359 ) ) ;
#4146 = CARTESIAN_POINT ( 'NONE',  ( 0.001590990257669731931, 0.001590990257669731931, 0.01109999999781505035 ) ) ;
#4147 = CARTESIAN_POINT ( 'NONE',  ( 0.002249999999999999830, 0.000000000000000000, 0.01600000000000000033 ) ) ;
#4148 = CARTESIAN_POINT ( 'NONE',  ( -0.002683012700000000916, -0.001111340248359255845, 0.009599999998907527560 ) ) ;
#4149 = CARTESIAN_POINT ( 'NONE',  ( 0.001897176474179627622, -0.001897176474179628489, 0.004149999998907525842 ) ) ;
#4150 = AXIS2_PLACEMENT_3D ( 'NONE', #2502, #4318, #3975 ) ;
#4151 = VERTEX_POINT ( 'NONE', #2944 ) ;
#4152 = CARTESIAN_POINT ( 'NONE',  ( -0.002683012700000000916, 0.001111340248359256495, 0.01259999999890752502 ) ) ;
#4153 = CARTESIAN_POINT ( 'NONE',  ( 0.002249999999999999830, 0.000000000000000000, 0.006999999997815050876 ) ) ;
#4154 = CARTESIAN_POINT ( 'NONE',  ( 0.001897176474179628272, 0.001897176474179628272, 0.01164999999890752556 ) ) ;
#4155 = DIRECTION ( 'NONE',  ( -0.000000000000000000, -0.000000000000000000, -1.000000000000000000 ) ) ;
#4156 = CARTESIAN_POINT ( 'NONE',  ( 0.002250000000000000697, 0.0009319805153394639238, 0.008049999999999999864 ) ) ;
#4157 =( BOUNDED_CURVE ( )  B_SPLINE_CURVE ( 2, ( #4529, #2669, #3393, #1221, #2348, #90, #1527, #1962, #866 ),
 .UNSPECIFIED., .F., .F. ) 
 B_SPLINE_CURVE_WITH_KNOTS ( ( 3, 2, 2, 2, 3 ),
 ( 0.05000000000000001665, 0.05625000000000001527, 0.06250000000000001388, 0.06875000000000001943, 0.07500000000000001110 ),
 .UNSPECIFIED. ) 
 CURVE ( )  GEOMETRIC_REPRESENTATION_ITEM ( )  RATIONAL_B_SPLINE_CURVE ( ( 0.9999999999999997780, 0.9238795325112869605, 1.000000000000000000, 0.9238795325112867385, 1.000000000000000000, 0.9238795325112867385, 1.000000000000000000, 0.9238795325112865164, 1.000000000000000222 ) ) 
 REPRESENTATION_ITEM ( '' )  );
#4158 = CARTESIAN_POINT ( 'NONE',  ( 0.0009319805153394640322, 0.002250000000000000697, 0.01354999999781505114 ) ) ;
#4159 = CYLINDRICAL_SURFACE ( 'NONE', #3696, 0.002249999999999999830 ) ;
#4160 = CARTESIAN_POINT ( 'NONE',  ( -0.001897176474179627838, 0.001897176474179628272, 0.002249999998907525195 ) ) ;
#4161 = CARTESIAN_POINT ( 'NONE',  ( -0.001897176474179628489, -0.001897176474179627838, 0.01194999999890752548 ) ) ;
#4162 = ADVANCED_FACE ( 'NONE', ( #2159 ), #383, .F. ) ;
#4163 = CARTESIAN_POINT ( 'NONE',  ( -0.001590990257669731714, 0.001590990257669731931, 0.0003000000000000000279 ) ) ;
#4164 = CARTESIAN_POINT ( 'NONE',  ( 0.002250000000000000697, 0.0009319805153394639238, 0.01444999999999999930 ) ) ;
#4165 = CARTESIAN_POINT ( 'NONE',  ( 0.001590990257669731497, -0.001590990257669732148, 0.004499999997815050390 ) ) ;
#4166 = CYLINDRICAL_SURFACE ( 'NONE', #2377, 0.002249999999999999830 ) ;
#4167 = CARTESIAN_POINT ( 'NONE',  ( 0.002683012700000000049, -0.001111340248359258013, 0.008299999998907525017 ) ) ;
#4168 = CARTESIAN_POINT ( 'NONE',  ( 0.0009319805153394640322, 0.002250000000000000697, 0.006349999997815052206 ) ) ;
#4169 = CARTESIAN_POINT ( 'NONE',  ( -0.001590990257669732148, -0.001590990257669731714, 0.01469999999781505112 ) ) ;
#4170 = CARTESIAN_POINT ( 'NONE',  ( -0.001111340248359257796, -0.002683012700000000049, 0.008899999998907524856 ) ) ;
#4171 = ADVANCED_FACE ( 'NONE', ( #3694 ), #1110, .F. ) ;
#4172 = CARTESIAN_POINT ( 'NONE',  ( -4.928614372690046772E-19, -0.002683012700000000049, 0.001649999998907525139 ) ) ;
#4173 = EDGE_LOOP ( 'NONE', ( #4499, #3338, #4464, #2907 ) ) ;
#4174 = ORIENTED_EDGE ( 'NONE', *, *, #1328, .F. ) ;
#4175 = CARTESIAN_POINT ( 'NONE',  ( -0.001897176474179627838, 0.001897176474179628272, 0.01174999999890752496 ) ) ;
#4176 = CARTESIAN_POINT ( 'NONE',  ( 0.001590990257669731497, -0.001590990257669732148, 0.006899999997815050613 ) ) ;
#4177 = CARTESIAN_POINT ( 'NONE',  ( -0.002683012700000000049, 3.285742915126697848E-19, 0.01194999999890752548 ) ) ;
#4178 = CARTESIAN_POINT ( 'NONE',  ( -4.928614372690046772E-19, -0.002683012700000000049, 0.0009499999989075252546 ) ) ;
#4179 = CARTESIAN_POINT ( 'NONE',  ( -0.0009319805153394637070, 0.002250000000000000697, 0.008250000000000000389 ) ) ;
#4180 = EDGE_LOOP ( 'NONE', ( #2150, #3663, #2286, #369 ) ) ;
#4181 = CARTESIAN_POINT ( 'NONE',  ( -0.002683012700000000916, -0.001111340248359255845, 0.01589999999890752760 ) ) ;
#4182 = DIRECTION ( 'NONE',  ( 1.000000000000000000, 0.000000000000000000, -0.000000000000000000 ) ) ;
#4183 = CARTESIAN_POINT ( 'NONE',  ( -0.001111340248359256062, 0.002683012700000000916, 0.001399999998907525568 ) ) ;
#4184 = CARTESIAN_POINT ( 'NONE',  ( -0.002683012700000000916, 0.001111340248359256495, 0.01179999999890752639 ) ) ;
#4185 =( BOUNDED_CURVE ( )  B_SPLINE_CURVE ( 2, ( #226, #1632, #2007, #3123, #4511, #4535, #2027, #3445, #3782 ),
 .UNSPECIFIED., .F., .F. ) 
 B_SPLINE_CURVE_WITH_KNOTS ( ( 3, 2, 2, 2, 3 ),
 ( 0.1000000000000000056, 0.1062499999999999972, 0.1125000000000000028, 0.1187499999999999944, 0.1250000000000000000 ),
 .UNSPECIFIED. ) 
 CURVE ( )  GEOMETRIC_REPRESENTATION_ITEM ( )  RATIONAL_B_SPLINE_CURVE ( ( 1.000000000000000000, 0.9238795325112867385, 1.000000000000000000, 0.9238795325112867385, 1.000000000000000000, 0.9238795325112867385, 1.000000000000000000, 0.9238795325112867385, 1.000000000000000000 ) ) 
 REPRESENTATION_ITEM ( '' )  );
#4186 = ADVANCED_FACE ( 'NONE', ( #4709 ), #360, .F. ) ;
#4187 = CARTESIAN_POINT ( 'NONE',  ( -0.001590990257669731714, 0.001590990257669731931, 0.001100000000000000066 ) ) ;
#4188 = EDGE_CURVE ( 'NONE', #63, #3656, #3165, .T. ) ;
#4189 = CARTESIAN_POINT ( 'NONE',  ( -0.002249999999999999830, 2.755455298081544393E-19, 0.009199999999999999845 ) ) ;
#4190 = CARTESIAN_POINT ( 'NONE',  ( -0.002249999999999999830, 2.755455298081544393E-19, 0.004199999997815050470 ) ) ;
#4191 = CARTESIAN_POINT ( 'NONE',  ( -0.001111340248359257796, -0.002683012700000000049, 0.002399999998907525588 ) ) ;
#4192 = EDGE_CURVE ( 'NONE', #1658, #216, #2044, .T. ) ;
#4193 = ORIENTED_EDGE ( 'NONE', *, *, #690, .F. ) ;
#4194 = CARTESIAN_POINT ( 'NONE',  ( 0.001897176474179627622, -0.001897176474179628489, 0.009849999998907524312 ) ) ;
#4195 = DIRECTION ( 'NONE',  ( 0.000000000000000000, 0.000000000000000000, 1.000000000000000000 ) ) ;
#4196 = CARTESIAN_POINT ( 'NONE',  ( -0.002249999999999999830, 0.000000000000000000, 0.01799999999999999864 ) ) ;
#4197 = CARTESIAN_POINT ( 'NONE',  ( -4.928614372690046772E-19, -0.002683012700000000049, 0.008149999998907525925 ) ) ;
#4198 = CARTESIAN_POINT ( 'NONE',  ( 0.001897176474179627622, -0.001897176474179628489, 0.003349999998907525478 ) ) ;
#4199 = VERTEX_POINT ( 'NONE', #2889 ) ;
#4200 = EDGE_LOOP ( 'NONE', ( #549, #2413, #1831, #3966 ) ) ;
#4201 = ORIENTED_EDGE ( 'NONE', *, *, #4192, .F. ) ;
#4202 = CARTESIAN_POINT ( 'NONE',  ( 0.001111340248359256495, 0.002683012700000000916, 0.01559999999890752595 ) ) ;
#4203 = CARTESIAN_POINT ( 'NONE',  ( -0.001590990257669732148, -0.001590990257669731714, 0.01069999999781505104 ) ) ;
#4204 = CARTESIAN_POINT ( 'NONE',  ( -4.928614372690046772E-19, -0.002683012700000000049, 0.01054999999890752528 ) ) ;
#4205 = CYLINDRICAL_SURFACE ( 'NONE', #243, 0.002249999999999999830 ) ;
#4206 = CARTESIAN_POINT ( 'NONE',  ( -0.001590990257669732148, -0.001590990257669731714, 0.007700000000000000247 ) ) ;
#4207 = CARTESIAN_POINT ( 'NONE',  ( 0.0009319805153394640322, 0.002250000000000000697, 0.002550000000000000183 ) ) ;
#4208 = CARTESIAN_POINT ( 'NONE',  ( -0.001590990257669731714, 0.001590990257669731931, 0.004899999997815050572 ) ) ;
#4209 = CARTESIAN_POINT ( 'NONE',  ( 0.002249999999999999830, 0.000000000000000000, 0.01179999999781504959 ) ) ;
#4210 = CARTESIAN_POINT ( 'NONE',  ( -0.002683012700000000916, 0.001111340248359256495, 0.001499999998907525179 ) ) ;
#4211 = CARTESIAN_POINT ( 'NONE',  ( -0.001111340248359256062, 0.002683012700000000916, 0.01009999999890752800 ) ) ;
#4212 = CARTESIAN_POINT ( 'NONE',  ( -0.002249999999999999830, 2.755455298081544393E-19, 0.0004000000000000000192 ) ) ;
#4213 = ORIENTED_EDGE ( 'NONE', *, *, #2688, .T. ) ;
#4214 =( BOUNDED_SURFACE ( )  B_SPLINE_SURFACE ( 1, 2, ( 
 ( #1605, #3829, #1875, #1991, #874, #99, #3402, #502, #1948, #3426, #146, #4540, #3082, #4565, #3800, #4531, #4583, #654, #1032, #3172, #4703, #4654, #1339, #1384, #2079, #4727, #605, #2805, #2103, #584, #3566, #3196, #282, #3242, #989, #4633, #2856, #3970, #4311, #2785, #1747, #4338, #2129, #3612, #3586, #2451, #330, #1406, #3921, #2881, #2427, #631, #945, #1722, #305, #4677, #3543, #3218, #256, #2408, #2033, #3879, #3945, #230, #1674, #4267, #964, #1699, #1357, #2831, #1010, #2476, #2254, #1459, #3344, #449, #3995, #4463, #3639, #355, #1799, #3268, #1433, #4390, #959, #2401, #2849, #459, #2243, #1887, #3358, #2268, #3384, #389, #1095, #1446, #1838, #35, #1073, #1861, #2535, #4373, #1117, #3649, #736, #1809, #2587, #4055, #4007, #4716, #714, #2168, #367, #4427, #1142, #2509, #1786, #3278, #1472, #4740, #2191, #2951, #3255, #1420, #10, #413, #2618, #763, #2217, #3701, #3599, #3626, #4081, #2926, #4403, #3331, #3982, #2897, #789, #1763, #56, #1496, #2977, #318, #4450, #3230, #1394, #2869, #4351, #1046, #689, #2142, #341, #1627, #1287, #3002, #3361, #768, #1840, #2664, #4479, #3044, #3387, #2219, #1547, #1145, #1935, #83, #462, #3309, #4106, #4032, #1168, #739, #2643, #3025, #2195, #131, #3746, #58, #2622, #1915, #4501, #1475, #1191, #4128, #1864, #834, #3772, #1568, #4524, #4083, #2954, #3678, #1119, #791, #2590, #4058, #3333, #4453, #1757, #4312, #3386, #1519, #1594, #2342, #1914, #4550, #82, #1546, #1238, #4500, #3043, #108, #3001, #2683, #4478, #1956, #2979, #156, #1567, #3067, #2704, #2322, #2621, #790, #4127, #3794, #1167, #2642, #4175, #4105, #811, #882, #3817, #833, #2295, #3771, #488, #3024, #1190, #2663, #2271, #1144, #528, #3411, #3332, #4152, #130, #3745, #2244, #4523, #1934, #1215, #860, #510, #461, #57, #3435, #1498, #4452, #4082, #3726, #439, #1890, #3360, #4662, #3502, #4272, #905, #2814, #1975, #931, #2773, #178, #2724, #3930, #2063, #218, #3865, #4618, #972, #572, #4575, #3459, #1659, #1643, #3133, #2017, #590, #2364, #3114, #4294, #1620, #1304, #949, #1345, #3090, #3553, #996, #2434, #1281, #1705, #1260, #267, #2461, #4252, #4202, #3845, #2414, #3884, #197, #552, #3180, #2039, #2000, #2790, #4597, #3905, #3525, #3484 ),
 ( #2748, #4228, #614, #2390, #240, #1684, #3155, #4639, #1323, #2505, #1805, #290, #1782, #2892, #3250, #2947, #685, #4322, #4399, #732, #4003, #1018, #1440, #2558, #1368, #1092, #2138, #3595, #3671, #4423, #3978, #1833, #2114, #3622, #3301, #4736, #362, #337, #314, #5, #1759, #4026, #1731, #2187, #3646, #385, #31, #1467, #4688, #2839, #1416, #1113, #3226, #4711, #2582, #1390, #2865, #640, #2087, #3203, #3573, #4369, #2485, #2922, #4347, #3954, #1068, #662, #2531, #3274, #1042, #2163, #710, #3378, #4051, #4494, #123, #3697, #1950, #101, #1512, #4098, #3405, #481, #1492, #1907, #1929, #434, #1561, #3764, #455, #1538, #2636, #1857, #3016, #4122, #805, #1183, #2657, #826, #2287, #853, #3037, #4515, #1882, #408, #759, #3352, #3326, #1209, #4076, #2677, #4145, #76, #2995, #2313, #3786, #4470, #504, #785, #2237, #3721, #3427, #1585, #147, #1161, #3059, #2261, #3739, #4542, #1231, #2213, #52, #2611, #2973, #4446, #1138, #1276, #3174, #192, #172, #608, #4220, #233, #1611, #3547, #2697, #1637, #3497, #875, #3450, #4656, #2786, #925, #4592, #567, #1676, #2742, #523, #4167, #2383, #2356, #3860, #2011, #1299, #3083, #3836, #259, #2337, #211, #1654, #2057, #3808, #4268, #1701, #3149, #1993, #2429, #1969, #968, #4566, #3127, #1252, #2718, #4612, #2767, #898, #4245, #2409, #946, #4194, #2034, #543, #1319, #3476, #3900, #3880, #3106, #585, #4635, #3518, #3569, #2132, #357, #2479, #657, #4020, #3948, #2107, #2552, #2915, #3617, #333, #1777, #3244, #4706, #2500, #1035, #2834, #3924, #728, #1411, #1825, #2156, #2886, #4316, #284, #4364, #4731, #3973, #1062, #2524, #3588, #4394, #308, #1752, #3641, #1386, #3997, #4341, #1800, #3269, #3221, #2455, #2860, #678, #705, #1, #3665, #1725, #1012, #1435, #1088, #2182, #381, #3293, #1340, #2809, #4288, #990, #635, #2081, #3198, #4680, #1360, #48, #2310, #2231, #2967, #4417, #3322, #3784, #2674, #780, #754, #2941, #450, #1107, #2256, #4490, #119, #3717, #3757, #430, #1878, #474, #1157, #499, #4441, #3347, #1178, #2575, #2632, #3734, #4093, #1946, #71, #3690, #1925, #1556, #3371, #403, #821, #3399, #2207, #3034, #1508, #1134, #4512, #26, #2990, #1205, #1488, #4466, #4140, #800, #1902, #4071, #3012, #2602, #95 ) ),
 .UNSPECIFIED., .F., .F., .F. ) 
 B_SPLINE_SURFACE_WITH_KNOTS ( ( 2, 2 ),
 ( 3, 2, 2, 2, 2, 2, 2, 2, 2, 2, 2, 2, 2, 2, 2, 2, 2, 2, 2, 2, 2, 2, 2, 2, 2, 2, 2, 2, 2, 2, 2, 2, 2, 2, 2, 2, 2, 2, 2, 2, 2, 2, 2, 2, 2, 2, 2, 2, 2, 2, 2, 2, 2, 2, 2, 2, 2, 2, 2, 2, 2, 2, 2, 2, 2, 2, 2, 2, 2, 2, 2, 2, 2, 2, 2, 2, 2, 2, 2, 2, 2, 2, 2, 2, 2, 2, 2, 2, 2, 2, 2, 2, 2, 2, 2, 2, 2, 2, 2, 2, 2, 2, 2, 2, 2, 2, 2, 2, 2, 2, 2, 2, 2, 2, 2, 2, 2, 2, 2, 2, 2, 2, 2, 2, 2, 2, 2, 2, 2, 2, 2, 2, 2, 2, 2, 2, 2, 2, 2, 2, 2, 2, 2, 2, 2, 2, 2, 2, 2, 2, 2, 2, 2, 2, 2, 2, 2, 2, 2, 2, 3 ),
 ( 0.000000000000000000, 1.000000000000000000 ),
 ( 0.000000000000000000, 0.006250000000000000347, 0.01250000000000000069, 0.01874999999999999931, 0.02500000000000000139, 0.03125000000000000000, 0.03749999999999999861, 0.04374999999999999722, 0.05000000000000000278, 0.05625000000000000139, 0.06250000000000000000, 0.06875000000000000555, 0.07499999999999999722, 0.08125000000000000278, 0.08749999999999999445, 0.09375000000000000000, 0.1000000000000000056, 0.1062499999999999972, 0.1125000000000000028, 0.1187499999999999944, 0.1250000000000000000, 0.1312500000000000056, 0.1375000000000000111, 0.1437499999999999889, 0.1499999999999999944, 0.1562500000000000000, 0.1625000000000000056, 0.1687500000000000111, 0.1749999999999999889, 0.1812499999999999944, 0.1875000000000000000, 0.1937500000000000056, 0.2000000000000000111, 0.2062499999999999889, 0.2124999999999999944, 0.2187500000000000000, 0.2250000000000000056, 0.2312500000000000111, 0.2374999999999999889, 0.2437499999999999944, 0.2500000000000000000, 0.2562499999999999778, 0.2625000000000000111, 0.2687499999999999889, 0.2750000000000000222, 0.2812500000000000000, 0.2874999999999999778, 0.2937500000000000111, 0.2999999999999999889, 0.3062500000000000222, 0.3125000000000000000, 0.3187499999999999778, 0.3250000000000000111, 0.3312499999999999889, 0.3375000000000000222, 0.3437500000000000000, 0.3499999999999999778, 0.3562500000000000111, 0.3624999999999999889, 0.3687500000000000222, 0.3750000000000000000, 0.3812499999999999778, 0.3875000000000000111, 0.3937499999999999889, 0.4000000000000000222, 0.4062500000000000000, 0.4124999999999999778, 0.4187500000000000111, 0.4249999999999999889, 0.4312500000000000222, 0.4375000000000000000, 0.4437499999999999778, 0.4500000000000000111, 0.4562499999999999889, 0.4625000000000000222, 0.4687500000000000000, 0.4749999999999999778, 0.4812500000000000111, 0.4874999999999999889, 0.4937500000000000222, 0.5000000000000000000, 0.5062499999999999778, 0.5124999999999999556, 0.5187500000000000444, 0.5250000000000000222, 0.5312500000000000000, 0.5374999999999999778, 0.5437499999999999556, 0.5500000000000000444, 0.5562500000000000222, 0.5625000000000000000, 0.5687499999999999778, 0.5749999999999999556, 0.5812500000000000444, 0.5875000000000000222, 0.5937500000000000000, 0.5999999999999999778, 0.6062499999999999556, 0.6125000000000000444, 0.6187500000000000222, 0.6250000000000000000, 0.6312499999999999778, 0.6374999999999999556, 0.6437500000000000444, 0.6500000000000000222, 0.6562500000000000000, 0.6624999999999999778, 0.6687499999999999556, 0.6750000000000000444, 0.6812500000000000222, 0.6875000000000000000, 0.6937499999999999778, 0.6999999999999999556, 0.7062500000000000444, 0.7125000000000000222, 0.7187500000000000000, 0.7249999999999999778, 0.7312499999999999556, 0.7375000000000000444, 0.7437500000000000222, 0.7500000000000000000, 0.7562499999999999778, 0.7624999999999999556, 0.7687500000000000444, 0.7750000000000000222, 0.7812500000000000000, 0.7874999999999999778, 0.7937499999999999556, 0.8000000000000000444, 0.8062500000000000222, 0.8125000000000000000, 0.8187499999999999778, 0.8249999999999999556, 0.8312500000000000444, 0.8375000000000000222, 0.8437500000000000000, 0.8499999999999999778, 0.8562499999999999556, 0.8625000000000000444, 0.8687500000000000222, 0.8750000000000000000, 0.8812499999999999778, 0.8874999999999999556, 0.8937500000000000444, 0.9000000000000000222, 0.9062500000000000000, 0.9124999999999999778, 0.9187499999999999556, 0.9250000000000000444, 0.9312500000000000222, 0.9375000000000000000, 0.9437499999999999778, 0.9499999999999999556, 0.9562500000000000444, 0.9625000000000000222, 0.9687500000000000000, 0.9749999999999999778, 0.9812499999999999556, 0.9875000000000000444, 0.9937500000000000222, 1.000000000000000000 ),
 .UNSPECIFIED. ) 
 GEOMETRIC_REPRESENTATION_ITEM ( )  RATIONAL_B_SPLINE_SURFACE ( (
 ( 1.000000000000000000, 0.9238795325112867385, 1.000000000000000000, 0.9238795325112867385, 1.000000000000000000, 0.9238795325112867385, 1.000000000000000000, 0.9238795325112867385, 1.000000000000000000, 0.9238795325112867385, 1.000000000000000000, 0.9238795325112867385, 1.000000000000000000, 0.9238795325112867385, 1.000000000000000000, 0.9238795325112867385, 1.000000000000000000, 0.9238795325112867385, 1.000000000000000000, 0.9238795325112867385, 1.000000000000000000, 0.9238795325112867385, 1.000000000000000000, 0.9238795325112867385, 1.000000000000000000, 0.9238795325112867385, 1.000000000000000000, 0.9238795325112867385, 1.000000000000000000, 0.9238795325112867385, 1.000000000000000000, 0.9238795325112867385, 1.000000000000000000, 0.9238795325112867385, 1.000000000000000000, 0.9238795325112867385, 1.000000000000000000, 0.9238795325112867385, 1.000000000000000000, 0.9238795325112867385, 1.000000000000000000, 0.9238795325112867385, 1.000000000000000000, 0.9238795325112867385, 1.000000000000000000, 0.9238795325112867385, 1.000000000000000000, 0.9238795325112867385, 1.000000000000000000, 0.9238795325112867385, 1.000000000000000000, 0.9238795325112867385, 1.000000000000000000, 0.9238795325112867385, 1.000000000000000000, 0.9238795325112867385, 1.000000000000000000, 0.9238795325112867385, 1.000000000000000000, 0.9238795325112867385, 1.000000000000000000, 0.9238795325112867385, 1.000000000000000000, 0.9238795325112867385, 1.000000000000000000, 0.9238795325112867385, 1.000000000000000000, 0.9238795325112867385, 1.000000000000000000, 0.9238795325112867385, 1.000000000000000000, 0.9238795325112867385, 1.000000000000000000, 0.9238795325112867385, 1.000000000000000000, 0.9238795325112867385, 1.000000000000000000, 0.9238795325112867385, 1.000000000000000000, 0.9238795325112867385, 1.000000000000000000, 0.9238795325112867385, 1.000000000000000000, 0.9238795325112867385, 1.000000000000000000, 0.9238795325112867385, 1.000000000000000000, 0.9238795325112867385, 1.000000000000000000, 0.9238795325112867385, 1.000000000000000000, 0.9238795325112867385, 1.000000000000000000, 0.9238795325112867385, 1.000000000000000000, 0.9238795325112867385, 1.000000000000000000, 0.9238795325112867385, 1.000000000000000000, 0.9238795325112867385, 1.000000000000000000, 0.9238795325112867385, 1.000000000000000000, 0.9238795325112867385, 1.000000000000000000, 0.9238795325112867385, 1.000000000000000000, 0.9238795325112867385, 1.000000000000000000, 0.9238795325112867385, 1.000000000000000000, 0.9238795325112867385, 1.000000000000000000, 0.9238795325112867385, 1.000000000000000000, 0.9238795325112867385, 1.000000000000000000, 0.9238795325112867385, 1.000000000000000000, 0.9238795325112867385, 1.000000000000000000, 0.9238795325112867385, 1.000000000000000000, 0.9238795325112867385, 1.000000000000000000, 0.9238795325112867385, 1.000000000000000000, 0.9238795325112867385, 1.000000000000000000, 0.9238795325112867385, 1.000000000000000000, 0.9238795325112867385, 1.000000000000000000, 0.9238795325112867385, 1.000000000000000000, 0.9238795325112867385, 1.000000000000000000, 0.9238795325112867385, 1.000000000000000000, 0.9238795325112867385, 1.000000000000000000, 0.9238795325112867385, 1.000000000000000000, 0.9238795325112867385, 1.000000000000000000, 0.9238795325112867385, 1.000000000000000000, 0.9238795325112867385, 1.000000000000000000, 0.9238795325112867385, 1.000000000000000000, 0.9238795325112867385, 1.000000000000000000, 0.9238795325112867385, 1.000000000000000000, 0.9238795325112867385, 1.000000000000000000, 0.9238795325112867385, 1.000000000000000000, 0.9238795325112867385, 1.000000000000000000, 0.9238795325112867385, 1.000000000000000000, 0.9238795325112867385, 1.000000000000000000, 0.9238795325112867385, 1.000000000000000000, 0.9238795325112867385, 1.000000000000000000, 0.9238795325112867385, 1.000000000000000000, 0.9238795325112867385, 1.000000000000000000, 0.9238795325112867385, 1.000000000000000000, 0.9238795325112867385, 1.000000000000000000, 0.9238795325112867385, 1.000000000000000000, 0.9238795325112867385, 1.000000000000000000, 0.9238795325112867385, 1.000000000000000000, 0.9238795325112867385, 1.000000000000000000, 0.9238795325112867385, 1.000000000000000000, 0.9238795325112867385, 1.000000000000000000, 0.9238795325112867385, 1.000000000000000000, 0.9238795325112867385, 1.000000000000000000, 0.9238795325112867385, 1.000000000000000000, 0.9238795325112867385, 1.000000000000000000, 0.9238795325112867385, 1.000000000000000000, 0.9238795325112867385, 1.000000000000000000, 0.9238795325112867385, 1.000000000000000000, 0.9238795325112867385, 1.000000000000000000, 0.9238795325112867385, 1.000000000000000000, 0.9238795325112867385, 1.000000000000000000, 0.9238795325112867385, 1.000000000000000000, 0.9238795325112867385, 1.000000000000000000, 0.9238795325112867385, 1.000000000000000000, 0.9238795325112867385, 1.000000000000000000, 0.9238795325112867385, 1.000000000000000000, 0.9238795325112867385, 1.000000000000000000, 0.9238795325112867385, 1.000000000000000000, 0.9238795325112867385, 1.000000000000000000, 0.9238795325112867385, 1.000000000000000000, 0.9238795325112867385, 1.000000000000000000, 0.9238795325112867385, 1.000000000000000000, 0.9238795325112867385, 1.000000000000000000, 0.9238795325112867385, 1.000000000000000000, 0.9238795325112867385, 1.000000000000000000, 0.9238795325112867385, 1.000000000000000000, 0.9238795325112867385, 1.000000000000000000, 0.9238795325112867385, 1.000000000000000000, 0.9238795325112867385, 1.000000000000000000, 0.9238795325112867385, 1.000000000000000000, 0.9238795325112867385, 1.000000000000000000, 0.9238795325112867385, 1.000000000000000000, 0.9238795325112867385, 1.000000000000000000, 0.9238795325112867385, 1.000000000000000000, 0.9238795325112867385, 1.000000000000000000, 0.9238795325112867385, 1.000000000000000000, 0.9238795325112867385, 1.000000000000000000, 0.9238795325112867385, 1.000000000000000000, 0.9238795325112867385, 1.000000000000000000, 0.9238795325112867385, 1.000000000000000000, 0.9238795325112867385, 1.000000000000000000, 0.9238795325112867385, 1.000000000000000000, 0.9238795325112867385, 1.000000000000000000, 0.9238795325112867385, 1.000000000000000000, 0.9238795325112867385, 1.000000000000000000, 0.9238795325112867385, 1.000000000000000000, 0.9238795325112867385, 1.000000000000000000, 0.9238795325112867385, 1.000000000000000000, 0.9238795325112867385, 1.000000000000000000, 0.9238795325112867385, 1.000000000000000000, 0.9238795325112867385, 1.000000000000000000, 0.9238795325112867385, 1.000000000000000000, 0.9238795325112867385, 1.000000000000000000, 0.9238795325112867385, 1.000000000000000000, 0.9238795325112867385, 1.000000000000000000, 0.9238795325112867385, 1.000000000000000000, 0.9238795325112867385, 1.000000000000000000, 0.9238795325112867385, 1.000000000000000000, 0.9238795325112867385, 1.000000000000000000, 0.9238795325112867385, 1.000000000000000000, 0.9238795325112867385, 1.000000000000000000, 0.9238795325112867385, 1.000000000000000000, 0.9238795325112867385, 1.000000000000000000, 0.9238795325112867385, 1.000000000000000000, 0.9238795325112867385, 1.000000000000000000, 0.9238795325112867385, 1.000000000000000000, 0.9238795325112867385, 1.000000000000000000),
 ( 1.000000000000000000, 0.9238795325112867385, 1.000000000000000000, 0.9238795325112867385, 1.000000000000000000, 0.9238795325112867385, 1.000000000000000000, 0.9238795325112867385, 1.000000000000000000, 0.9238795325112867385, 1.000000000000000000, 0.9238795325112867385, 1.000000000000000000, 0.9238795325112867385, 1.000000000000000000, 0.9238795325112867385, 1.000000000000000000, 0.9238795325112867385, 1.000000000000000000, 0.9238795325112867385, 1.000000000000000000, 0.9238795325112867385, 1.000000000000000000, 0.9238795325112867385, 1.000000000000000000, 0.9238795325112867385, 1.000000000000000000, 0.9238795325112867385, 1.000000000000000000, 0.9238795325112867385, 1.000000000000000000, 0.9238795325112867385, 1.000000000000000000, 0.9238795325112867385, 1.000000000000000000, 0.9238795325112867385, 1.000000000000000000, 0.9238795325112867385, 1.000000000000000000, 0.9238795325112867385, 1.000000000000000000, 0.9238795325112867385, 1.000000000000000000, 0.9238795325112867385, 1.000000000000000000, 0.9238795325112867385, 1.000000000000000000, 0.9238795325112867385, 1.000000000000000000, 0.9238795325112867385, 1.000000000000000000, 0.9238795325112867385, 1.000000000000000000, 0.9238795325112867385, 1.000000000000000000, 0.9238795325112867385, 1.000000000000000000, 0.9238795325112867385, 1.000000000000000000, 0.9238795325112867385, 1.000000000000000000, 0.9238795325112867385, 1.000000000000000000, 0.9238795325112867385, 1.000000000000000000, 0.9238795325112867385, 1.000000000000000000, 0.9238795325112867385, 1.000000000000000000, 0.9238795325112867385, 1.000000000000000000, 0.9238795325112867385, 1.000000000000000000, 0.9238795325112867385, 1.000000000000000000, 0.9238795325112867385, 1.000000000000000000, 0.9238795325112867385, 1.000000000000000000, 0.9238795325112867385, 1.000000000000000000, 0.9238795325112867385, 1.000000000000000000, 0.9238795325112867385, 1.000000000000000000, 0.9238795325112867385, 1.000000000000000000, 0.9238795325112867385, 1.000000000000000000, 0.9238795325112867385, 1.000000000000000000, 0.9238795325112867385, 1.000000000000000000, 0.9238795325112867385, 1.000000000000000000, 0.9238795325112867385, 1.000000000000000000, 0.9238795325112867385, 1.000000000000000000, 0.9238795325112867385, 1.000000000000000000, 0.9238795325112867385, 1.000000000000000000, 0.9238795325112867385, 1.000000000000000000, 0.9238795325112867385, 1.000000000000000000, 0.9238795325112867385, 1.000000000000000000, 0.9238795325112867385, 1.000000000000000000, 0.9238795325112867385, 1.000000000000000000, 0.9238795325112867385, 1.000000000000000000, 0.9238795325112867385, 1.000000000000000000, 0.9238795325112867385, 1.000000000000000000, 0.9238795325112867385, 1.000000000000000000, 0.9238795325112867385, 1.000000000000000000, 0.9238795325112867385, 1.000000000000000000, 0.9238795325112867385, 1.000000000000000000, 0.9238795325112867385, 1.000000000000000000, 0.9238795325112867385, 1.000000000000000000, 0.9238795325112867385, 1.000000000000000000, 0.9238795325112867385, 1.000000000000000000, 0.9238795325112867385, 1.000000000000000000, 0.9238795325112867385, 1.000000000000000000, 0.9238795325112867385, 1.000000000000000000, 0.9238795325112867385, 1.000000000000000000, 0.9238795325112867385, 1.000000000000000000, 0.9238795325112867385, 1.000000000000000000, 0.9238795325112867385, 1.000000000000000000, 0.9238795325112867385, 1.000000000000000000, 0.9238795325112867385, 1.000000000000000000, 0.9238795325112867385, 1.000000000000000000, 0.9238795325112867385, 1.000000000000000000, 0.9238795325112867385, 1.000000000000000000, 0.9238795325112867385, 1.000000000000000000, 0.9238795325112867385, 1.000000000000000000, 0.9238795325112867385, 1.000000000000000000, 0.9238795325112867385, 1.000000000000000000, 0.9238795325112867385, 1.000000000000000000, 0.9238795325112867385, 1.000000000000000000, 0.9238795325112867385, 1.000000000000000000, 0.9238795325112867385, 1.000000000000000000, 0.9238795325112867385, 1.000000000000000000, 0.9238795325112867385, 1.000000000000000000, 0.9238795325112867385, 1.000000000000000000, 0.9238795325112867385, 1.000000000000000000, 0.9238795325112867385, 1.000000000000000000, 0.9238795325112867385, 1.000000000000000000, 0.9238795325112867385, 1.000000000000000000, 0.9238795325112867385, 1.000000000000000000, 0.9238795325112867385, 1.000000000000000000, 0.9238795325112867385, 1.000000000000000000, 0.9238795325112867385, 1.000000000000000000, 0.9238795325112867385, 1.000000000000000000, 0.9238795325112867385, 1.000000000000000000, 0.9238795325112867385, 1.000000000000000000, 0.9238795325112867385, 1.000000000000000000, 0.9238795325112867385, 1.000000000000000000, 0.9238795325112867385, 1.000000000000000000, 0.9238795325112867385, 1.000000000000000000, 0.9238795325112867385, 1.000000000000000000, 0.9238795325112867385, 1.000000000000000000, 0.9238795325112867385, 1.000000000000000000, 0.9238795325112867385, 1.000000000000000000, 0.9238795325112867385, 1.000000000000000000, 0.9238795325112867385, 1.000000000000000000, 0.9238795325112867385, 1.000000000000000000, 0.9238795325112867385, 1.000000000000000000, 0.9238795325112867385, 1.000000000000000000, 0.9238795325112867385, 1.000000000000000000, 0.9238795325112867385, 1.000000000000000000, 0.9238795325112867385, 1.000000000000000000, 0.9238795325112867385, 1.000000000000000000, 0.9238795325112867385, 1.000000000000000000, 0.9238795325112867385, 1.000000000000000000, 0.9238795325112867385, 1.000000000000000000, 0.9238795325112867385, 1.000000000000000000, 0.9238795325112867385, 1.000000000000000000, 0.9238795325112867385, 1.000000000000000000, 0.9238795325112867385, 1.000000000000000000, 0.9238795325112867385, 1.000000000000000000, 0.9238795325112867385, 1.000000000000000000, 0.9238795325112867385, 1.000000000000000000, 0.9238795325112867385, 1.000000000000000000, 0.9238795325112867385, 1.000000000000000000, 0.9238795325112867385, 1.000000000000000000, 0.9238795325112867385, 1.000000000000000000, 0.9238795325112867385, 1.000000000000000000, 0.9238795325112867385, 1.000000000000000000, 0.9238795325112867385, 1.000000000000000000, 0.9238795325112867385, 1.000000000000000000, 0.9238795325112867385, 1.000000000000000000, 0.9238795325112867385, 1.000000000000000000, 0.9238795325112867385, 1.000000000000000000, 0.9238795325112867385, 1.000000000000000000, 0.9238795325112867385, 1.000000000000000000, 0.9238795325112867385, 1.000000000000000000, 0.9238795325112867385, 1.000000000000000000, 0.9238795325112867385, 1.000000000000000000, 0.9238795325112867385, 1.000000000000000000, 0.9238795325112867385, 1.000000000000000000, 0.9238795325112867385, 1.000000000000000000, 0.9238795325112867385, 1.000000000000000000, 0.9238795325112867385, 1.000000000000000000, 0.9238795325112867385, 1.000000000000000000, 0.9238795325112867385, 1.000000000000000000, 0.9238795325112867385, 1.000000000000000000, 0.9238795325112867385, 1.000000000000000000, 0.9238795325112867385, 1.000000000000000000, 0.9238795325112867385, 1.000000000000000000, 0.9238795325112867385, 1.000000000000000000, 0.9238795325112867385, 1.000000000000000000, 0.9238795325112867385, 1.000000000000000000, 0.9238795325112867385, 1.000000000000000000, 0.9238795325112867385, 1.000000000000000000) ) ) 
 REPRESENTATION_ITEM ( '' )  SURFACE ( )  );
#4215 = CARTESIAN_POINT ( 'NONE',  ( -0.0009319805153394637070, 0.002250000000000000697, 0.009050000000000000752 ) ) ;
#4216 = DIRECTION ( 'NONE',  ( 0.000000000000000000, 0.000000000000000000, 1.000000000000000000 ) ) ;
#4217 = DIRECTION ( 'NONE',  ( 0.000000000000000000, 0.000000000000000000, 1.000000000000000000 ) ) ;
#4218 = DIRECTION ( 'NONE',  ( -0.000000000000000000, -0.000000000000000000, -1.000000000000000000 ) ) ;
#4219 = ORIENTED_EDGE ( 'NONE', *, *, #3107, .F. ) ;
#4220 = CARTESIAN_POINT ( 'NONE',  ( 0.001897176474179627622, -0.001897176474179628489, 0.007449999998907525824 ) ) ;
#4221 = DIRECTION ( 'NONE',  ( -0.000000000000000000, -0.000000000000000000, -1.000000000000000000 ) ) ;
#4222 = VECTOR ( 'NONE', #2402, 1.000000000000000000 ) ;
#4223 = CARTESIAN_POINT ( 'NONE',  ( -0.002250000000000000697, -0.0009319805153394634901, 0.002050000000000000173 ) ) ;
#4224 = CARTESIAN_POINT ( 'NONE',  ( -4.928614372690046772E-19, -0.002683012700000000049, 0.009749999998907524917 ) ) ;
#4225 = CARTESIAN_POINT ( 'NONE',  ( 0.001897176474179627622, -0.001897176474179628489, 0.004949999998907525338 ) ) ;
#4226 = ORIENTED_EDGE ( 'NONE', *, *, #4188, .F. ) ;
#4227 = AXIS2_PLACEMENT_3D ( 'NONE', #645, #2069, #1713 ) ;
#4228 = CARTESIAN_POINT ( 'NONE',  ( 0.002683012700000000916, 0.001111340248359256279, 0.0003999999989075252757 ) ) ;
#4229 = ADVANCED_FACE ( 'NONE', ( #2863 ), #4367, .F. ) ;
#4230 = CARTESIAN_POINT ( 'NONE',  ( -0.002683012700000000049, 3.285742915126697848E-19, 0.01594999999890752557 ) ) ;
#4231 = CARTESIAN_POINT ( 'NONE',  ( 1.642871457563348924E-19, 0.002683012700000000049, 0.0005499999989075251812 ) ) ;
#4232 = CARTESIAN_POINT ( 'NONE',  ( 0.0009319805153394645743, -0.002249999999999999830, 0.01025000000000000216 ) ) ;
#4233 = CARTESIAN_POINT ( 'NONE',  ( -0.002249999999999994192, -0.0009319805153394696701, 0.005849999997815051762 ) ) ;
#4234 = CARTESIAN_POINT ( 'NONE',  ( 1.642871457563348924E-19, 0.002683012700000000049, 0.01414999999890752605 ) ) ;
#4235 = CARTESIAN_POINT ( 'NONE',  ( 0.002249999999999993758, 0.0009319805153394701037, 0.005650000000000000508 ) ) ;
#4236 = CARTESIAN_POINT ( 'NONE',  ( 0.002249999999999999830, -0.0009319805153394653333, 0.003950000000000000386 ) ) ;
#4237 = CARTESIAN_POINT ( 'NONE',  ( 0.001897176474179628272, 0.001897176474179628272, 0.002849999998907525034 ) ) ;
#4238 = CARTESIAN_POINT ( 'NONE',  ( -0.001111340248359256062, 0.002683012700000000916, 0.009299999998907525905 ) ) ;
#4239 = CARTESIAN_POINT ( 'NONE',  ( 0.001590990257669731931, 0.001590990257669731931, 0.0001000000000000000048 ) ) ;
#4240 = EDGE_CURVE ( 'NONE', #881, #3321, #896, .T. ) ;
#4241 = CARTESIAN_POINT ( 'NONE',  ( -0.002249999999999975110, -0.0009319805153394888604, 0.01624999999781505736 ) ) ;
#4242 = DIRECTION ( 'NONE',  ( -0.000000000000000000, -0.000000000000000000, -1.000000000000000000 ) ) ;
#4243 = CARTESIAN_POINT ( 'NONE',  ( 0.002683012700000000916, 0.001111340248359256279, 0.001899999998907525144 ) ) ;
#4244 = CARTESIAN_POINT ( 'NONE',  ( -0.002249999999999988121, -0.0009319805153394762837, 0.008450000000000002648 ) ) ;
#4245 = CARTESIAN_POINT ( 'NONE',  ( -0.001111340248359257796, -0.002683012700000000049, 0.009699999998907526955 ) ) ;
#4246 = ADVANCED_FACE ( 'NONE', ( #4000 ), #708, .F. ) ;
#4247 = CARTESIAN_POINT ( 'NONE',  ( -0.002249999999999999830, 2.755455298081544393E-19, 0.001799999997815050464 ) ) ;
#4248 = FACE_OUTER_BOUND ( 'NONE', #3708, .T. ) ;
#4249 = CARTESIAN_POINT ( 'NONE',  ( 1.642871457563348924E-19, 0.002683012700000000049, 0.006049999998907525621 ) ) ;
#4250 = ORIENTED_EDGE ( 'NONE', *, *, #200, .T. ) ;
#4251 = EDGE_CURVE ( 'NONE', #1102, #3456, #3669, .T. ) ;
#4252 = CARTESIAN_POINT ( 'NONE',  ( 0.001897176474179628272, 0.001897176474179628272, 0.01554999999890752625 ) ) ;
#4253 = CARTESIAN_POINT ( 'NONE',  ( 0.002249999999999999830, 2.755455298081544393E-19, 0.01799999999999999864 ) ) ;
#4254 = CARTESIAN_POINT ( 'NONE',  ( 1.642871457563348924E-19, 0.002683012700000000049, 0.001349999998907525220 ) ) ;
#4255 = CARTESIAN_POINT ( 'NONE',  ( -0.0009319805153394651164, -0.002249999999999999830, 0.01335000000000000249 ) ) ;
#4256 = CARTESIAN_POINT ( 'NONE',  ( 0.0009319805153394640322, 0.002250000000000000697, 0.007949999997815050332 ) ) ;
#4257 = EDGE_CURVE ( 'NONE', #2989, #737, #1249, .T. ) ;
#4258 = CARTESIAN_POINT ( 'NONE',  ( 0.001897176474179627622, -0.001897176474179628489, 0.01544999999890752512 ) ) ;
#4259 = CARTESIAN_POINT ( 'NONE',  ( 0.000000000000000000, 0.000000000000000000, 0.01799999999999999864 ) ) ;
#4260 = CARTESIAN_POINT ( 'NONE',  ( 0.002249999999999999830, 0.000000000000000000, 0.01040000000000000126 ) ) ;
#4261 = CARTESIAN_POINT ( 'NONE',  ( 0.001897176474179628272, 0.001897176474179628272, 0.006849999998907525985 ) ) ;
#4262 = CARTESIAN_POINT ( 'NONE',  ( 1.642871457563348924E-19, 0.002683012700000000049, 0.009249999998907526208 ) ) ;
#4263 = CARTESIAN_POINT ( 'NONE',  ( 1.377727649040772196E-19, 0.002249999999999999830, 0.003400000000000000244 ) ) ;
#4264 = CARTESIAN_POINT ( 'NONE',  ( -0.002250000000000000697, 0.0009319805153394642491, 0.01475000000000000096 ) ) ;
#4265 = CARTESIAN_POINT ( 'NONE',  ( 0.002683012700000000049, 0.000000000000000000, 0.0002499999989075252075 ) ) ;
#4266 = CARTESIAN_POINT ( 'NONE',  ( 1.642871457563348924E-19, 0.002683012700000000049, 0.0004499999989075252442 ) ) ;
#4267 = CARTESIAN_POINT ( 'NONE',  ( 0.002683012700000000916, 0.001111340248359256279, 0.003499999998907525438 ) ) ;
#4268 = CARTESIAN_POINT ( 'NONE',  ( 0.001111340248359257146, -0.002683012700000000049, 0.008999999998907524251 ) ) ;
#4269 = CARTESIAN_POINT ( 'NONE',  ( 0.002249999999999999830, 2.755455298081544393E-19, 0.01799999999999999864 ) ) ;
#4270 = CARTESIAN_POINT ( 'NONE',  ( 0.002249999999999999830, 0.000000000000000000, 0.01040000000000000126 ) ) ;
#4271 = CARTESIAN_POINT ( 'NONE',  ( -0.001111340248359256062, 0.002683012700000000916, 0.006099999998907525318 ) ) ;
#4272 = CARTESIAN_POINT ( 'NONE',  ( -4.928614372690046772E-19, -0.002683012700000000049, 0.01364999999890752561 ) ) ;
#4273 = EDGE_CURVE ( 'NONE', #859, #4477, #3078, .T. ) ;
#4274 = CARTESIAN_POINT ( 'NONE',  ( 0.001897176474179627622, -0.001897176474179628489, 0.01384999999890752440 ) ) ;
#4275 = CARTESIAN_POINT ( 'NONE',  ( 1.642871457563348924E-19, 0.002683012700000000049, 0.003749999998907525660 ) ) ;
#4276 = CARTESIAN_POINT ( 'NONE',  ( -0.001590990257669731714, 0.001590990257669731931, 0.01310000000000000053 ) ) ;
#4277 = CARTESIAN_POINT ( 'NONE',  ( 0.001111340248359256495, 0.002683012700000000916, 0.01569999999890752534 ) ) ;
#4278 = SURFACE_STYLE_FILL_AREA ( #3120 ) ;
#4279 = CARTESIAN_POINT ( 'NONE',  ( 0.002683012700000000049, 0.000000000000000000, 0.01624999999890752722 ) ) ;
#4280 = CARTESIAN_POINT ( 'NONE',  ( -4.928614372690046772E-19, -0.002683012700000000049, 0.004149999998907524974 ) ) ;
#4281 = CARTESIAN_POINT ( 'NONE',  ( -0.001111340248359257796, -0.002683012700000000049, 0.01359999999890752591 ) ) ;
#4282 = CARTESIAN_POINT ( 'NONE',  ( 1.377727649040772196E-19, 0.002249999999999999830, 0.001800000000000000168 ) ) ;
#4283 = EDGE_LOOP ( 'NONE', ( #1924, #3279, #2952, #656 ) ) ;
#4284 = CARTESIAN_POINT ( 'NONE',  ( 0.002249999999999999830, -0.0009319805153394653333, 0.01435000000000000164 ) ) ;
#4285 = DIRECTION ( 'NONE',  ( 0.000000000000000000, 0.000000000000000000, 1.000000000000000000 ) ) ;
#4286 = CARTESIAN_POINT ( 'NONE',  ( 0.002683012700000000049, -0.001111340248359258013, 0.004199999998907525539 ) ) ;
#4287 = VERTEX_POINT ( 'NONE', #538 ) ;
#4288 = CARTESIAN_POINT ( 'NONE',  ( 0.001897176474179628272, 0.001897176474179628272, 0.01324999999890752456 ) ) ;
#4289 = CARTESIAN_POINT ( 'NONE',  ( -0.0009319805153394637070, 0.002250000000000000697, 0.01204999999781504981 ) ) ;
#4290 = CARTESIAN_POINT ( 'NONE',  ( -0.002250000000000006335, 0.0009319805153394578523, 0.005749999997815049765 ) ) ;
#4291 = DIRECTION ( 'NONE',  ( -0.000000000000000000, -0.000000000000000000, -1.000000000000000000 ) ) ;
#4292 = CARTESIAN_POINT ( 'NONE',  ( 0.002683012700000000916, 0.001111340248359256279, 0.006699999998907526025 ) ) ;
#4293 = AXIS2_PLACEMENT_3D ( 'NONE', #2803, #4285, #1745 ) ;
#4294 = CARTESIAN_POINT ( 'NONE',  ( 1.642871457563348924E-19, 0.002683012700000000049, 0.01484999999890752528 ) ) ;
#4295 = CARTESIAN_POINT ( 'NONE',  ( 1.642871457563348924E-19, 0.002683012700000000049, 0.01574999999890752678 ) ) ;
#4296 = CARTESIAN_POINT ( 'NONE',  ( -0.001897176474179627838, 0.001897176474179628272, 0.002249999998907525195 ) ) ;
#4297 = CARTESIAN_POINT ( 'NONE',  ( 0.002249999999999999830, -0.0009319805153394653333, 0.01195000000000000055 ) ) ;
#4298 =( GEOMETRIC_REPRESENTATION_CONTEXT ( 3 ) GLOBAL_UNCERTAINTY_ASSIGNED_CONTEXT ( ( #4541 ) ) GLOBAL_UNIT_ASSIGNED_CONTEXT ( ( #2755, #3178, #2483 ) ) REPRESENTATION_CONTEXT ( 'NONE', 'WORKASPACE' ) );
#4299 = PRODUCT_DEFINITION_SHAPE ( 'NONE', 'NONE',  #1711 ) ;
#4300 = CARTESIAN_POINT ( 'NONE',  ( -0.001897176474179627838, 0.001897176474179628272, 0.01424999999890752544 ) ) ;
#4301 = DIRECTION ( 'NONE',  ( -0.000000000000000000, -0.000000000000000000, -1.000000000000000000 ) ) ;
#4302 = DIRECTION ( 'NONE',  ( -0.000000000000000000, -0.000000000000000000, -1.000000000000000000 ) ) ;
#4303 = AXIS2_PLACEMENT_3D ( 'NONE', #3609, #3918, #3584 ) ;
#4304 = CARTESIAN_POINT ( 'NONE',  ( 0.002683012700000000049, 0.000000000000000000, 0.005149999998907525862 ) ) ;
#4305 = CARTESIAN_POINT ( 'NONE',  ( -0.002683012700000000049, 3.285742915126697848E-19, 0.01424999999890752544 ) ) ;
#4306 = CARTESIAN_POINT ( 'NONE',  ( 0.0009319805153394645743, -0.002249999999999999830, 0.002250000000000000697 ) ) ;
#4307 = AXIS2_PLACEMENT_3D ( 'NONE', #3477, #4195, #899 ) ;
#4308 = CARTESIAN_POINT ( 'NONE',  ( -0.002249999999999999830, 2.755455298081544393E-19, 0.01400000000000000029 ) ) ;
#4309 = CARTESIAN_POINT ( 'NONE',  ( 1.377727649040772196E-19, 0.002249999999999999830, 0.01380000000000000150 ) ) ;
#4310 = CARTESIAN_POINT ( 'NONE',  ( 0.002683012700000000049, 0.000000000000000000, 0.004249999998907525237 ) ) ;
#4311 = CARTESIAN_POINT ( 'NONE',  ( -0.001897176474179627838, 0.001897176474179628272, 0.002149999998907525366 ) ) ;
#4312 = CARTESIAN_POINT ( 'NONE',  ( -0.002683012700000000916, -0.001111340248359255845, 0.01029999999890752506 ) ) ;
#4313 = CARTESIAN_POINT ( 'NONE',  ( 0.002683012700000000916, 0.001111340248359256279, 0.01159999999890752587 ) ) ;
#4314 = ORIENTED_EDGE ( 'NONE', *, *, #4188, .T. ) ;
#4315 = EDGE_CURVE ( 'NONE', #612, #18, #3803, .T. ) ;
#4316 = CARTESIAN_POINT ( 'NONE',  ( 0.002683012700000000916, 0.001111340248359256279, 0.01159999999890752587 ) ) ;
#4317 = CARTESIAN_POINT ( 'NONE',  ( 0.002249999999999999830, 0.000000000000000000, 0.01179999999781504959 ) ) ;
#4318 = DIRECTION ( 'NONE',  ( -0.000000000000000000, -0.000000000000000000, -1.000000000000000000 ) ) ;
#4319 = ADVANCED_BREP_SHAPE_REPRESENTATION ( 'Pin_f\X2\00fc\X0\r_Kugellager', ( #4750, #2918 ), #4298 ) ;
#4320 = CARTESIAN_POINT ( 'NONE',  ( 0.000000000000000000, 0.000000000000000000, 0.03100000000000000325 ) ) ;
#4321 = CARTESIAN_POINT ( 'NONE',  ( -0.001111340248359256062, 0.002683012700000000916, 0.005299999998907525822 ) ) ;
#4322 = CARTESIAN_POINT ( 'NONE',  ( 0.002683012700000000916, 0.001111340248359256279, 0.001199999998907525260 ) ) ;
#4323 = EDGE_CURVE ( 'NONE', #3440, #3432, #4185, .T. ) ;
#4324 = CARTESIAN_POINT ( 'NONE',  ( -0.001111340248359256062, 0.002683012700000000916, 0.01499999999890752611 ) ) ;
#4325 = CARTESIAN_POINT ( 'NONE',  ( 0.001111340248359256495, 0.002683012700000000916, 0.003699999998907525095 ) ) ;
#4326 = CARTESIAN_POINT ( 'NONE',  ( 0.001590990257669731497, -0.001590990257669732148, 0.01349999999999999985 ) ) ;
#4327 = CARTESIAN_POINT ( 'NONE',  ( -4.133182947122316589E-19, -0.002249999999999999830, 0.002799999997815050268 ) ) ;
#4328 = CARTESIAN_POINT ( 'NONE',  ( -0.002249999999999999830, 2.755455298081544393E-19, 0.005200000000000000629 ) ) ;
#4329 = LINE ( 'NONE', #248, #1367 ) ;
#4330 = CARTESIAN_POINT ( 'NONE',  ( 0.002683012700000000049, 0.000000000000000000, 0.004349999998907525499 ) ) ;
#4331 = CARTESIAN_POINT ( 'NONE',  ( 0.001111340248359256495, 0.002683012700000000916, 0.01319999999890752833 ) ) ;
#4332 = CARTESIAN_POINT ( 'NONE',  ( -0.0009319805153394637070, 0.002250000000000000697, 0.002649999999999999578 ) ) ;
#4333 = ORIENTED_EDGE ( 'NONE', *, *, #1256, .F. ) ;
#4334 = CARTESIAN_POINT ( 'NONE',  ( 0.002249999999999999830, 0.000000000000000000, 0.01600000000000000033 ) ) ;
#4335 = EDGE_CURVE ( 'NONE', #3320, #2631, #3492, .T. ) ;
#4336 = CARTESIAN_POINT ( 'NONE',  ( -0.002250000000000000697, -0.0009319805153394634901, 0.01245000000000000100 ) ) ;
#4337 = CARTESIAN_POINT ( 'NONE',  ( 0.001897176474179628272, 0.001897176474179628272, 0.003549999998907525135 ) ) ;
#4338 = CARTESIAN_POINT ( 'NONE',  ( -0.002683012700000000916, -0.001111340248359255845, 0.002299999998907525326 ) ) ;
#4339 = CARTESIAN_POINT ( 'NONE',  ( 0.001590990257669731497, -0.001590990257669732148, 0.007699999997815050977 ) ) ;
#4340 = CARTESIAN_POINT ( 'NONE',  ( -0.002683012700000000916, 0.001111340248359256495, 0.01189999999890752579 ) ) ;
#4341 = CARTESIAN_POINT ( 'NONE',  ( 0.002683012700000000049, -0.001111340248359258013, 0.01229999999890752337 ) ) ;
#4342 = CARTESIAN_POINT ( 'NONE',  ( 0.0009319805153394645743, -0.002249999999999999830, 0.01004999999781505150 ) ) ;
#4343 = CYLINDRICAL_SURFACE ( 'NONE', #1677, 0.002249999999999999830 ) ;
#4344 = CARTESIAN_POINT ( 'NONE',  ( -0.0009319805153394637070, 0.002250000000000000697, 0.004250000000000001173 ) ) ;
#4345 =( BOUNDED_CURVE ( )  B_SPLINE_CURVE ( 2, ( #1655, #1703, #2083, #1678, #2430, #610, #173, #193, #2458 ),
 .UNSPECIFIED., .F., .F. ) 
 B_SPLINE_CURVE_WITH_KNOTS ( ( 3, 2, 2, 2, 3 ),
 ( 0.4500000000000000111, 0.4562499999999999889, 0.4625000000000000222, 0.4687500000000000555, 0.4750000000000000333 ),
 .UNSPECIFIED. ) 
 CURVE ( )  GEOMETRIC_REPRESENTATION_ITEM ( )  RATIONAL_B_SPLINE_CURVE ( ( 1.000000000000000000, 0.9238795325112867385, 1.000000000000000000, 0.9238795325112867385, 1.000000000000000000, 0.9238795325112867385, 1.000000000000000000, 0.9238795325112860723, 1.000000000000000666 ) ) 
 REPRESENTATION_ITEM ( '' )  );
#4346 = CARTESIAN_POINT ( 'NONE',  ( 0.002683012700000000049, 0.000000000000000000, 0.01064999999890752641 ) ) ;
#4347 = CARTESIAN_POINT ( 'NONE',  ( 0.002683012700000000049, 0.000000000000000000, 0.003549999998907525135 ) ) ;
#4348 = CARTESIAN_POINT ( 'NONE',  ( -0.0009319805153394637070, 0.002250000000000000697, 0.009649999997815050454 ) ) ;
#4349 = CARTESIAN_POINT ( 'NONE',  ( 0.002683012700000000916, 0.001111340248359256279, 0.003599999998907525700 ) ) ;
#4350 = CARTESIAN_POINT ( 'NONE',  ( 0.001590990257669731497, -0.001590990257669732148, 0.01110000000000000049 ) ) ;
#4351 = CARTESIAN_POINT ( 'NONE',  ( 1.642871457563348924E-19, 0.002683012700000000049, 0.007649999998907525481 ) ) ;
#4352 = ORIENTED_EDGE ( 'NONE', *, *, #3186, .T. ) ;
#4353 = CARTESIAN_POINT ( 'NONE',  ( 0.002683012700000000049, -0.001111340248359258013, 0.01629999999890752865 ) ) ;
#4354 = CARTESIAN_POINT ( 'NONE',  ( 0.001590990257669731497, -0.001590990257669732148, 0.006099999997815051117 ) ) ;
#4355 = CARTESIAN_POINT ( 'NONE',  ( -0.0009319805153394637070, 0.002250000000000000697, 0.0008499999978150503573 ) ) ;
#4356 = CARTESIAN_POINT ( 'NONE',  ( -0.001897176474179628489, -0.001897176474179627838, 0.007249999998907526166 ) ) ;
#4357 = CARTESIAN_POINT ( 'NONE',  ( -0.002683012700000000916, -0.001111340248359255845, 0.01509999999890752551 ) ) ;
#4358 = CARTESIAN_POINT ( 'NONE',  ( 0.0009319805153394645743, -0.002249999999999999830, 0.003850000000000000124 ) ) ;
#4359 = ORIENTED_EDGE ( 'NONE', *, *, #550, .F. ) ;
#4360 = CARTESIAN_POINT ( 'NONE',  ( 0.002683012700000000049, -0.001111340248359258013, 0.01459999999890752506 ) ) ;
#4361 = FACE_OUTER_BOUND ( 'NONE', #429, .T. ) ;
#4362 = CARTESIAN_POINT ( 'NONE',  ( -0.002249999999999999830, 0.000000000000000000, 0.01799999999999999864 ) ) ;
#4363 = CARTESIAN_POINT ( 'NONE',  ( -0.001897176474179627838, 0.001897176474179628272, 0.002949999998907525296 ) ) ;
#4364 = CARTESIAN_POINT ( 'NONE',  ( 0.001111340248359256495, 0.002683012700000000916, 0.01169999999890752700 ) ) ;
#4365 = CARTESIAN_POINT ( 'NONE',  ( -0.002250000000000000697, 0.0009319805153394642491, 0.01134999999781505058 ) ) ;
#4366 = CARTESIAN_POINT ( 'NONE',  ( 0.002249999999999999830, 0.000000000000000000, 0.01419999999781505068 ) ) ;
#4367 = CYLINDRICAL_SURFACE ( 'NONE', #3061, 0.002249999999999999830 ) ;
#4368 = CARTESIAN_POINT ( 'NONE',  ( -0.002683012700000000916, -0.001111340248359255845, 0.007899999998907525703 ) ) ;
#4369 = CARTESIAN_POINT ( 'NONE',  ( 0.001111340248359257146, -0.002683012700000000049, 0.003399999998907525176 ) ) ;
#4370 = CARTESIAN_POINT ( 'NONE',  ( 0.002249999999999999830, 0.000000000000000000, 0.002199999997815050429 ) ) ;
#4371 = CARTESIAN_POINT ( 'NONE',  ( -0.002683012700000000049, 3.285742915126697848E-19, 0.006349999998907525540 ) ) ;
#4372 = CARTESIAN_POINT ( 'NONE',  ( 1.377727649040772196E-19, 0.002249999999999999830, 0.01460000000000000013 ) ) ;
#4373 = CARTESIAN_POINT ( 'NONE',  ( -0.001111340248359256062, 0.002683012700000000916, 0.005299999998907525822 ) ) ;
#4374 = ORIENTED_EDGE ( 'NONE', *, *, #2389, .T. ) ;
#4375 = CARTESIAN_POINT ( 'NONE',  ( -4.133182947122316589E-19, -0.002249999999999999830, 0.001999999997815050338 ) ) ;
#4376 = ADVANCED_FACE ( 'NONE', ( #1201 ), #3539, .T. ) ;
#4377 = CARTESIAN_POINT ( 'NONE',  ( 0.001590990257669731931, 0.001590990257669731931, 0.006299999997815050774 ) ) ;
#4378 = CARTESIAN_POINT ( 'NONE',  ( -0.002249999999999999830, 2.755455298081544393E-19, 0.01000000000000000021 ) ) ;
#4379 = CARTESIAN_POINT ( 'NONE',  ( -0.001111340248359257796, -0.002683012700000000049, 0.007299999998907525864 ) ) ;
#4380 = CARTESIAN_POINT ( 'NONE',  ( 0.002683012700000000049, -0.001111340248359258013, 0.01299999999890752607 ) ) ;
#4381 = AXIS2_PLACEMENT_3D ( 'NONE', #2459, #3839, #2386 ) ;
#4382 = CARTESIAN_POINT ( 'NONE',  ( 0.002249999999999999830, 0.000000000000000000, 0.007200000000000000670 ) ) ;
#4383 = ORIENTED_EDGE ( 'NONE', *, *, #1834, .T. ) ;
#4384 =( GEOMETRIC_REPRESENTATION_CONTEXT ( 3 ) GLOBAL_UNCERTAINTY_ASSIGNED_CONTEXT ( ( #2585 ) ) GLOBAL_UNIT_ASSIGNED_CONTEXT ( ( #597, #955, #202 ) ) REPRESENTATION_CONTEXT ( 'NONE', 'WORKASPACE' ) );
#4385 = ORIENTED_EDGE ( 'NONE', *, *, #3689, .F. ) ;
#4386 = CARTESIAN_POINT ( 'NONE',  ( 1.642871457563348924E-19, 0.002683012700000000049, 0.01324999999890752629 ) ) ;
#4387 = CARTESIAN_POINT ( 'NONE',  ( -0.0009319805153394651164, -0.002249999999999999830, 0.007749999999999999944 ) ) ;
#4388 = CARTESIAN_POINT ( 'NONE',  ( 0.001111340248359257146, -0.002683012700000000049, 0.004899999998907527375 ) ) ;
#4389 = ADVANCED_FACE ( 'NONE', ( #3416 ), #2371, .F. ) ;
#4390 = CARTESIAN_POINT ( 'NONE',  ( 0.001111340248359256495, 0.002683012700000000916, 0.004399999998907525196 ) ) ;
#4391 = CARTESIAN_POINT ( 'NONE',  ( -0.002249999999999999830, 2.755455298081544393E-19, 0.0004000000000000000192 ) ) ;
#4392 = AXIS2_PLACEMENT_3D ( 'NONE', #2738, #4217, #1673 ) ;
#4393 = EDGE_LOOP ( 'NONE', ( #3050, #880, #804, #4571 ) ) ;
#4394 = CARTESIAN_POINT ( 'NONE',  ( -0.002683012700000000916, -0.001111340248359255845, 0.01199999999890752518 ) ) ;
#4395 = CARTESIAN_POINT ( 'NONE',  ( -0.002249999999999999830, 2.755455298081544393E-19, 0.01379999999781504963 ) ) ;
#4396 = CARTESIAN_POINT ( 'NONE',  ( -0.002249999999999999830, 2.755455298081544393E-19, 0.008400000000000001216 ) ) ;
#4397 = DIRECTION ( 'NONE',  ( -1.000000000000000000, 0.000000000000000000, 0.000000000000000000 ) ) ;
#4398 = CARTESIAN_POINT ( 'NONE',  ( -0.001897176474179628489, -0.001897176474179627838, 0.009549999998907526128 ) ) ;
#4399 = CARTESIAN_POINT ( 'NONE',  ( 0.001897176474179628272, 0.001897176474179628272, 0.001249999998907525174 ) ) ;
#4400 = CARTESIAN_POINT ( 'NONE',  ( -0.002249999999999999830, 2.755455298081544393E-19, 0.002599999997815050611 ) ) ;
#4401 = CARTESIAN_POINT ( 'NONE',  ( -0.002683012700000000916, -0.001111340248359255845, 0.006399999998907526973 ) ) ;
#4402 = CARTESIAN_POINT ( 'NONE',  ( -4.133182947122316589E-19, -0.002249999999999999830, 0.01580000000000000154 ) ) ;
#4403 = CARTESIAN_POINT ( 'NONE',  ( -0.001897176474179627838, 0.001897176474179628272, 0.006949999998907525380 ) ) ;
#4404 = EDGE_LOOP ( 'NONE', ( #2914, #3011, #3917, #2946 ) ) ;
#4405 = CARTESIAN_POINT ( 'NONE',  ( 0.0009319805153394640322, 0.002250000000000000697, 0.002349999997815050388 ) ) ;
#4406 = CARTESIAN_POINT ( 'NONE',  ( -0.002250000000000000697, 0.0009319805153394642491, 0.003349999997815050409 ) ) ;
#4407 = CARTESIAN_POINT ( 'NONE',  ( 0.001111340248359257146, -0.002683012700000000049, 0.008199999998907525622 ) ) ;
#4408 = CARTESIAN_POINT ( 'NONE',  ( 0.001111340248359257146, -0.002683012700000000049, 0.01529999999890752777 ) ) ;
#4409 = CARTESIAN_POINT ( 'NONE',  ( 0.001590990257669731931, 0.001590990257669731931, 0.006500000000000000569 ) ) ;
#4410 = EDGE_CURVE ( 'NONE', #1743, #3370, #2852, .T. ) ;
#4411 = ORIENTED_EDGE ( 'NONE', *, *, #3238, .F. ) ;
#4412 = CARTESIAN_POINT ( 'NONE',  ( -0.001897176474179627838, 0.001897176474179628272, 0.01334999999890752569 ) ) ;
#4413 = CARTESIAN_POINT ( 'NONE',  ( -0.001590990257669732148, -0.001590990257669731714, 0.008299999997815049949 ) ) ;
#4414 = CARTESIAN_POINT ( 'NONE',  ( -0.001590990257669731714, 0.001590990257669731931, 0.01230000000000000017 ) ) ;
#4415 = CARTESIAN_POINT ( 'NONE',  ( 0.002683012700000000049, -0.001111340248359258013, 0.008199999998907525622 ) ) ;
#4416 = ORIENTED_EDGE ( 'NONE', *, *, #897, .T. ) ;
#4417 = CARTESIAN_POINT ( 'NONE',  ( 0.001111340248359257146, -0.002683012700000000049, 0.01379999999890752817 ) ) ;
#4418 = CARTESIAN_POINT ( 'NONE',  ( 1.377727649040772196E-19, 0.002249999999999999830, 0.01599999999781505020 ) ) ;
#4419 = CARTESIAN_POINT ( 'NONE',  ( -0.002250000000000012840, 0.0009319805153394514555, 0.008949999997815051220 ) ) ;
#4420 = DIRECTION ( 'NONE',  ( -0.000000000000000000, -0.000000000000000000, -1.000000000000000000 ) ) ;
#4421 = CARTESIAN_POINT ( 'NONE',  ( -0.002683012700000000916, 0.001111340248359256495, 0.01019999999890752740 ) ) ;
#4422 = VERTEX_POINT ( 'NONE', #1982 ) ;
#4423 = CARTESIAN_POINT ( 'NONE',  ( 0.001111340248359257146, -0.002683012700000000049, 0.001799999998907525099 ) ) ;
#4424 = FACE_OUTER_BOUND ( 'NONE', #1056, .T. ) ;
#4425 = CARTESIAN_POINT ( 'NONE',  ( 0.001897176474179627622, -0.001897176474179628489, 0.005049999998907525600 ) ) ;
#4426 = CARTESIAN_POINT ( 'NONE',  ( -0.002683012700000000916, 0.001111340248359256495, 0.0005999999989075252040 ) ) ;
#4427 = CARTESIAN_POINT ( 'NONE',  ( 0.002683012700000000916, 0.001111340248359256279, 0.005899999998907526529 ) ) ;
#4428 = CARTESIAN_POINT ( 'NONE',  ( 0.002249999999999999830, 0.000000000000000000, 0.002199999997815050429 ) ) ;
#4429 = CARTESIAN_POINT ( 'NONE',  ( -0.002250000000000000697, -0.0009319805153394634901, 0.005849999997815051762 ) ) ;
#4430 = CARTESIAN_POINT ( 'NONE',  ( -0.001897176474179627838, 0.001897176474179628272, 0.008649999998907524634 ) ) ;
#4431 = CARTESIAN_POINT ( 'NONE',  ( 0.002683012700000000916, 0.001111340248359256279, 0.01549999999890752655 ) ) ;
#4432 = CARTESIAN_POINT ( 'NONE',  ( 0.0009319805153394645743, -0.002249999999999999830, 0.006250000000000000347 ) ) ;
#4433 =( BOUNDED_CURVE ( )  B_SPLINE_CURVE ( 2, ( #163, #1576, #494, #4582, #3417, #1629, #558, #4236, #889 ),
 .UNSPECIFIED., .F., .T. ) 
 B_SPLINE_CURVE_WITH_KNOTS ( ( 3, 2, 2, 2, 3 ),
 ( 0.2250000000000000056, 0.2312500000000000111, 0.2374999999999999889, 0.2437499999999999944, 0.2500000000000000000 ),
 .UNSPECIFIED. ) 
 CURVE ( )  GEOMETRIC_REPRESENTATION_ITEM ( )  RATIONAL_B_SPLINE_CURVE ( ( 1.000000000000000000, 0.9238795325112867385, 1.000000000000000000, 0.9238795325112867385, 1.000000000000000000, 0.9238795325112867385, 1.000000000000000000, 0.9238795325112867385, 1.000000000000000000 ) ) 
 REPRESENTATION_ITEM ( '' )  );
#4434 = ORIENTED_EDGE ( 'NONE', *, *, #2097, .F. ) ;
#4435 = CARTESIAN_POINT ( 'NONE',  ( 0.001111340248359257146, -0.002683012700000000049, 0.01529999999890752777 ) ) ;
#4436 = CARTESIAN_POINT ( 'NONE',  ( 0.001590990257669731497, -0.001590990257669732148, 0.005299999997815050753 ) ) ;
#4437 = CARTESIAN_POINT ( 'NONE',  ( 0.002249999999999999830, 2.755455298081544393E-19, 0.01799999999999999864 ) ) ;
#4438 = CARTESIAN_POINT ( 'NONE',  ( 0.002683012700000000916, 0.001111340248359256279, 0.007499999998907526388 ) ) ;
#4439 = CARTESIAN_POINT ( 'NONE',  ( -0.001590990257669731714, 0.001590990257669731931, 0.003299999997815050712 ) ) ;
#4440 = ORIENTED_EDGE ( 'NONE', *, *, #3022, .F. ) ;
#4441 = CARTESIAN_POINT ( 'NONE',  ( 0.002683012700000000049, 0.000000000000000000, 0.01474999999890752589 ) ) ;
#4442 = CARTESIAN_POINT ( 'NONE',  ( 0.002249999999999999830, 0.000000000000000000, 0.01499999999781505104 ) ) ;
#4443 = CARTESIAN_POINT ( 'NONE',  ( -0.002250000000000000697, 0.0009319805153394642491, 0.009950000000000000511 ) ) ;
#4444 = CARTESIAN_POINT ( 'NONE',  ( -0.001897176474179628489, -0.001897176474179627838, 0.008749999998907525764 ) ) ;
#4445 = ORIENTED_EDGE ( 'NONE', *, *, #2693, .T. ) ;
#4446 = CARTESIAN_POINT ( 'NONE',  ( -0.002683012700000000916, 0.001111340248359256495, 0.007099999998907525339 ) ) ;
#4447 = CARTESIAN_POINT ( 'NONE',  ( 0.002249999999999987253, 0.0009319805153394767174, 0.01125000000000000479 ) ) ;
#4448 = CARTESIAN_POINT ( 'NONE',  ( -0.001897176474179628489, -0.001897176474179627838, 0.005649999998907525439 ) ) ;
#4449 = CARTESIAN_POINT ( 'NONE',  ( -0.002683012700000000049, 3.285742915126697848E-19, 0.001449999998907525265 ) ) ;
#4450 = CARTESIAN_POINT ( 'NONE',  ( 0.002683012700000000049, 0.000000000000000000, 0.007449999998907525824 ) ) ;
#4451 = ORIENTED_EDGE ( 'NONE', *, *, #765, .T. ) ;
#4452 = CARTESIAN_POINT ( 'NONE',  ( 1.642871457563348924E-19, 0.002683012700000000049, 0.01324999999890752629 ) ) ;
#4453 = CARTESIAN_POINT ( 'NONE',  ( -0.002683012700000000916, 0.001111340248359256495, 0.01019999999890752740 ) ) ;
#4454 = CARTESIAN_POINT ( 'NONE',  ( -0.002250000000000000697, -0.0009319805153394634901, 0.003449999997815051105 ) ) ;
#4455 = CARTESIAN_POINT ( 'NONE',  ( -4.928614372690046772E-19, -0.002683012700000000049, 0.008949999998907524554 ) ) ;
#4456 = CARTESIAN_POINT ( 'NONE',  ( -0.001897176474179627838, 0.001897176474179628272, 0.01574999999890752678 ) ) ;
#4457 = CARTESIAN_POINT ( 'NONE',  ( -0.002249999999999999830, 2.755455298081544393E-19, 0.007599999999999999985 ) ) ;
#4458 = VECTOR ( 'NONE', #4078, 1.000000000000000000 ) ;
#4459 = CARTESIAN_POINT ( 'NONE',  ( -4.928614372690046772E-19, -0.002683012700000000049, 0.01364999999890752561 ) ) ;
#4460 = CARTESIAN_POINT ( 'NONE',  ( 0.0009319805153394645743, -0.002249999999999999830, 0.005249999997815051056 ) ) ;
#4461 = CARTESIAN_POINT ( 'NONE',  ( 0.0009319805153394640322, 0.002250000000000000697, 0.006550000000000001134 ) ) ;
#4462 = CARTESIAN_POINT ( 'NONE',  ( -0.002683012700000000049, 3.285742915126697848E-19, 0.006249999998907525278 ) ) ;
#4463 = CARTESIAN_POINT ( 'NONE',  ( 0.001111340248359257146, -0.002683012700000000049, 0.004099999998907525277 ) ) ;
#4464 = ORIENTED_EDGE ( 'NONE', *, *, #1532, .F. ) ;
#4465 = EDGE_CURVE ( 'NONE', #4573, #2884, #3192, .T. ) ;
#4466 = CARTESIAN_POINT ( 'NONE',  ( -0.002683012700000000916, -0.001111340248359255845, 0.01599999999890752700 ) ) ;
#4467 = CARTESIAN_POINT ( 'NONE',  ( -0.002250000000000000697, 0.0009319805153394642491, 0.01374999999781504820 ) ) ;
#4468 = DIRECTION ( 'NONE',  ( -0.000000000000000000, -0.000000000000000000, -1.000000000000000000 ) ) ;
#4469 = CARTESIAN_POINT ( 'NONE',  ( 0.001111340248359256495, 0.002683012700000000916, 0.01239999999890752623 ) ) ;
#4470 = CARTESIAN_POINT ( 'NONE',  ( -0.001111340248359256062, 0.002683012700000000916, 0.006199999998907525581 ) ) ;
#4471 = CARTESIAN_POINT ( 'NONE',  ( -0.001590990257669732148, -0.001590990257669731714, 0.001899999997815050509 ) ) ;
#4472 = CARTESIAN_POINT ( 'NONE',  ( 0.002249999999999999830, -0.0009319805153394653333, 0.01494999999781504961 ) ) ;
#4473 = CARTESIAN_POINT ( 'NONE',  ( -0.001897176474179628489, -0.001897176474179627838, 0.007249999998907526166 ) ) ;
#4474 = CARTESIAN_POINT ( 'NONE',  ( -0.001111340248359257796, -0.002683012700000000049, 0.0007999999989075252949 ) ) ;
#4475 = VERTEX_POINT ( 'NONE', #888 ) ;
#4476 = EDGE_CURVE ( 'NONE', #737, #1889, #4157, .T. ) ;
#4477 = VERTEX_POINT ( 'NONE', #2276 ) ;
#4478 = CARTESIAN_POINT ( 'NONE',  ( -0.002683012700000000049, 3.285742915126697848E-19, 0.01104999999890752573 ) ) ;
#4479 = CARTESIAN_POINT ( 'NONE',  ( 0.002683012700000000049, 0.000000000000000000, 0.008249999998907525320 ) ) ;
#4480 = CARTESIAN_POINT ( 'NONE',  ( -0.0009319805153394651164, -0.002249999999999999830, 0.007549999997815051017 ) ) ;
#4481 = CARTESIAN_POINT ( 'NONE',  ( -0.001111340248359256062, 0.002683012700000000916, 0.01259999999890752502 ) ) ;
#4482 = CARTESIAN_POINT ( 'NONE',  ( -0.001897176474179628489, -0.001897176474179627838, 0.01594999999890752904 ) ) ;
#4483 = CARTESIAN_POINT ( 'NONE',  ( 0.002250000000000000697, 0.0009319805153394639238, 0.004850000000000000144 ) ) ;
#4484 = ORIENTED_EDGE ( 'NONE', *, *, #4521, .T. ) ;
#4485 = CARTESIAN_POINT ( 'NONE',  ( -0.002250000000000000697, -0.0009319805153394634901, 0.01544999999781505005 ) ) ;
#4486 = CARTESIAN_POINT ( 'NONE',  ( 0.0009319805153394645743, -0.002249999999999999830, 0.006250000000000000347 ) ) ;
#4487 = CARTESIAN_POINT ( 'NONE',  ( -0.002249999999999999830, 2.755455298081544393E-19, 0.004999999997815050834 ) ) ;
#4488 = CARTESIAN_POINT ( 'NONE',  ( 0.001111340248359257146, -0.002683012700000000049, 0.007299999998907525864 ) ) ;
#4489 = ORIENTED_EDGE ( 'NONE', *, *, #967, .F. ) ;
#4490 = CARTESIAN_POINT ( 'NONE',  ( -0.002683012700000000916, 0.001111340248359256495, 0.01429999999890752688 ) ) ;
#4491 = CARTESIAN_POINT ( 'NONE',  ( 1.377727649040772196E-19, 0.002249999999999999830, 0.01519999999781504983 ) ) ;
#4492 = CARTESIAN_POINT ( 'NONE',  ( 0.002249999999999999830, 0.000000000000000000, 0.01019999999781505060 ) ) ;
#4493 = CARTESIAN_POINT ( 'NONE',  ( -0.002683012700000000049, 3.285742915126697848E-19, 0.01184999999890752609 ) ) ;
#4494 = CARTESIAN_POINT ( 'NONE',  ( -0.001111340248359257796, -0.002683012700000000049, 0.004099999998907525277 ) ) ;
#4495 = CARTESIAN_POINT ( 'NONE',  ( 0.0009319805153394645743, -0.002249999999999999830, 0.002049999997815050469 ) ) ;
#4496 = CARTESIAN_POINT ( 'NONE',  ( 0.000000000000000000, 0.000000000000000000, 0.01799999999999999864 ) ) ;
#4497 = CARTESIAN_POINT ( 'NONE',  ( -0.002683012700000000916, -0.001111340248359255845, 0.007999999998907525098 ) ) ;
#4498 = CARTESIAN_POINT ( 'NONE',  ( -0.002683012700000000916, -0.001111340248359255845, 0.003899999998907525186 ) ) ;
#4499 = ORIENTED_EDGE ( 'NONE', *, *, #3107, .T. ) ;
#4500 = CARTESIAN_POINT ( 'NONE',  ( 0.001111340248359256495, 0.002683012700000000916, 0.01079999999890752550 ) ) ;
#4501 = CARTESIAN_POINT ( 'NONE',  ( -0.001897176474179627838, 0.001897176474179628272, 0.009349999998907525603 ) ) ;
#4502 = CARTESIAN_POINT ( 'NONE',  ( -0.002250000000000000697, 0.0009319805153394642491, 0.008949999997815049485 ) ) ;
#4503 = CARTESIAN_POINT ( 'NONE',  ( -0.002683012700000000049, 3.285742915126697848E-19, 0.01114999999890752512 ) ) ;
#4504 = PLANE ( 'NONE',  #478 ) ;
#4505 = CARTESIAN_POINT ( 'NONE',  ( 1.377727649040772196E-19, 0.002249999999999999830, 0.009000000000000001055 ) ) ;
#4506 =( BOUNDED_CURVE ( )  B_SPLINE_CURVE ( 2, ( #3637, #1797, #3266, #1984, #2690, #3852, #914, #164, #1630, #4604, #2732, #1577, #2005, #495, #4135, #517, #3467, #1648, #204, #2712, #3076, #4183, #4584, #4210, #2278, #2306, #1290, #4532, #1553, #2758, #3490, #868, #3121, #3052, #3031, #470, #1223, #1602, #4160, #3826, #2374, #4558, #2329, #3801, #3098, #186, #4509, #1246, #1964, #559, #4237, #3443, #890, #2350, #536, #115, #1268, #3754, #1922, #3395, #1199, #2670, #843, #3780, #1942, #3418, #139, #2048, #275, #1376, #2874, #4670, #647, #1025, #2779, #2094, #4280, #2421, #298, #3892, #4330, #599, #3535, #3142, #249, #1667, #1004, #939, #3604, #4696, #1398, #3234, #323, #1740, #2847, #1768, #4304, #224, #2492, #2399, #3163, #980, #1692, #2442, #3211, #4720, #3873, #3560, #2468, #3913, #623, #579, #957, #2071, #3189, #1715, #4647, #3580, #1332, #3962, #669, #2122, #2024, #4627, #2798, #1351, #3509, #2822, #1311, #3938, #4261, #2171, #1098, #1147, #3363, #1477, #1866, #60, #4356, #4379, #1892, #3335, #2539, #1500, #1791, #2197, #346, #1121, #1052, #3680, #2565, #741, #1521, #85, #2246, #392, #1815, #4407, #3705, #770, #3260, #1843, #3312, #418, #39, #2956, #4430, #2592, #2514, #4034, #4746, #2981, #4455, #1450, #2902, #3987, #4060, #1425, #2624, #2221, #4011, #4085, #793, #696, #2147, #3728, #3283, #2930, #441, #3653, #3631, #1076, #372, #718, #15, #1194, #2666, #464, #2297, #3748, #3069, #4577, #907, #2366, #4204, #1917, #3485, #1571, #2324, #3796, #1262, #180, #512, #1958, #3437, #3047, #4503, #4526, #2344, #2001, #553, #1596, #1217, #2685, #3847, #3027, #4154, #159, #862, #4552, #1240, #2706, #4177, #4130, #3461, #1623, #3092, #884, #3819, #530, #3389, #1977, #2726, #198, #3004, #4481, #1170, #2645, #4108, #813, #836, #2273, #110, #1549, #3774, #490, #1937, #3413, #133, #2088, #291, #932, #268, #2391, #2415, #2774, #1346, #2040, #3204, #1732, #4274, #997, #3955, #3574, #950, #1369, #4619, #3503, #4640, #2815, #1019, #3157, #4689, #663, #3554, #3931, #2840, #1644, #1660, #2115, #3885, #3866, #3596, #4324, #241, #2486, #591, #573, #4598, #3527, #973, #3115, #1282, #2749, #2435, #1685, #1324, #2462, #4295, #2018, #3906, #2791, #4230, #219, #616, #2064, #1706, #3181, #3134, #4663, #641 ),
 .UNSPECIFIED., .F., .F. ) 
 B_SPLINE_CURVE_WITH_KNOTS ( ( 3, 2, 2, 2, 2, 2, 2, 2, 2, 2, 2, 2, 2, 2, 2, 2, 2, 2, 2, 2, 2, 2, 2, 2, 2, 2, 2, 2, 2, 2, 2, 2, 2, 2, 2, 2, 2, 2, 2, 2, 2, 2, 2, 2, 2, 2, 2, 2, 2, 2, 2, 2, 2, 2, 2, 2, 2, 2, 2, 2, 2, 2, 2, 2, 2, 2, 2, 2, 2, 2, 2, 2, 2, 2, 2, 2, 2, 2, 2, 2, 2, 2, 2, 2, 2, 2, 2, 2, 2, 2, 2, 2, 2, 2, 2, 2, 2, 2, 2, 2, 2, 2, 2, 2, 2, 2, 2, 2, 2, 2, 2, 2, 2, 2, 2, 2, 2, 2, 2, 2, 2, 2, 2, 2, 2, 2, 2, 2, 2, 2, 2, 2, 2, 2, 2, 2, 2, 2, 2, 2, 2, 2, 2, 2, 2, 2, 2, 2, 2, 2, 2, 2, 2, 2, 2, 2, 2, 2, 2, 2, 3 ),
 ( 0.000000000000000000, 0.006250000000000000347, 0.01250000000000000069, 0.01874999999999999931, 0.02500000000000000139, 0.03125000000000000000, 0.03749999999999999861, 0.04374999999999999722, 0.05000000000000000278, 0.05625000000000000139, 0.06250000000000000000, 0.06875000000000000555, 0.07499999999999999722, 0.08125000000000000278, 0.08749999999999999445, 0.09375000000000000000, 0.1000000000000000056, 0.1062499999999999972, 0.1125000000000000028, 0.1187499999999999944, 0.1250000000000000000, 0.1312500000000000056, 0.1375000000000000111, 0.1437499999999999889, 0.1499999999999999944, 0.1562500000000000000, 0.1625000000000000056, 0.1687500000000000111, 0.1749999999999999889, 0.1812499999999999944, 0.1875000000000000000, 0.1937500000000000056, 0.2000000000000000111, 0.2062499999999999889, 0.2124999999999999944, 0.2187500000000000000, 0.2250000000000000056, 0.2312500000000000111, 0.2374999999999999889, 0.2437499999999999944, 0.2500000000000000000, 0.2562499999999999778, 0.2625000000000000111, 0.2687499999999999889, 0.2750000000000000222, 0.2812500000000000000, 0.2874999999999999778, 0.2937500000000000111, 0.2999999999999999889, 0.3062500000000000222, 0.3125000000000000000, 0.3187499999999999778, 0.3250000000000000111, 0.3312499999999999889, 0.3375000000000000222, 0.3437500000000000000, 0.3499999999999999778, 0.3562500000000000111, 0.3624999999999999889, 0.3687500000000000222, 0.3750000000000000000, 0.3812499999999999778, 0.3875000000000000111, 0.3937499999999999889, 0.4000000000000000222, 0.4062500000000000000, 0.4124999999999999778, 0.4187500000000000111, 0.4249999999999999889, 0.4312500000000000222, 0.4375000000000000000, 0.4437499999999999778, 0.4500000000000000111, 0.4562499999999999889, 0.4625000000000000222, 0.4687500000000000000, 0.4749999999999999778, 0.4812500000000000111, 0.4874999999999999889, 0.4937500000000000222, 0.5000000000000000000, 0.5062499999999999778, 0.5124999999999999556, 0.5187500000000000444, 0.5250000000000000222, 0.5312500000000000000, 0.5374999999999999778, 0.5437499999999999556, 0.5500000000000000444, 0.5562500000000000222, 0.5625000000000000000, 0.5687499999999999778, 0.5749999999999999556, 0.5812500000000000444, 0.5875000000000000222, 0.5937500000000000000, 0.5999999999999999778, 0.6062499999999999556, 0.6125000000000000444, 0.6187500000000000222, 0.6250000000000000000, 0.6312499999999999778, 0.6374999999999999556, 0.6437500000000000444, 0.6500000000000000222, 0.6562500000000000000, 0.6624999999999999778, 0.6687499999999999556, 0.6750000000000000444, 0.6812500000000000222, 0.6875000000000000000, 0.6937499999999999778, 0.6999999999999999556, 0.7062500000000000444, 0.7125000000000000222, 0.7187500000000000000, 0.7249999999999999778, 0.7312499999999999556, 0.7375000000000000444, 0.7437500000000000222, 0.7500000000000000000, 0.7562499999999999778, 0.7624999999999999556, 0.7687500000000000444, 0.7750000000000000222, 0.7812500000000000000, 0.7874999999999999778, 0.7937499999999999556, 0.8000000000000000444, 0.8062500000000000222, 0.8125000000000000000, 0.8187499999999999778, 0.8249999999999999556, 0.8312500000000000444, 0.8375000000000000222, 0.8437500000000000000, 0.8499999999999999778, 0.8562499999999999556, 0.8625000000000000444, 0.8687500000000000222, 0.8750000000000000000, 0.8812499999999999778, 0.8874999999999999556, 0.8937500000000000444, 0.9000000000000000222, 0.9062500000000000000, 0.9124999999999999778, 0.9187499999999999556, 0.9250000000000000444, 0.9312500000000000222, 0.9375000000000000000, 0.9437499999999999778, 0.9499999999999999556, 0.9562500000000000444, 0.9625000000000000222, 0.9687500000000000000, 0.9749999999999999778, 0.9812499999999999556, 0.9875000000000000444, 0.9937500000000000222, 1.000000000000000000 ),
 .UNSPECIFIED. ) 
 CURVE ( )  GEOMETRIC_REPRESENTATION_ITEM ( )  RATIONAL_B_SPLINE_CURVE ( ( 1.000000000000000000, 0.9238795325112867385, 1.000000000000000000, 0.9238795325112867385, 1.000000000000000000, 0.9238795325112867385, 1.000000000000000000, 0.9238795325112867385, 1.000000000000000000, 0.9238795325112867385, 1.000000000000000000, 0.9238795325112867385, 1.000000000000000000, 0.9238795325112867385, 1.000000000000000000, 0.9238795325112867385, 1.000000000000000000, 0.9238795325112867385, 1.000000000000000000, 0.9238795325112867385, 1.000000000000000000, 0.9238795325112867385, 1.000000000000000000, 0.9238795325112867385, 1.000000000000000000, 0.9238795325112867385, 1.000000000000000000, 0.9238795325112867385, 1.000000000000000000, 0.9238795325112867385, 1.000000000000000000, 0.9238795325112867385, 1.000000000000000000, 0.9238795325112867385, 1.000000000000000000, 0.9238795325112867385, 1.000000000000000000, 0.9238795325112867385, 1.000000000000000000, 0.9238795325112867385, 1.000000000000000000, 0.9238795325112867385, 1.000000000000000000, 0.9238795325112867385, 1.000000000000000000, 0.9238795325112867385, 1.000000000000000000, 0.9238795325112867385, 1.000000000000000000, 0.9238795325112867385, 1.000000000000000000, 0.9238795325112867385, 1.000000000000000000, 0.9238795325112867385, 1.000000000000000000, 0.9238795325112867385, 1.000000000000000000, 0.9238795325112867385, 1.000000000000000000, 0.9238795325112867385, 1.000000000000000000, 0.9238795325112867385, 1.000000000000000000, 0.9238795325112867385, 1.000000000000000000, 0.9238795325112867385, 1.000000000000000000, 0.9238795325112867385, 1.000000000000000000, 0.9238795325112867385, 1.000000000000000000, 0.9238795325112867385, 1.000000000000000000, 0.9238795325112867385, 1.000000000000000000, 0.9238795325112867385, 1.000000000000000000, 0.9238795325112867385, 1.000000000000000000, 0.9238795325112867385, 1.000000000000000000, 0.9238795325112867385, 1.000000000000000000, 0.9238795325112867385, 1.000000000000000000, 0.9238795325112867385, 1.000000000000000000, 0.9238795325112867385, 1.000000000000000000, 0.9238795325112867385, 1.000000000000000000, 0.9238795325112867385, 1.000000000000000000, 0.9238795325112867385, 1.000000000000000000, 0.9238795325112867385, 1.000000000000000000, 0.9238795325112867385, 1.000000000000000000, 0.9238795325112867385, 1.000000000000000000, 0.9238795325112867385, 1.000000000000000000, 0.9238795325112867385, 1.000000000000000000, 0.9238795325112867385, 1.000000000000000000, 0.9238795325112867385, 1.000000000000000000, 0.9238795325112867385, 1.000000000000000000, 0.9238795325112867385, 1.000000000000000000, 0.9238795325112867385, 1.000000000000000000, 0.9238795325112867385, 1.000000000000000000, 0.9238795325112867385, 1.000000000000000000, 0.9238795325112867385, 1.000000000000000000, 0.9238795325112867385, 1.000000000000000000, 0.9238795325112867385, 1.000000000000000000, 0.9238795325112867385, 1.000000000000000000, 0.9238795325112867385, 1.000000000000000000, 0.9238795325112867385, 1.000000000000000000, 0.9238795325112867385, 1.000000000000000000, 0.9238795325112867385, 1.000000000000000000, 0.9238795325112867385, 1.000000000000000000, 0.9238795325112867385, 1.000000000000000000, 0.9238795325112867385, 1.000000000000000000, 0.9238795325112867385, 1.000000000000000000, 0.9238795325112867385, 1.000000000000000000, 0.9238795325112867385, 1.000000000000000000, 0.9238795325112867385, 1.000000000000000000, 0.9238795325112867385, 1.000000000000000000, 0.9238795325112867385, 1.000000000000000000, 0.9238795325112867385, 1.000000000000000000, 0.9238795325112867385, 1.000000000000000000, 0.9238795325112867385, 1.000000000000000000, 0.9238795325112867385, 1.000000000000000000, 0.9238795325112867385, 1.000000000000000000, 0.9238795325112867385, 1.000000000000000000, 0.9238795325112867385, 1.000000000000000000, 0.9238795325112867385, 1.000000000000000000, 0.9238795325112867385, 1.000000000000000000, 0.9238795325112867385, 1.000000000000000000, 0.9238795325112867385, 1.000000000000000000, 0.9238795325112867385, 1.000000000000000000, 0.9238795325112867385, 1.000000000000000000, 0.9238795325112867385, 1.000000000000000000, 0.9238795325112867385, 1.000000000000000000, 0.9238795325112867385, 1.000000000000000000, 0.9238795325112867385, 1.000000000000000000, 0.9238795325112867385, 1.000000000000000000, 0.9238795325112867385, 1.000000000000000000, 0.9238795325112867385, 1.000000000000000000, 0.9238795325112867385, 1.000000000000000000, 0.9238795325112867385, 1.000000000000000000, 0.9238795325112867385, 1.000000000000000000, 0.9238795325112867385, 1.000000000000000000, 0.9238795325112867385, 1.000000000000000000, 0.9238795325112867385, 1.000000000000000000, 0.9238795325112867385, 1.000000000000000000, 0.9238795325112867385, 1.000000000000000000, 0.9238795325112867385, 1.000000000000000000, 0.9238795325112867385, 1.000000000000000000, 0.9238795325112867385, 1.000000000000000000, 0.9238795325112867385, 1.000000000000000000, 0.9238795325112867385, 1.000000000000000000, 0.9238795325112867385, 1.000000000000000000, 0.9238795325112867385, 1.000000000000000000, 0.9238795325112867385, 1.000000000000000000, 0.9238795325112867385, 1.000000000000000000, 0.9238795325112867385, 1.000000000000000000, 0.9238795325112867385, 1.000000000000000000, 0.9238795325112867385, 1.000000000000000000, 0.9238795325112867385, 1.000000000000000000, 0.9238795325112867385, 1.000000000000000000, 0.9238795325112867385, 1.000000000000000000, 0.9238795325112867385, 1.000000000000000000, 0.9238795325112867385, 1.000000000000000000, 0.9238795325112867385, 1.000000000000000000, 0.9238795325112867385, 1.000000000000000000, 0.9238795325112867385, 1.000000000000000000, 0.9238795325112867385, 1.000000000000000000, 0.9238795325112867385, 1.000000000000000000, 0.9238795325112867385, 1.000000000000000000, 0.9238795325112867385, 1.000000000000000000, 0.9238795325112867385, 1.000000000000000000, 0.9238795325112867385, 1.000000000000000000, 0.9238795325112867385, 1.000000000000000000, 0.9238795325112867385, 1.000000000000000000, 0.9238795325112867385, 1.000000000000000000, 0.9238795325112867385, 1.000000000000000000, 0.9238795325112867385, 1.000000000000000000, 0.9238795325112867385, 1.000000000000000000, 0.9238795325112867385, 1.000000000000000000, 0.9238795325112867385, 1.000000000000000000, 0.9238795325112867385, 1.000000000000000000, 0.9238795325112867385, 1.000000000000000000, 0.9238795325112867385, 1.000000000000000000, 0.9238795325112867385, 1.000000000000000000, 0.9238795325112867385, 1.000000000000000000, 0.9238795325112867385, 1.000000000000000000, 0.9238795325112867385, 1.000000000000000000, 0.9238795325112867385, 1.000000000000000000, 0.9238795325112867385, 1.000000000000000000, 0.9238795325112867385, 1.000000000000000000, 0.9238795325112867385, 1.000000000000000000, 0.9238795325112867385, 1.000000000000000000, 0.9238795325112867385, 1.000000000000000000, 0.9238795325112867385, 1.000000000000000000, 0.9238795325112867385, 1.000000000000000000, 0.9238795325112867385, 1.000000000000000000, 0.9238795325112867385, 1.000000000000000000, 0.9238795325112867385, 1.000000000000000000, 0.9238795325112867385, 1.000000000000000000, 0.9238795325112867385, 1.000000000000000000, 0.9238795325112867385, 1.000000000000000000, 0.9238795325112867385, 1.000000000000000000 ) ) 
 REPRESENTATION_ITEM ( '' )  );
#4507 = CARTESIAN_POINT ( 'NONE',  ( 0.001590990257669731931, 0.001590990257669731931, 0.004699999997815050914 ) ) ;
#4508 = CARTESIAN_POINT ( 'NONE',  ( -0.002249999999999999830, 2.755455298081544393E-19, 0.008199999997815050554 ) ) ;
#4509 = CARTESIAN_POINT ( 'NONE',  ( 0.001897176474179627622, -0.001897176474179628489, 0.002649999998907525377 ) ) ;
#4510 = CARTESIAN_POINT ( 'NONE',  ( -0.002683012700000000916, -0.001111340248359255845, 0.007099999998907525339 ) ) ;
#4511 = CARTESIAN_POINT ( 'NONE',  ( 1.377727649040772196E-19, 0.002249999999999999830, 0.002399999997815050520 ) ) ;
#4512 = CARTESIAN_POINT ( 'NONE',  ( 1.642871457563348924E-19, 0.002683012700000000049, 0.01574999999890752678 ) ) ;
#4513 = CARTESIAN_POINT ( 'NONE',  ( -0.002249999999999999830, 0.000000000000000000, 0.01799999999999999864 ) ) ;
#4514 = CARTESIAN_POINT ( 'NONE',  ( -0.002249999999999988121, -0.0009319805153394762837, 0.009849999997815050978 ) ) ;
#4515 = CARTESIAN_POINT ( 'NONE',  ( -0.002683012700000000916, 0.001111340248359256495, 0.005499999998907525479 ) ) ;
#4516 = CARTESIAN_POINT ( 'NONE',  ( 0.002249999999999999830, 2.755455298081544393E-19, 0.01799999999999999864 ) ) ;
#4517 = CARTESIAN_POINT ( 'NONE',  ( -0.002249999999999999830, 0.000000000000000000, 0.01799999999999999864 ) ) ;
#4518 = CARTESIAN_POINT ( 'NONE',  ( -0.002683012700000000049, 3.285742915126697848E-19, 0.01034999999890752476 ) ) ;
#4519 = CARTESIAN_POINT ( 'NONE',  ( 0.002683012700000000049, 0.000000000000000000, 0.003449999998907525307 ) ) ;
#4520 = ORIENTED_EDGE ( 'NONE', *, *, #3233, .F. ) ;
#4521 = EDGE_CURVE ( 'NONE', #1220, #3844, #841, .T. ) ;
#4522 = EDGE_LOOP ( 'NONE', ( #2446, #1258, #3683, #106 ) ) ;
#4523 = CARTESIAN_POINT ( 'NONE',  ( -0.001111340248359257796, -0.002683012700000000049, 0.01279999999890752728 ) ) ;
#4524 = CARTESIAN_POINT ( 'NONE',  ( 0.001897176474179627622, -0.001897176474179628489, 0.009749999998907524917 ) ) ;
#4525 = CARTESIAN_POINT ( 'NONE',  ( -0.0009319805153394651164, -0.002249999999999999830, 0.006749999997815050654 ) ) ;
#4526 = CARTESIAN_POINT ( 'NONE',  ( -0.002683012700000000916, -0.001111340248359255845, 0.01119999999890752655 ) ) ;
#4527 = DIRECTION ( 'NONE',  ( -0.000000000000000000, -0.000000000000000000, -1.000000000000000000 ) ) ;
#4528 = CARTESIAN_POINT ( 'NONE',  ( 0.002250000000000000697, 0.0009319805153394639238, 0.009650000000000000591 ) ) ;
#4529 = CARTESIAN_POINT ( 'NONE',  ( 0.002249999999999999830, 0.000000000000000000, 0.001399999997815050499 ) ) ;
#4530 = CARTESIAN_POINT ( 'NONE',  ( -0.001590990257669732148, -0.001590990257669731714, 0.01010000000000000134 ) ) ;
#4531 = CARTESIAN_POINT ( 'NONE',  ( 0.002683012700000000049, -0.001111340248359258013, 0.0009999999989075251689 ) ) ;
#4532 = CARTESIAN_POINT ( 'NONE',  ( -0.001111340248359257796, -0.002683012700000000049, 0.001699999998907525270 ) ) ;
#4533 = CARTESIAN_POINT ( 'NONE',  ( -0.001111340248359256062, 0.002683012700000000916, 0.01169999999890752700 ) ) ;
#4534 =( BOUNDED_CURVE ( )  B_SPLINE_CURVE ( 2, ( #4733, #2577, #1779, #659, #2554, #3295, #2158, #2109, #4396 ),
 .UNSPECIFIED., .F., .F. ) 
 B_SPLINE_CURVE_WITH_KNOTS ( ( 3, 2, 2, 2, 3 ),
 ( 0.5000000000000000000, 0.5062499999999999778, 0.5124999999999999556, 0.5187500000000001554, 0.5250000000000001332 ),
 .UNSPECIFIED. ) 
 CURVE ( )  GEOMETRIC_REPRESENTATION_ITEM ( )  RATIONAL_B_SPLINE_CURVE ( ( 1.000000000000000000, 0.9238795325112867385, 1.000000000000000000, 0.9238795325112867385, 1.000000000000000000, 0.9238795325112867385, 1.000000000000000000, 0.9238795325112854062, 1.000000000000001332 ) ) 
 REPRESENTATION_ITEM ( '' )  );
#4535 = CARTESIAN_POINT ( 'NONE',  ( -0.0009319805153394637070, 0.002250000000000000697, 0.002449999997815050651 ) ) ;
#4536 = AXIS2_PLACEMENT_3D ( 'NONE', #2578, #757, #4397 ) ;
#4537 = FACE_OUTER_BOUND ( 'NONE', #2347, .T. ) ;
#4538 = CARTESIAN_POINT ( 'NONE',  ( -4.133182947122316589E-19, -0.002249999999999999830, 0.004399999997815050128 ) ) ;
#4539 = CARTESIAN_POINT ( 'NONE',  ( -0.001590990257669732148, -0.001590990257669731714, 0.009899999997815050676 ) ) ;
#4540 = CARTESIAN_POINT ( 'NONE',  ( -0.001111340248359257796, -0.002683012700000000049, 0.0007999999989075252949 ) ) ;
#4541 = UNCERTAINTY_MEASURE_WITH_UNIT (LENGTH_MEASURE( 1.000000000000000082E-05 ), #2755, 'distance_accuracy_value', 'NONE');
#4542 = CARTESIAN_POINT ( 'NONE',  ( 0.002683012700000000916, 0.001111340248359256279, 0.006799999998907525420 ) ) ;
#4543 = AXIS2_PLACEMENT_3D ( 'NONE', #2599, #2548, #1085 ) ;
#4544 = CARTESIAN_POINT ( 'NONE',  ( 0.002249999999999999830, 0.000000000000000000, 0.01499999999781505104 ) ) ;
#4545 = CARTESIAN_POINT ( 'NONE',  ( 0.000000000000000000, 0.000000000000000000, 0.01799999999999999864 ) ) ;
#4546 = CARTESIAN_POINT ( 'NONE',  ( 0.002683012700000000916, 0.001111340248359256279, 0.009199999998907526511 ) ) ;
#4547 = CARTESIAN_POINT ( 'NONE',  ( 0.001111340248359257146, -0.002683012700000000049, 0.002499999998907525417 ) ) ;
#4548 = VECTOR ( 'NONE', #516, 1.000000000000000000 ) ;
#4549 = ORIENTED_EDGE ( 'NONE', *, *, #2988, .F. ) ;
#4550 = CARTESIAN_POINT ( 'NONE',  ( 0.002683012700000000049, -0.001111340248359258013, 0.01059999999890752498 ) ) ;
#4551 = CARTESIAN_POINT ( 'NONE',  ( -4.133182947122316589E-19, -0.002249999999999999830, 0.009199999997815049707 ) ) ;
#4552 = CARTESIAN_POINT ( 'NONE',  ( -0.001111340248359256062, 0.002683012700000000916, 0.01179999999890752292 ) ) ;
#4553 = CARTESIAN_POINT ( 'NONE',  ( -0.002683012700000000916, -0.001111340248359255845, 0.0007999999989075252949 ) ) ;
#4554 = CARTESIAN_POINT ( 'NONE',  ( 0.0009319805153394645743, -0.002249999999999999830, 0.009450000000000000067 ) ) ;
#4555 = EDGE_CURVE ( 'NONE', #368, #3214, #1710, .T. ) ;
#4556 = CARTESIAN_POINT ( 'NONE',  ( 0.002249999999999999830, 0.000000000000000000, 0.01339999999781505031 ) ) ;
#4557 = FACE_OUTER_BOUND ( 'NONE', #2557, .T. ) ;
#4558 = CARTESIAN_POINT ( 'NONE',  ( -0.002683012700000000916, -0.001111340248359255845, 0.002399999998907525588 ) ) ;
#4559 = CARTESIAN_POINT ( 'NONE',  ( 0.002683012700000000916, 0.001111340248359256279, 0.009099999998907527116 ) ) ;
#4561 = CARTESIAN_POINT ( 'NONE',  ( 0.002249999999999999830, 0.000000000000000000, 0.007799999997815051239 ) ) ;
#4560 = DIRECTION ( 'NONE',  ( -0.000000000000000000, -0.000000000000000000, -1.000000000000000000 ) ) ;
#4562 = CARTESIAN_POINT ( 'NONE',  ( 0.002249999999999999830, 0.000000000000000000, 0.01499999999781505104 ) ) ;
#4563 = DIRECTION ( 'NONE',  ( -1.000000000000000000, 0.000000000000000000, 0.000000000000000000 ) ) ;
#4564 = CARTESIAN_POINT ( 'NONE',  ( 0.002683012700000000049, -0.001111340248359258013, 0.0009999999989075251689 ) ) ;
#4565 = CARTESIAN_POINT ( 'NONE',  ( 0.001111340248359257146, -0.002683012700000000049, 0.0008999999989075253403 ) ) ;
#4566 = CARTESIAN_POINT ( 'NONE',  ( 1.642871457563348924E-19, 0.002683012700000000049, 0.009349999998907525603 ) ) ;
#4567 = CARTESIAN_POINT ( 'NONE',  ( 0.000000000000000000, 0.000000000000000000, 0.03100000000000000325 ) ) ;
#4568 = LINE ( 'NONE', #1540, #539 ) ;
#4569 = CARTESIAN_POINT ( 'NONE',  ( -0.002683012700000000049, 3.285742915126697848E-19, 0.007949999998907525400 ) ) ;
#4570 = CARTESIAN_POINT ( 'NONE',  ( -0.001111340248359257796, -0.002683012700000000049, 0.003199999998907525085 ) ) ;
#4571 = ORIENTED_EDGE ( 'NONE', *, *, #4323, .F. ) ;
#4572 = ORIENTED_EDGE ( 'NONE', *, *, #1592, .T. ) ;
#4573 = VERTEX_POINT ( 'NONE', #4556 ) ;
#4574 = ORIENTED_EDGE ( 'NONE', *, *, #2608, .T. ) ;
#4575 = CARTESIAN_POINT ( 'NONE',  ( -0.001111340248359257796, -0.002683012700000000049, 0.01439999999890752627 ) ) ;
#4576 = CARTESIAN_POINT ( 'NONE',  ( -0.001590990257669731714, 0.001590990257669731931, 0.008099999997815051159 ) ) ;
#4577 = CARTESIAN_POINT ( 'NONE',  ( -0.002683012700000000916, -0.001111340248359255845, 0.01039999999890752445 ) ) ;
#4578 = CARTESIAN_POINT ( 'NONE',  ( 1.377727649040772196E-19, 0.002249999999999999830, 0.01540000000000000049 ) ) ;
#4579 = CARTESIAN_POINT ( 'NONE',  ( 0.002249999999999999830, -0.0009319805153394653333, 0.007950000000000000469 ) ) ;
#4580 = CARTESIAN_POINT ( 'NONE',  ( -0.002250000000000003299, 0.0009319805153394611049, 0.002750000000000000274 ) ) ;
#4581 = CARTESIAN_POINT ( 'NONE',  ( 0.002250000000000000697, 0.0009319805153394639238, 0.004649999997815050350 ) ) ;
#4582 = CARTESIAN_POINT ( 'NONE',  ( -0.0009319805153394651164, -0.002249999999999999830, 0.003750000000000000295 ) ) ;
#4583 = CARTESIAN_POINT ( 'NONE',  ( 0.002683012700000000049, 0.000000000000000000, 0.001049999998907525300 ) ) ;
#4584 = CARTESIAN_POINT ( 'NONE',  ( -0.001897176474179627838, 0.001897176474179628272, 0.001449999998907525265 ) ) ;
#4585 = CARTESIAN_POINT ( 'NONE',  ( -0.002683012700000000916, 0.001111340248359256495, 0.01099999999890752603 ) ) ;
#4586 = CARTESIAN_POINT ( 'NONE',  ( 0.002249999999999999830, 2.755455298081544393E-19, 0.01799999999999999864 ) ) ;
#4587 = CYLINDRICAL_SURFACE ( 'NONE', #1523, 0.002249999999999999830 ) ;
#4588 = CARTESIAN_POINT ( 'NONE',  ( -0.0009319805153394651164, -0.002249999999999999830, 0.004349999997815050430 ) ) ;
#4589 = CARTESIAN_POINT ( 'NONE',  ( -0.002683012700000000049, 3.285742915126697848E-19, 0.0006499999989075252267 ) ) ;
#4590 = DIRECTION ( 'NONE',  ( -0.8660254037844385966, -0.000000000000000000, -0.5000000000000001110 ) ) ;
#4591 =( BOUNDED_CURVE ( )  B_SPLINE_CURVE ( 2, ( #4630, #2782, #2029, #2694, #3079, #4215, #3514, #1250, #4189 ),
 .UNSPECIFIED., .F., .F. ) 
 B_SPLINE_CURVE_WITH_KNOTS ( ( 3, 2, 2, 2, 3 ),
 ( 0.5500000000000000444, 0.5562500000000000222, 0.5625000000000001110, 0.5687500000000000888, 0.5750000000000000666 ),
 .UNSPECIFIED. ) 
 CURVE ( )  GEOMETRIC_REPRESENTATION_ITEM ( )  RATIONAL_B_SPLINE_CURVE ( ( 1.000000000000000000, 0.9238795325112867385, 1.000000000000000000, 0.9238795325112867385, 1.000000000000000000, 0.9238795325112867385, 1.000000000000000000, 0.9238795325112854062, 1.000000000000001332 ) ) 
 REPRESENTATION_ITEM ( '' )  );
#4592 = CARTESIAN_POINT ( 'NONE',  ( -0.001897176474179628489, -0.001897176474179627838, 0.008049999998907524795 ) ) ;
#4593 = CARTESIAN_POINT ( 'NONE',  ( -0.002249999999999999830, 2.755455298081544393E-19, 0.003600000000000000335 ) ) ;
#4594 = CARTESIAN_POINT ( 'NONE',  ( 0.002249999999999999830, 0.000000000000000000, 0.003200000000000000153 ) ) ;
#4595 = CARTESIAN_POINT ( 'NONE',  ( 0.001897176474179628272, 0.001897176474179628272, 0.01004999999890752484 ) ) ;
#4596 = CARTESIAN_POINT ( 'NONE',  ( -0.002683012700000000049, 3.285742915126697848E-19, 0.006249999998907525278 ) ) ;
#4597 = CARTESIAN_POINT ( 'NONE',  ( 0.001111340248359257146, -0.002683012700000000049, 0.01609999999890752639 ) ) ;
#4598 = CARTESIAN_POINT ( 'NONE',  ( -0.001897176474179628489, -0.001897176474179627838, 0.01524999999890752460 ) ) ;
#4599 = CARTESIAN_POINT ( 'NONE',  ( -0.001111340248359256062, 0.002683012700000000916, 0.0005999999989075252040 ) ) ;
#4600 = CARTESIAN_POINT ( 'NONE',  ( -0.002250000000000000697, 0.0009319805153394642491, 0.009950000000000000511 ) ) ;
#4601 = VERTEX_POINT ( 'NONE', #3578 ) ;
#4602 = CARTESIAN_POINT ( 'NONE',  ( 0.002683012700000000049, 0.000000000000000000, 0.01474999999890752589 ) ) ;
#4603 = CARTESIAN_POINT ( 'NONE',  ( 0.0009319805153394645743, -0.002249999999999999830, 0.01025000000000000216 ) ) ;
#4604 = CARTESIAN_POINT ( 'NONE',  ( -0.002683012700000000916, -0.001111340248359255845, 0.0007999999989075252949 ) ) ;
#4605 = CARTESIAN_POINT ( 'NONE',  ( 0.001897176474179628272, 0.001897176474179628272, 0.01154999999890752617 ) ) ;
#4606 = CARTESIAN_POINT ( 'NONE',  ( 0.002249999999999999830, 2.755455298081544393E-19, 0.01799999999999999864 ) ) ;
#4607 = EDGE_CURVE ( 'NONE', #3065, #917, #4655, .T. ) ;
#4608 = CYLINDRICAL_SURFACE ( 'NONE', #2300, 0.002249999999999999830 ) ;
#4609 = CARTESIAN_POINT ( 'NONE',  ( 1.377727649040772196E-19, 0.002249999999999999830, 0.001000000000000000021 ) ) ;
#4610 = CARTESIAN_POINT ( 'NONE',  ( -0.002683012700000000916, 0.001111340248359256495, 0.0005999999989075252040 ) ) ;
#4611 = ADVANCED_FACE ( 'NONE', ( #2845 ), #2092, .F. ) ;
#4612 = CARTESIAN_POINT ( 'NONE',  ( -0.002683012700000000049, 3.285742915126697848E-19, 0.009549999998907524393 ) ) ;
#4613 = CARTESIAN_POINT ( 'NONE',  ( -0.0009319805153394637070, 0.002250000000000000697, 0.005649999997815051238 ) ) ;
#4614 = VECTOR ( 'NONE', #2597, 1.000000000000000000 ) ;
#4615 = CARTESIAN_POINT ( 'NONE',  ( -4.133182947122316589E-19, -0.002249999999999999830, 0.003000000000000000062 ) ) ;
#4616 = CARTESIAN_POINT ( 'NONE',  ( 0.001897176474179627622, -0.001897176474179628489, 0.006549999998907525198 ) ) ;
#4617 = ORIENTED_EDGE ( 'NONE', *, *, #4251, .T. ) ;
#4618 = CARTESIAN_POINT ( 'NONE',  ( -0.002683012700000000049, 3.285742915126697848E-19, 0.01424999999890752544 ) ) ;
#4619 = CARTESIAN_POINT ( 'NONE',  ( 1.642871457563348924E-19, 0.002683012700000000049, 0.01414999999890752605 ) ) ;
#4620 = LINE ( 'NONE', #513, #3300 ) ;
#4621 = VECTOR ( 'NONE', #1893, 1.000000000000000000 ) ;
#4622 = CARTESIAN_POINT ( 'NONE',  ( -0.001590990257669732148, -0.001590990257669731714, 0.01250000000000000069 ) ) ;
#4623 = EDGE_CURVE ( 'NONE', #2200, #3065, #1410, .T. ) ;
#4624 = CARTESIAN_POINT ( 'NONE',  ( -4.928614372690046772E-19, -0.002683012700000000049, 0.01454999999890752536 ) ) ;
#4625 = CARTESIAN_POINT ( 'NONE',  ( -0.002249999999999999830, 2.755455298081544393E-19, 0.006000000000000000125 ) ) ;
#4626 = CARTESIAN_POINT ( 'NONE',  ( -0.002249999999999999830, 2.755455298081544393E-19, 0.006000000000000000125 ) ) ;
#4627 = CARTESIAN_POINT ( 'NONE',  ( -0.001111340248359257796, -0.002683012700000000049, 0.006499999998907525500 ) ) ;
#4628 = CARTESIAN_POINT ( 'NONE',  ( 0.002683012700000000049, 0.000000000000000000, 0.01064999999890752641 ) ) ;
#4629 = CARTESIAN_POINT ( 'NONE',  ( -0.001590990257669732148, -0.001590990257669731714, 0.002100000000000000304 ) ) ;
#4630 = CARTESIAN_POINT ( 'NONE',  ( 0.002249999999999999830, 0.000000000000000000, 0.008800000000000000530 ) ) ;
#4631 = LINE ( 'NONE', #2054, #2293 ) ;
#4632 = CARTESIAN_POINT ( 'NONE',  ( -0.0009319805153394637070, 0.002250000000000000697, 0.01604999999781505163 ) ) ;
#4633 = CARTESIAN_POINT ( 'NONE',  ( 0.001111340248359256495, 0.002683012700000000916, 0.001999999998907525407 ) ) ;
#4634 = CARTESIAN_POINT ( 'NONE',  ( -0.002250000000000006335, 0.0009319805153394578523, 0.008149999997815050856 ) ) ;
#4635 = CARTESIAN_POINT ( 'NONE',  ( -0.002683012700000000916, 0.001111340248359256495, 0.01029999999890752506 ) ) ;
#4636 = CARTESIAN_POINT ( 'NONE',  ( -0.001590990257669731714, 0.001590990257669731931, 0.001899999999999999996 ) ) ;
#4637 = CARTESIAN_POINT ( 'NONE',  ( 0.001111340248359256495, 0.002683012700000000916, 0.005199999998907525560 ) ) ;
#4638 = EDGE_LOOP ( 'NONE', ( #3066, #107, #1764, #2940 ) ) ;
#4639 = CARTESIAN_POINT ( 'NONE',  ( -0.002683012700000000916, 0.001111340248359256495, 0.0006999999989075252494 ) ) ;
#4640 = CARTESIAN_POINT ( 'NONE',  ( -0.001897176474179627838, 0.001897176474179628272, 0.01424999999890752544 ) ) ;
#4641 = CARTESIAN_POINT ( 'NONE',  ( -0.001111340248359257796, -0.002683012700000000049, 0.002499999998907525417 ) ) ;
#4642 = CARTESIAN_POINT ( 'NONE',  ( 0.0009319805153394640322, 0.002250000000000000697, 0.01295000000000000144 ) ) ;
#4643 = ORIENTED_EDGE ( 'NONE', *, *, #1185, .T. ) ;
#4644 = CARTESIAN_POINT ( 'NONE',  ( -0.001111340248359256062, 0.002683012700000000916, 0.01259999999890752502 ) ) ;
#4645 = CARTESIAN_POINT ( 'NONE',  ( -0.0009319805153394651164, -0.002249999999999999830, 0.005350000000000000588 ) ) ;
#4646 = CARTESIAN_POINT ( 'NONE',  ( -0.002249999999999999830, 0.0009319805153394646827, 0.0009499999978150505111 ) ) ;
#4647 = CARTESIAN_POINT ( 'NONE',  ( 1.642871457563348924E-19, 0.002683012700000000049, 0.006149999998907525883 ) ) ;
#4648 = CARTESIAN_POINT ( 'NONE',  ( -0.001111340248359256062, 0.002683012700000000916, 0.01489999999890752672 ) ) ;
#4649 = CARTESIAN_POINT ( 'NONE',  ( -0.002250000000000000697, -0.0009319805153394634901, 0.004449999999999999963 ) ) ;
#4650 = ORIENTED_EDGE ( 'NONE', *, *, #1132, .F. ) ;
#4651 = CARTESIAN_POINT ( 'NONE',  ( 0.001590990257669731497, -0.001590990257669732148, 0.01649999999781505064 ) ) ;
#4652 = CARTESIAN_POINT ( 'NONE',  ( 0.001590990257669731497, -0.001590990257669732148, 0.0006999999999999999929 ) ) ;
#4653 = CARTESIAN_POINT ( 'NONE',  ( 0.001897176474179628272, 0.001897176474179628272, 0.001149999998907525346 ) ) ;
#4654 = CARTESIAN_POINT ( 'NONE',  ( -0.001111340248359256062, 0.002683012700000000916, 0.001299999998907525305 ) ) ;
#4655 =( BOUNDED_CURVE ( )  B_SPLINE_CURVE ( 2, ( #3890, #4235, #3871, #577, #937, #2466, #3533, #1665, #4625 ),
 .UNSPECIFIED., .F., .T. ) 
 B_SPLINE_CURVE_WITH_KNOTS ( ( 3, 2, 2, 2, 3 ),
 ( 0.3500000000000000333, 0.3562500000000000666, 0.3625000000000000444, 0.3687500000000000222, 0.3750000000000000000 ),
 .UNSPECIFIED. ) 
 CURVE ( )  GEOMETRIC_REPRESENTATION_ITEM ( )  RATIONAL_B_SPLINE_CURVE ( ( 0.9999999999999993339, 0.9238795325112874046, 1.000000000000000000, 0.9238795325112867385, 1.000000000000000000, 0.9238795325112867385, 1.000000000000000000, 0.9238795325112867385, 1.000000000000000000 ) ) 
 REPRESENTATION_ITEM ( '' )  );
#4656 = CARTESIAN_POINT ( 'NONE',  ( -0.002683012700000000916, 0.001111340248359256495, 0.007899999998907525703 ) ) ;
#4657 = CARTESIAN_POINT ( 'NONE',  ( -0.001590990257669731714, 0.001590990257669731931, 0.01049999999781505051 ) ) ;
#4658 = CARTESIAN_POINT ( 'NONE',  ( 0.002249999999999999830, 0.000000000000000000, 0.005399999997815051016 ) ) ;
#4659 = CARTESIAN_POINT ( 'NONE',  ( -0.001590990257669731714, 0.001590990257669731931, 0.005100000000000000366 ) ) ;
#4660 = SHAPE_DEFINITION_REPRESENTATION ( #4299, #4319 ) ;
#4661 = CARTESIAN_POINT ( 'NONE',  ( -4.928614372690046772E-19, -0.002683012700000000049, 0.006449999998907525803 ) ) ;
#4662 = CARTESIAN_POINT ( 'NONE',  ( -0.001897176474179628489, -0.001897176474179627838, 0.01354999999890752621 ) ) ;
#4663 = CARTESIAN_POINT ( 'NONE',  ( 0.002683012700000000049, -0.001111340248359258013, 0.01629999999890752865 ) ) ;
#4664 = CARTESIAN_POINT ( 'NONE',  ( -4.928614372690046772E-19, -0.002683012700000000049, 0.002549999998907525114 ) ) ;
#4665 = CARTESIAN_POINT ( 'NONE',  ( 0.002249999999999999830, 0.000000000000000000, 0.01119999999999999989 ) ) ;
#4666 = CARTESIAN_POINT ( 'NONE',  ( 0.002250000000000005902, -0.0009319805153394590449, 0.006149999997815050815 ) ) ;
#4667 = EDGE_CURVE ( 'NONE', #1086, #2125, #1023, .T. ) ;
#4668 = CARTESIAN_POINT ( 'NONE',  ( -0.001897176474179628489, -0.001897176474179627838, 0.01284999999890752524 ) ) ;
#4669 = CARTESIAN_POINT ( 'NONE',  ( -4.133182947122316589E-19, -0.002249999999999999830, 0.007000000000000000146 ) ) ;
#4670 = CARTESIAN_POINT ( 'NONE',  ( -0.002683012700000000916, 0.001111340248359256495, 0.003899999998907525620 ) ) ;
#4671 = CARTESIAN_POINT ( 'NONE',  ( -0.002683012700000000049, 3.285742915126697848E-19, 0.01344999999890752508 ) ) ;
#4672 = CARTESIAN_POINT ( 'NONE',  ( -4.133182947122316589E-19, -0.002249999999999999830, 0.002200000000000000133 ) ) ;
#4673 = ORIENTED_EDGE ( 'NONE', *, *, #911, .T. ) ;
#4674 = CARTESIAN_POINT ( 'NONE',  ( 0.002249999999999999830, 2.755455298081544393E-19, 0.01799999999999999864 ) ) ;
#4675 = CARTESIAN_POINT ( 'NONE',  ( -0.002249999999999999830, 0.000000000000000000, 0.01799999999999999864 ) ) ;
#4676 = CARTESIAN_POINT ( 'NONE',  ( -0.002683012700000000049, 3.285742915126697848E-19, 0.003049999998907525125 ) ) ;
#4677 = CARTESIAN_POINT ( 'NONE',  ( -0.002683012700000000916, 0.001111340248359256495, 0.002999999998907525427 ) ) ;
#4678 = CARTESIAN_POINT ( 'NONE',  ( 1.642871457563348924E-19, 0.002683012700000000049, 0.01254999999890752532 ) ) ;
#4679 = ADVANCED_FACE ( 'NONE', ( #3911 ), #247, .F. ) ;
#4680 = CARTESIAN_POINT ( 'NONE',  ( -0.002683012700000000916, 0.001111340248359256495, 0.01349999999890752478 ) ) ;
#4681 = CARTESIAN_POINT ( 'NONE',  ( 0.001590990257669731497, -0.001590990257669732148, 0.01169999999781505019 ) ) ;
#4682 = CARTESIAN_POINT ( 'NONE',  ( 0.000000000000000000, 0.000000000000000000, 0.01799999999999999864 ) ) ;
#4683 = CARTESIAN_POINT ( 'NONE',  ( -0.0009319805153394637070, 0.002250000000000000697, 0.005050000000000000669 ) ) ;
#4684 = CARTESIAN_POINT ( 'NONE',  ( -0.002683012700000000049, 3.285742915126697848E-19, 0.007049999998907525642 ) ) ;
#4685 = VERTEX_POINT ( 'NONE', #296 ) ;
#4686 = ORIENTED_EDGE ( 'NONE', *, *, #607, .T. ) ;
#4687 = AXIS2_PLACEMENT_3D ( 'NONE', #582, #1557, #2031 ) ;
#4688 = CARTESIAN_POINT ( 'NONE',  ( 0.002683012700000000049, 0.000000000000000000, 0.002749999998907525639 ) ) ;
#4689 = CARTESIAN_POINT ( 'NONE',  ( -0.001897176474179628489, -0.001897176474179627838, 0.01444999999890752597 ) ) ;
#4690 = CARTESIAN_POINT ( 'NONE',  ( -0.002683012700000000916, -0.001111340248359255845, 0.003199999998907525518 ) ) ;
#4691 = CARTESIAN_POINT ( 'NONE',  ( -0.002249999999999999830, 2.755455298081544393E-19, 0.01240000000000000130 ) ) ;
#4692 = EDGE_CURVE ( 'NONE', #4199, #2588, #2370, .T. ) ;
#4693 = CARTESIAN_POINT ( 'NONE',  ( 0.002250000000000000697, 0.0009319805153394639238, 0.002249999997815050126 ) ) ;
#4694 = CARTESIAN_POINT ( 'NONE',  ( -0.002249999999999999830, 2.755455298081544393E-19, 0.006800000000000000488 ) ) ;
#4695 = VECTOR ( 'NONE', #4302, 1.000000000000000000 ) ;
#4696 = CARTESIAN_POINT ( 'NONE',  ( -0.002683012700000000916, -0.001111340248359255845, 0.004799999998907525378 ) ) ;
#4697 = CARTESIAN_POINT ( 'NONE',  ( -0.002683012700000000916, 0.001111340248359256495, 0.01259999999890752502 ) ) ;
#4698 = CARTESIAN_POINT ( 'NONE',  ( -0.002250000000000000697, -0.0009319805153394634901, 0.002050000000000000173 ) ) ;
#4699 = EDGE_CURVE ( 'NONE', #722, #3214, #2046, .T. ) ;
#4700 = ORIENTED_EDGE ( 'NONE', *, *, #1751, .T. ) ;
#4701 = DIRECTION ( 'NONE',  ( 0.000000000000000000, 0.000000000000000000, 1.000000000000000000 ) ) ;
#4702 = CARTESIAN_POINT ( 'NONE',  ( 0.002683012700000000916, 0.001111340248359256279, 0.004299999998907524934 ) ) ;
#4703 = CARTESIAN_POINT ( 'NONE',  ( 1.642871457563348924E-19, 0.002683012700000000049, 0.001249999998907525174 ) ) ;
#4704 = CARTESIAN_POINT ( 'NONE',  ( -0.001111340248359256062, 0.002683012700000000916, 0.01179999999890752292 ) ) ;
#4705 = ORIENTED_EDGE ( 'NONE', *, *, #1537, .F. ) ;
#4706 = CARTESIAN_POINT ( 'NONE',  ( -0.002683012700000000916, 0.001111340248359256495, 0.01109999999890752542 ) ) ;
#4707 = CARTESIAN_POINT ( 'NONE',  ( 0.001590990257669731931, 0.001590990257669731931, 0.01269999999781505108 ) ) ;
#4708 = CARTESIAN_POINT ( 'NONE',  ( -0.002249999999999999830, 2.755455298081544393E-19, 0.009199999999999999845 ) ) ;
#4709 = FACE_OUTER_BOUND ( 'NONE', #155, .T. ) ;
#4710 = CARTESIAN_POINT ( 'NONE',  ( -0.002683012700000000916, -0.001111340248359255845, 0.008699999998907526066 ) ) ;
#4711 = CARTESIAN_POINT ( 'NONE',  ( -0.001111340248359256062, 0.002683012700000000916, 0.002999999998907524994 ) ) ;
#4712 =( BOUNDED_CURVE ( )  B_SPLINE_CURVE ( 2, ( #2250, #797, #1128, #469, #775, #2227, #817, #2649, #4090 ),
 .UNSPECIFIED., .F., .F. ) 
 B_SPLINE_CURVE_WITH_KNOTS ( ( 3, 2, 2, 2, 3 ),
 ( 0.6750000000000000444, 0.6812500000000000222, 0.6875000000000001110, 0.6937500000000000888, 0.7000000000000000666 ),
 .UNSPECIFIED. ) 
 CURVE ( )  GEOMETRIC_REPRESENTATION_ITEM ( )  RATIONAL_B_SPLINE_CURVE ( ( 1.000000000000000000, 0.9238795325112867385, 1.000000000000000000, 0.9238795325112867385, 1.000000000000000000, 0.9238795325112867385, 1.000000000000000000, 0.9238795325112854062, 1.000000000000001332 ) ) 
 REPRESENTATION_ITEM ( '' )  );
#4713 = CARTESIAN_POINT ( 'NONE',  ( 0.000000000000000000, 0.000000000000000000, 0.01799999999999999864 ) ) ;
#4714 = CARTESIAN_POINT ( 'NONE',  ( 0.002683012700000000916, 0.001111340248359256279, 0.002799999998907524903 ) ) ;
#4715 = CARTESIAN_POINT ( 'NONE',  ( -0.001590990257669731714, 0.001590990257669731931, 0.01230000000000000017 ) ) ;
#4716 = CARTESIAN_POINT ( 'NONE',  ( 0.001111340248359257146, -0.002683012700000000049, 0.005699999998907526004 ) ) ;
#4717 = CARTESIAN_POINT ( 'NONE',  ( 0.001590990257669731931, 0.001590990257669731931, 0.003099999997815050187 ) ) ;
#4718 = CARTESIAN_POINT ( 'NONE',  ( -0.0009319805153394651164, -0.002249999999999999830, 0.005949999997815051157 ) ) ;
#4719 = CARTESIAN_POINT ( 'NONE',  ( -0.002249999999999994192, -0.0009319805153394696701, 0.006850000000000000186 ) ) ;
#4720 = CARTESIAN_POINT ( 'NONE',  ( -0.002683012700000000916, -0.001111340248359255845, 0.005599999998907525742 ) ) ;
#4721 = CARTESIAN_POINT ( 'NONE',  ( -4.928614372690046772E-19, -0.002683012700000000049, 0.01364999999890752561 ) ) ;
#4722 = CARTESIAN_POINT ( 'NONE',  ( -0.002250000000000000697, -0.0009319805153394634901, 0.002850000000000000103 ) ) ;
#4723 = ORIENTED_EDGE ( 'NONE', *, *, #1895, .T. ) ;
#4724 = DIRECTION ( 'NONE',  ( -0.000000000000000000, -0.000000000000000000, -1.000000000000000000 ) ) ;
#4725 = CARTESIAN_POINT ( 'NONE',  ( -0.001590990257669732148, -0.001590990257669731714, 0.002699999997815050873 ) ) ;
#4726 = CARTESIAN_POINT ( 'NONE',  ( 0.001897176474179628272, 0.001897176474179628272, 0.005149999998907524995 ) ) ;
#4727 = CARTESIAN_POINT ( 'NONE',  ( -0.002683012700000000916, -0.001111340248359255845, 0.001499999998907525179 ) ) ;
#4728 = CARTESIAN_POINT ( 'NONE',  ( -0.001590990257669732148, -0.001590990257669731714, 0.007499999997815051320 ) ) ;
#4729 = CARTESIAN_POINT ( 'NONE',  ( 0.001897176474179628272, 0.001897176474179628272, 0.01164999999890752556 ) ) ;
#4730 = EDGE_LOOP ( 'NONE', ( #2702, #4700 ) ) ;
#4731 = CARTESIAN_POINT ( 'NONE',  ( 1.642871457563348924E-19, 0.002683012700000000049, 0.01174999999890752496 ) ) ;
#4732 = CARTESIAN_POINT ( 'NONE',  ( -0.002250000000000000697, 0.0009319805153394642491, 0.01054999999781505195 ) ) ;
#4733 = CARTESIAN_POINT ( 'NONE',  ( 0.002249999999999999830, 0.000000000000000000, 0.008000000000000000167 ) ) ;
#4734 = CARTESIAN_POINT ( 'NONE',  ( 0.0009319805153394640322, 0.002250000000000000697, 0.0001500000000000000140 ) ) ;
#4735 = CARTESIAN_POINT ( 'NONE',  ( -0.002683012700000000916, -0.001111340248359255845, 0.01029999999890752506 ) ) ;
#4736 = CARTESIAN_POINT ( 'NONE',  ( 0.001111340248359256495, 0.002683012700000000916, 0.002099999998907525235 ) ) ;
#4737 = CARTESIAN_POINT ( 'NONE',  ( -0.001590990257669731714, 0.001590990257669731931, 0.01149999999999999981 ) ) ;
#4738 = CARTESIAN_POINT ( 'NONE',  ( -0.001111340248359257796, -0.002683012700000000049, 0.001699999998907525270 ) ) ;
#4739 = CARTESIAN_POINT ( 'NONE',  ( 0.001111340248359256495, 0.002683012700000000916, 0.0003999999989075252757 ) ) ;
#4740 = CARTESIAN_POINT ( 'NONE',  ( -0.002683012700000000916, 0.001111340248359256495, 0.006199999998907525581 ) ) ;
#4741 =( BOUNDED_CURVE ( )  B_SPLINE_CURVE ( 2, ( #4113, #2628, #1482, #2962, #67, #4460, #4436, #445, #3685 ),
 .UNSPECIFIED., .F., .T. ) 
 B_SPLINE_CURVE_WITH_KNOTS ( ( 3, 2, 2, 2, 3 ),
 ( 0.2750000000000000222, 0.2812500000000000000, 0.2875000000000000333, 0.2937500000000000666, 0.3000000000000000444 ),
 .UNSPECIFIED. ) 
 CURVE ( )  GEOMETRIC_REPRESENTATION_ITEM ( )  RATIONAL_B_SPLINE_CURVE ( ( 1.000000000000000000, 0.9238795325112867385, 1.000000000000000000, 0.9238795325112867385, 1.000000000000000000, 0.9238795325112867385, 1.000000000000000000, 0.9238795325112860723, 1.000000000000000666 ) ) 
 REPRESENTATION_ITEM ( '' )  );
#4742 = EDGE_LOOP ( 'NONE', ( #4451, #1846, #183, #1617 ) ) ;
#4743 = CARTESIAN_POINT ( 'NONE',  ( 0.001590990257669731931, 0.001590990257669731931, 0.001499999997815050327 ) ) ;
#4744 = CARTESIAN_POINT ( 'NONE',  ( -4.133182947122316589E-19, -0.002249999999999999830, 0.005999999997815050855 ) ) ;
#4745 = CARTESIAN_POINT ( 'NONE',  ( 0.0009319805153394645743, -0.002249999999999999830, 0.01324999999781504775 ) ) ;
#4746 = CARTESIAN_POINT ( 'NONE',  ( -0.001897176474179628489, -0.001897176474179627838, 0.008849999998907525159 ) ) ;
#4747 = CARTESIAN_POINT ( 'NONE',  ( -0.001111340248359257796, -0.002683012700000000049, 0.01519999999890752664 ) ) ;
#4748 = CARTESIAN_POINT ( 'NONE',  ( 0.002249999999999999830, -0.0009319805153394653333, 0.007150000000000000105 ) ) ;
#4749 = ORIENTED_EDGE ( 'NONE', *, *, #356, .F. ) ;
#4750 = MANIFOLD_SOLID_BREP ( 'Gewinde1', #1445 ) ;
#4751 = CARTESIAN_POINT ( 'NONE',  ( 0.001897176474179628272, 0.001897176474179628272, 0.01554999999890752625 ) ) ;
#4752 = DIRECTION ( 'NONE',  ( -1.000000000000000000, 0.000000000000000000, 0.000000000000000000 ) ) ;
#4753 = CARTESIAN_POINT ( 'NONE',  ( -0.002250000000000000697, 0.0009319805153394642491, 0.01235000000000000334 ) ) ;
#4754 = CARTESIAN_POINT ( 'NONE',  ( 0.001897176474179627622, -0.001897176474179628489, 0.004149999998907525842 ) ) ;
#4755 = ORIENTED_EDGE ( 'NONE', *, *, #3310, .T. ) ;
ENDSEC;
END-ISO-10303-21;
